date,price
2018-01-01,15321.932851764
2018-01-02,15583.885537759
2018-01-03,15976.365194174
2018-01-04,18336.922980169
2018-01-05,18343.662493407
2018-01-06,17039.873913849
2018-01-07,15900.365021601
2018-01-08,15604.72340824
2018-01-09,15509.270126817
2018-01-10,14050.569606354
2018-01-11,14759.294629915
2018-01-12,15193.314897985
2018-01-13,14476.588971369
2018-01-14,14411.997706918
2018-01-15,11723.913520666
2018-01-16,11415.392844277
2018-01-17,11569.424992086
2018-01-18,11758.469332765
2018-01-19,13260.271187279
2018-01-20,11703.50486286
2018-01-21,10991.59501308
2018-01-22,10894.00090534
2018-01-23,11277.115970449
2018-01-24,11225.254456885
2018-01-25,11044.907236574
2018-01-26,11456.21350628
2018-01-27,11665.696930085
2018-01-28,11157.663887898
2018-01-29,11095.210689127
2018-01-30,9989.689776597
2018-01-31,10114.495086226
2018-02-01,9070.555449374
2018-02-02,8830.163510055
2018-02-03,8994.914866077
2018-02-04,8315.517491436
2018-02-05,6852.052700515
2018-02-06,7711.220328941
2018-02-07,7611.610277789
2018-02-08,8208.572084497
2018-02-09,8650.71675043
2018-02-10,8574.67763849
2018-02-11,8168.6377798
2018-02-12,8911.398574208
2018-02-13,8518.269076191
2018-02-14,9428.025607162
2018-02-15,10112.580143447
2018-02-16,10155.277055526
2018-02-17,11006.647685962
2018-02-18,10523.429305801
2018-02-19,11103.09003615
2018-02-20,11502.37704964
2018-02-21,9973.592119519
2018-02-22,10032.863112314
2018-02-23,10301.883609336
2018-02-24,9742.628190065
2018-02-25,9699.517181515
2018-02-26,10355.578126486
2018-02-27,10709.388431046
2018-02-28,10346.664931035
2018-03-01,10859.552194389
2018-03-02,11098.075809251
2018-03-03,11356.041601672
2018-03-04,11286.676289169
2018-03-05,11526.420930291
2018-03-06,10727.716249205
2018-03-07,9999.682486047
2018-03-08,9420.854889586
2018-03-09,9276.33759031
2018-03-10,8890.865803996
2018-03-11,9512.456112861
2018-03-12,9232.7058798
2018-03-13,9216.530976268
2018-03-14,8307.223386266
2018-03-15,8359.365283341
2018-03-16,8520.008159172
2018-03-17,8063.409792123
2018-03-18,8217.842199961
2018-03-19,8640.521430243
2018-03-20,8926.8204962
2018-03-21,8970.317906279
2018-03-22,8736.385769098
2018-03-23,8824.592831779
2018-03-24,8621.150792258
2018-03-25,8478.638195589
2018-03-26,8186.196062814
2018-03-27,7836.763044253
2018-03-28,7930.779540928
2018-03-29,7126.895192567
2018-03-30,6897.268577869
2018-03-31,6975.275314021
2018-04-01,6836.572327297
2018-04-02,7080.417232313
2018-04-03,7464.356094067
2018-04-04,6845.315978269
2018-04-05,6855.422304607
2018-04-06,6628.754455856
2018-04-07,6884.47723506
2018-04-08,6984.808965974
2018-04-09,6778.491570077
2018-04-10,6829.316503795
2018-04-11,6925.101995477
2018-04-12,7836.396993999
2018-04-13,7845.752840106
2018-04-14,7897.719930858
2018-04-15,8258.067083698
2018-04-16,8030.999261953
2018-04-17,7873.635510103
2018-04-18,8097.418233103
2018-04-19,8277.460639163
2018-04-20,8499.450008715
2018-04-21,8878.428260297
2018-04-22,8769.011999473
2018-04-23,8881.391704345
2018-04-24,9716.489757331
2018-04-25,8825.202500069
2018-04-26,9221.868026184
2018-04-27,8940.381122007
2018-04-28,9249.659525089
2018-04-29,9325.628851047
2018-04-30,9198.189509973
2018-05-01,9024.387511777
2018-05-02,9122.65301383
2018-05-03,9551.135183816
2018-05-04,9634.538225972
2018-05-05,9766.244485489
2018-05-06,9583.871745501
2018-05-07,9308.265025722
2018-05-08,9149.517833147
2018-05-09,9248.960395584
2018-05-10,8969.940375743
2018-05-11,8405.560563242
2018-05-12,8480.580376126
2018-05-13,8683.986203143
2018-05-14,8696.974003873
2018-05-15,8473.348649054
2018-05-16,8343.125221695
2018-05-17,8056.053192375
2018-05-18,8202.825409552
2018-05-19,8180.627009914
2018-05-20,8443.260245915
2018-05-21,8354.996335917
2018-05-22,8009.299506783
2018-05-23,7556.316042921
2018-05-24,7563.435465443
2018-05-25,7472.022601749
2018-05-26,7328.871674364
2018-05-27,7326.643940179
2018-05-28,7111.06892467
2018-05-29,7451.230837265
2018-05-30,7380.85155771
2018-05-31,7460.166949866
2018-06-01,7487.076304538
2018-06-02,7567.512937619
2018-06-03,7639.879445683
2018-06-04,7463.654995545
2018-06-05,7569.011339885
2018-06-06,7605.578488608
2018-06-07,7613.777393378
2018-06-08,7561.166100525
2018-06-09,7415.001378589
2018-06-10,6767.499484549
2018-06-11,6880.133648756
2018-06-12,6581.828075228
2018-06-13,6334.098906426
2018-06-14,6644.720679738
2018-06-15,6406.80704951
2018-06-16,6478.81592433
2018-06-17,6418.850001887
2018-06-18,6677.533402912
2018-06-19,6708.681820275
2018-06-20,6714.37546123
2018-06-21,6690.832151608
2018-06-22,6088.579442391
2018-06-23,6169.437263862
2018-06-24,6159.707193794
2018-06-25,6241.848711705
2018-06-26,6069.872606166
2018-06-27,6117.036409623
2018-06-28,5879.988974406
2018-06-29,6182.256747923
2018-06-30,6366.499467511
2018-07-01,6312.877243131
2018-07-02,6595.547312808
2018-07-03,6497.607354942
2018-07-04,6562.721737121
2018-07-05,6537.740871622
2018-07-06,6603.294703965
2018-07-07,6759.836089145
2018-07-08,6700.635479052
2018-07-09,6648.256795903
2018-07-10,6303.380664729
2018-07-11,6373.23480469
2018-07-12,6230.590197105
2018-07-13,6248.397313034
2018-07-14,6246.137411626
2018-07-15,6349.695836711
2018-07-16,6741.691960285
2018-07-17,7303.373059796
2018-07-18,7334.771372076
2018-07-19,7442.800738748
2018-07-20,7331.871523239
2018-07-21,7379.137271822
2018-07-22,7395.86640544
2018-07-23,7704.995678905
2018-07-24,8422.373923351
2018-07-25,8144.553482042
2018-07-26,7929.079243603
2018-07-27,8145.333168121
2018-07-28,8192.135702237
2018-07-29,8197.593575814
2018-07-30,8185.921138302
2018-07-31,7738.249304586
2018-08-01,7612.300753683
2018-08-02,7540.633150617
2018-08-03,7411.666382484
2018-08-04,7009.012011794
2018-08-05,7036.609331273
2018-08-06,6926.116778774
2018-08-07,6711.732422359
2018-08-08,6259.527709668
2018-08-09,6531.249786737
2018-08-10,6166.590417502
2018-08-11,6205.218479945
2018-08-12,6318.407221774
2018-08-13,6283.996250582
2018-08-14,6212.226040056
2018-08-15,6267.768708774
2018-08-16,6309.385226219
2018-08-17,6566.715163377
2018-08-18,6382.060591408
2018-08-19,6475.494019667
2018-08-20,6242.882438401
2018-08-21,6467.27173031
2018-08-22,6336.656327109
2018-08-23,6521.065718269
2018-08-24,6684.379144207
2018-08-25,6736.036057516
2018-08-26,6728.288002629
2018-08-27,6911.09602895
2018-08-28,7075.983405105
2018-08-29,7046.748947281
2018-08-30,7024.145107182
2018-08-31,7027.631279402
2018-09-01,7211.270767869
2018-09-02,7305.272801004
2018-09-03,7260.897516648
2018-09-04,7359.462992923
2018-09-05,6764.926773778
2018-09-06,6498.27961261
2018-09-07,6397.81887024
2018-09-08,6181.194450752
2018-09-09,6260.764806062
2018-09-10,6308.135474617
2018-09-11,6278.917069629
2018-09-12,6330.574238023
2018-09-13,6486.461630394
2018-09-14,6500.012254617
2018-09-15,6530.221146235
2018-09-16,6506.248493217
2018-09-17,6250.121727323
2018-09-18,6347.069255452
2018-09-19,6383.753841158
2018-09-20,6491.885242277
2018-09-21,6753.83447214
2018-09-22,6747.03217296
2018-09-23,6711.029451816
2018-09-24,6596.187313046
2018-09-25,6441.311544543
2018-09-26,6462.795635292
2018-09-27,6704.70424573
2018-09-28,6634.765964573
2018-09-29,6606.073795422
2018-09-30,6626.037956098
2018-10-01,6598.841259755
2018-10-02,6524.607697915
2018-10-03,6499.262379115
2018-10-04,6578.701809285
2018-10-05,6621.18936392
2018-10-06,6589.124681679
2018-10-07,6584.832153053
2018-10-08,6653.08945083
2018-10-09,6633.745729917
2018-10-10,6582.455082387
2018-10-11,6234.367641454
2018-10-12,6285.5929828
2018-10-13,6314.883384423
2018-10-14,6328.554760034
2018-10-15,6659.875508409
2018-10-16,6635.125667517
2018-10-17,6635.741832488
2018-10-18,6517.511087711
2018-10-19,6483.827769472
2018-10-20,6532.678750384
2018-10-21,6529.670021371
2018-10-22,6512.589059299
2018-10-23,6472.799660642
2018-10-24,6481.443589558
2018-10-25,6458.191521837
2018-10-26,6468.826424966
2018-10-27,6457.058635187
2018-10-28,6481.323141668
2018-10-29,6292.647923934
2018-10-30,6331.78180791
2018-10-31,6366.720109554
2018-11-01,6379.972972168
2018-11-02,6425.44158304
2018-11-03,6388.189788307
2018-11-04,6351.061941056
2018-11-05,6415.443408541
2018-11-06,6474.847290337
2018-11-07,6574.80118029
2018-11-08,6490.454730762
2018-11-09,6413.782038572
2018-11-10,6429.898792074
2018-11-11,6434.284596926
2018-11-12,6411.353436205
2018-11-13,6394.289276264
2018-11-14,5788.612494047
2018-11-15,5686.541131058
2018-11-16,5609.956182334
2018-11-17,5599.191595689
2018-11-18,5638.861481452
2018-11-19,4889.197859239
2018-11-20,4450.711454418
2018-11-21,4613.448412184
2018-11-22,4307.388731717
2018-11-23,4376.904946802
2018-11-24,3895.836812959
2018-11-25,4039.836551137
2018-11-26,3811.923529266
2018-11-27,3832.924515901
2018-11-28,4267.243628991
2018-11-29,4279.475592549
2018-11-30,4009.689579826
2018-12-01,4189.573823
2018-12-02,4124.593548643
2018-12-03,3878.839234783
2018-12-04,3943.692812066
2018-12-05,3751.691966396
2018-12-06,3466.763863772
2018-12-07,3408.523617043
2018-12-08,3424.705860663
2018-12-09,3550.546433897
2018-12-10,3433.808440431
2018-12-11,3378.808778413
2018-12-12,3438.100073529
2018-12-13,3294.636156545
2018-12-14,3216.627149908
2018-12-15,3221.976203713
2018-12-16,3217.04683497
2018-12-17,3506.217013279
2018-12-18,3655.77504573
2018-12-19,3687.750553193
2018-12-20,4065.09723801
2018-12-21,3846.227497989
2018-12-22,3960.567773408
2018-12-23,3941.617740158
2018-12-24,4021.990255345
2018-12-25,3759.178426897
2018-12-26,3781.613081593
2018-12-27,3587.703880139
2018-12-28,3854.421096983
2018-12-29,3778.19393989
2018-12-30,3809.728228641
2018-12-31,3692.531565525
2019-01-01,3794.26425374
2019-01-02,3872.172184223
2019-01-03,3776.525807694
2019-01-04,3815.268079883
2019-01-05,3787.307857124
2019-01-06,4013.520091297
2019-01-07,3989.668717539
2019-01-08,3973.591254616
2019-01-09,3982.225912762
2019-01-10,3623.847729106
2019-01-11,3632.849306435
2019-01-12,3598.436346562
2019-01-13,3495.832311307
2019-01-14,3648.048285656
2019-01-15,3567.801243199
2019-01-16,3597.64732333
2019-01-17,3620.981281146
2019-01-18,3597.79325177
2019-01-19,3674.587270857
2019-01-20,3539.167531041
2019-01-21,3531.0041828
2019-01-22,3571.266908093
2019-01-23,3555.700002523
2019-01-24,3565.642004617
2019-01-25,3564.822417111
2019-01-26,3563.614563419
2019-01-27,3553.12168113
2019-01-28,3432.215668301
2019-01-29,3413.37548325
2019-01-30,3457.882649176
2019-01-31,3431.943637864
2019-02-01,3464.490147562
2019-02-02,3486.581616258
2019-02-03,3454.025843825
2019-02-04,3464.003508861
2019-02-05,3469.894677079
2019-02-06,3405.836861257
2019-02-07,3394.014652959
2019-02-08,3664.282102659
2019-02-09,3667.40826429
2019-02-10,3675.691629125
2019-02-11,3631.44453973
2019-02-12,3633.965046746
2019-02-13,3610.062273063
2019-02-14,3589.661829626
2019-02-15,3601.229191397
2019-02-16,3622.591653075
2019-02-17,3665.075530801
2019-02-18,3886.520200475
2019-02-19,3915.009971277
2019-02-20,3976.808906529
2019-02-21,3934.813593895
2019-02-22,3973.641322775
2019-02-23,4115.337926788
2019-02-24,3742.8689467
2019-02-25,3824.683504217
2019-02-26,3809.209774682
2019-02-27,3813.377891881
2019-02-28,3815.607607525
2019-03-01,3815.753939923
2019-03-02,3819.645730583
2019-03-03,3806.954273798
2019-03-04,3712.812457298
2019-03-05,3852.461665785
2019-03-06,3860.510762381
2019-03-07,3871.637247966
2019-03-08,3861.879307396
2019-03-09,3941.600873272
2019-03-10,3923.559788806
2019-03-11,3860.359230029
2019-03-12,3876.480852755
2019-03-13,3865.817782663
2019-03-14,3876.698708033
2019-03-15,3925.460579705
2019-03-16,4007.709463819
2019-03-17,3980.990104732
2019-03-18,3986.706894046
2019-03-19,4013.576969345
2019-03-20,4045.57263351
2019-03-21,3983.317781297
2019-03-22,3989.158491215
2019-03-23,4008.945386315
2019-03-24,3993.39490046
2019-03-25,3927.577296521
2019-03-26,3938.659743157
2019-03-27,4036.160917921
2019-03-28,4028.39130118
2019-03-29,4103.322859514
2019-03-30,4103.856421334
2019-03-31,4103.521738549
2019-04-01,4146.321927707
2019-04-02,4862.230427767
2019-04-03,4955.831824018
2019-04-04,4899.021553783
2019-04-05,5014.955826889
2019-04-06,5041.869075888
2019-04-07,5176.977883621
2019-04-08,5266.894776473
2019-04-09,5172.17526476
2019-04-10,5308.905683164
2019-04-11,5047.793162414
2019-04-12,5082.465152423
2019-04-13,5072.987191338
2019-04-14,5149.314492798
2019-04-15,5039.881017404
2019-04-16,5213.598376962
2019-04-17,5218.957150385
2019-04-18,5274.767013337
2019-04-19,5280.354444383
2019-04-20,5307.689183437
2019-04-21,5311.164840299
2019-04-22,5380.935789576
2019-04-23,5557.925727611
2019-04-24,5452.101753394
2019-04-25,5203.088598731
2019-04-26,5295.847320048
2019-04-27,5256.977802474
2019-04-28,5257.803249233
2019-04-29,5199.755008563
2019-04-30,5292.803974562
2019-05-01,5354.586800174
2019-05-02,5450.706620486
2019-05-03,5731.493099607
2019-05-04,5803.943309048
2019-05-05,5749.32378046
2019-05-06,5715.757135966
2019-05-07,5841.053771274
2019-05-08,5957.856732858
2019-05-09,6168.268996398
2019-05-10,6370.233758608
2019-05-11,7258.261280655
2019-05-12,6953.751388586
2019-05-13,7805.981649489
2019-05-14,7990.055553534
2019-05-15,8192.223138952
2019-05-16,7875.913199526
2019-05-17,7343.371457163
2019-05-18,7300.655158341
2019-05-19,8168.730689784
2019-05-20,7976.8517129
2019-05-21,7958.365526075
2019-05-22,7665.796853834
2019-05-23,7861.812792465
2019-05-24,7977.244882468
2019-05-25,8037.627431861
2019-05-26,8631.080577844
2019-05-27,8816.033914934
2019-05-28,8726.978110456
2019-05-29,8650.677405968
2019-05-30,8310.891063057
2019-05-31,8575.646353354
2019-06-01,8554.261728092
2019-06-02,8743.705469134
2019-06-03,8173.632761797
2019-06-04,7683.63626142
2019-06-05,7812.448854732
2019-06-06,7821.123897095
2019-06-07,8036.108159122
2019-06-08,7942.539284064
2019-06-09,7668.02962786
2019-06-10,8002.729982894
2019-06-11,7897.975476598
2019-06-12,8145.059098121
2019-06-13,8227.625725591
2019-06-14,8671.505388661
2019-06-15,8818.609506932
2019-06-16,8978.772587807
2019-06-17,9312.868294809
2019-06-18,9094.021746079
2019-06-19,9285.928674251
2019-06-20,9548.314565261
2019-06-21,10118.359455627
2019-06-22,10704.922148116
2019-06-23,10846.125099648
2019-06-24,11045.550419815
2019-06-25,11808.419904076
2019-06-26,12996.124342789
2019-06-27,11178.682998187
2019-06-28,12352.196865913
2019-06-29,11972.555667221
2019-06-30,10888.09718168
2019-07-01,10639.046292232
2019-07-02,10822.764178376
2019-07-03,11975.637393819
2019-07-04,11229.605619125
2019-07-05,10987.248856215
2019-07-06,11279.476377672
2019-07-07,11436.430746924
2019-07-08,12260.282697873
2019-07-09,12544.167261709
2019-07-10,12166.398288869
2019-07-11,11385.060490565
2019-07-12,11804.562793905
2019-07-13,11418.511855491
2019-07-14,10285.461109067
2019-07-15,10911.34515831
2019-07-16,9538.827124244
2019-07-17,9657.303101319
2019-07-18,10636.155728361
2019-07-19,10536.565849576
2019-07-20,10774.281137634
2019-07-21,10607.463560702
2019-07-22,10343.318139598
2019-07-23,9936.380762347
2019-07-24,9799.306312968
2019-07-25,9878.231932911
2019-07-26,9845.999447079
2019-07-27,9447.678401413
2019-07-28,9534.755426833
2019-07-29,9510.593552182
2019-07-30,9568.437452164
2019-07-31,10062.996285663
2019-08-01,10361.312000081
2019-08-02,10529.171907428
2019-08-03,10791.200523159
2019-08-04,10951.59383484
2019-08-05,11818.525531066
2019-08-06,11510.16415473
2019-08-07,11970.657556452
2019-08-08,12024.331570998
2019-08-09,11852.561606996
2019-08-10,11327.842642233
2019-08-11,11549.998354322
2019-08-12,11381.241355679
2019-08-13,10903.65499188
2019-08-14,10016.217389275
2019-08-15,10295.87714291
2019-08-16,10324.993597416
2019-08-17,10224.218706634
2019-08-18,10309.872435929
2019-08-19,10895.971844429
2019-08-20,10743.789313302
2019-08-21,10124.058214169
2019-08-22,10127.789857678
2019-08-23,10385.509090034
2019-08-24,10145.012479707
2019-08-25,10090.061576031
2019-08-26,10334.911854471
2019-08-27,10167.88939002
2019-08-28,9753.487048897
2019-08-29,9485.141423781
2019-08-30,9588.987502058
2019-08-31,9607.289264303
2019-09-01,9729.266231868
2019-09-02,10323.022660378
2019-09-03,10620.165189357
2019-09-04,10573.515179028
2019-09-05,10570.249940786
2019-09-06,10350.748325717
2019-09-07,10461.547731202
2019-09-08,10404.333900446
2019-09-09,10321.931613526
2019-09-10,10121.102297214
2019-09-11,10150.710023637
2019-09-12,10401.319919342
2019-09-13,10355.62689862
2019-09-14,10349.551958232
2019-09-15,10305.675020157
2019-09-16,10268.421696882
2019-09-17,10203.071046816
2019-09-18,10158.854517376
2019-09-19,10253.23237468
2019-09-20,10178.442572698
2019-09-21,9997.199887817
2019-09-22,10041.304200625
2019-09-23,9699.504938096
2019-09-24,8702.713528026
2019-09-25,8446.244115549
2019-09-26,8098.809820489
2019-09-27,8183.482347567
2019-09-28,8225.110371852
2019-09-29,8064.380983385
2019-09-30,8271.290855465
2019-10-01,8366.503905664
2019-10-02,8350.132163243
2019-10-03,8176.354679407
2019-10-04,8156.519553841
2019-10-05,8140.242484268
2019-10-06,7890.234349865
2019-10-07,8182.251593084
2019-10-08,8180.691130185
2019-10-09,8573.060086449
2019-10-10,8561.519329218
2019-10-11,8277.848351085
2019-10-12,8308.470967433
2019-10-13,8289.497236619
2019-10-14,8347.350350085
2019-10-15,8175.863112105
2019-10-16,8010.302179794
2019-10-17,8079.93145948
2019-10-18,7957.314093996
2019-10-19,7949.80226861
2019-10-20,8208.362621759
2019-10-21,8220.918531131
2019-10-22,8045.294246807
2019-10-23,7468.532532437
2019-10-24,7433.915345679
2019-10-25,8652.030029867
2019-10-26,9217.236031536
2019-10-27,9502.020114436
2019-10-28,9239.89728378
2019-10-29,9407.163351459
2019-10-30,9171.874474054
2019-10-31,9151.82459446
2019-11-01,9233.413801606
2019-11-02,9302.834617841
2019-11-03,9204.286350451
2019-11-04,9378.953914331
2019-11-05,9300.373963047
2019-11-06,9340.048651575
2019-11-07,9221.073784984
2019-11-08,8795.8960694
2019-11-09,8809.783673886
2019-11-10,9043.673292397
2019-11-11,8729.917418491
2019-11-12,8806.751998954
2019-11-13,8770.780825231
2019-11-14,8652.025288272
2019-11-15,8480.435541875
2019-11-16,8496.376959146
2019-11-17,8508.499434052
2019-11-18,8202.834446108
2019-11-19,8138.831605359
2019-11-20,8095.865638012
2019-11-21,7632.494765499
2019-11-22,7293.013949172
2019-11-23,7309.689243566
2019-11-24,6935.738627403
2019-11-25,7118.264883393
2019-11-26,7157.684731054
2019-11-27,7483.754192177
2019-11-28,7438.621769309
2019-11-29,7720.865011261
2019-11-30,7556.397585816
2019-12-01,7405.808478752
2019-12-02,7308.982444424
2019-12-03,7286.080951511
2019-12-04,7209.971417455
2019-12-05,7373.782498578
2019-12-06,7530.922830405
2019-12-07,7493.545154557
2019-12-08,7508.315669139
2019-12-09,7347.036951245
2019-12-10,7233.950487171
2019-12-11,7197.426825881
2019-12-12,7200.70701803
2019-12-13,7247.350277011
2019-12-14,7081.740255266
2019-12-15,7108.563021778
2019-12-16,6901.036915336
2019-12-17,6627.162514553
2019-12-18,7274.768503793
2019-12-19,7152.558691633
2019-12-20,7185.439179631
2019-12-21,7141.554857046
2019-12-22,7488.196174601
2019-12-23,7335.207616177
2019-12-24,7266.608196629
2019-12-25,7204.184875689
2019-12-26,7208.489307892
2019-12-27,7247.623712365
2019-12-28,7307.887522683
2019-12-29,7394.029285531
2019-12-30,7240.428912252
2019-12-31,7195.15389543
2020-01-01,7193.75466796
2020-01-02,6963.853353983
2020-01-03,7300.346935305
2020-01-04,7351.377053167
2020-01-05,7349.972248051
2020-01-06,7734.675515785
2020-01-07,8147.415237636
2020-01-08,8045.789124593
2020-01-09,7832.79564384
2020-01-10,8180.513169804
2020-01-11,8012.085781815
2020-01-12,8171.401185321
2020-01-13,8110.647964504
2020-01-14,8801.871213138
2020-01-15,8820.850105996
2020-01-16,8720.919501374
2020-01-17,8902.568995225
2020-01-18,8906.902675151
2020-01-19,8690.380569545
2020-01-20,8631.253954334
2020-01-21,8724.818622931
2020-01-22,8665.436914097
2020-01-23,8415.956027336
2020-01-24,8432.096675789
2020-01-25,8348.665665079
2020-01-26,8595.728298493
2020-01-27,8879.335548715
2020-01-28,9320.805853868
2020-01-29,9276.893821086
2020-01-30,9509.805135575
2020-01-31,9308.060285565
2020-02-01,9363.224206801
2020-02-02,9338.416631939
2020-02-03,9308.912702291
2020-02-04,9179.959281077
2020-02-05,9592.183873898
2020-02-06,9744.636578159
2020-02-07,9799.448455825
2020-02-08,9890.701658195
2020-02-09,10148.379719132
2020-02-10,9890.12122402
2020-02-11,10226.925769215
2020-02-12,10328.897565836
2020-02-13,10221.260309202
2020-02-14,10320.157140514
2020-02-15,9894.136123789
2020-02-16,9943.673602579
2020-02-17,9723.605026422
2020-02-18,10133.817417085
2020-02-19,9618.40924825
2020-02-20,9608.169181282
2020-02-21,9673.01180027
2020-02-22,9658.606058375
2020-02-23,9946.716123468
2020-02-24,9670.960806468
2020-02-25,9345.342701735
2020-02-26,8801.657129473
2020-02-27,8781.175282202
2020-02-28,8717.331431359
2020-02-29,8552.989118582
2020-03-01,8567.802248679
2020-03-02,8905.876104262
2020-03-03,8756.718576743
2020-03-04,8758.646993192
2020-03-05,9038.870323233
2020-03-06,9135.845066033
2020-03-07,8902.201950108
2020-03-08,8041.365538072
2020-03-09,7921.332006911
2020-03-10,7906.731528511
2020-03-11,7935.522040171
2020-03-12,5142.990459018
2020-03-13,5542.819542373
2020-03-14,5214.189112384
2020-03-15,5397.933357439
2020-03-16,5032.501351488
2020-03-17,5389.415775034
2020-03-18,5376.280747845
2020-03-19,6170.200600238
2020-03-20,6195.603505258
2020-03-21,6145.770891252
2020-03-22,5859.647430299
2020-03-23,6456.347485963
2020-03-24,6730.173782371
2020-03-25,6695.900618398
2020-03-26,6765.56207893
2020-03-27,6397.826328326
2020-03-28,6255.000398694
2020-03-29,5915.337154792
2020-03-30,6403.141235565
2020-03-31,6421.705413889
2020-04-01,6640.79766631
2020-04-02,6807.897017891
2020-04-03,6732.852018395
2020-04-04,6859.424923722
2020-04-05,6788.048272606
2020-04-06,7297.635558289
2020-04-07,7196.782202442
2020-04-08,7342.291601148
2020-04-09,7294.488875122
2020-04-10,6864.694257006
2020-04-11,6878.78121259
2020-04-12,6913.158787469
2020-04-13,6857.538537511
2020-04-14,6860.178535701
2020-04-15,6629.431738031
2020-04-16,7059.926224759
2020-04-17,7035.261503989
2020-04-18,7242.510929493
2020-04-19,7127.511949689
2020-04-20,6856.456278355
2020-04-21,6842.038597635
2020-04-22,7109.995291182
2020-04-23,7382.793144117
2020-04-24,7495.393587499
2020-04-25,7538.55768728
2020-04-26,7683.867415083
2020-04-27,7774.281554448
2020-04-28,7758.230255186
2020-04-29,8744.430287017
2020-04-30,8610.635803741
2020-05-01,8824.818413552
2020-05-02,8966.307014689
2020-05-03,8888.671912687
2020-05-04,8884.407813577
2020-05-05,9003.240557622
2020-05-06,9144.68703972
2020-05-07,9959.166416262
2020-05-08,9821.811315297
2020-05-09,9566.777187206
2020-05-10,8752.617087746
2020-05-11,8604.75159102
2020-05-12,8788.466749415
2020-05-13,9283.086012659
2020-05-14,9796.494527025
2020-05-15,9309.295359407
2020-05-16,9375.297108433
2020-05-17,9666.327193403
2020-05-18,9708.439858793
2020-05-19,9760.198937162
2020-05-20,9526.507593006
2020-05-21,9059.962506872
2020-05-22,9131.767275082
2020-05-23,9170.361063506
2020-05-24,8731.848525871
2020-05-25,8883.691769863
2020-05-26,8839.130663273
2020-05-27,9174.118563996
2020-05-28,9546.045635037
2020-05-29,9427.120373393
2020-05-30,9662.705872548
2020-05-31,9466.96178143
2020-06-01,10167.930693329
2020-06-02,9515.243858656
2020-06-03,9645.22786936
2020-06-04,9776.202991788
2020-06-05,9636.96552705
2020-06-06,9662.858709002
2020-06-07,9738.603356829
2020-06-08,9773.029513095
2020-06-09,9767.005316656
2020-06-10,9874.898681832
2020-06-11,9325.996856203
2020-06-12,9469.53329751
2020-06-13,9469.473456164
2020-06-14,9345.960907722
2020-06-15,9431.719262202
2020-06-16,9524.92661691
2020-06-17,9463.361414312
2020-06-18,9399.767217129
2020-06-19,9312.780104498
2020-06-20,9360.247968202
2020-06-21,9298.360829121
2020-06-22,9678.683208976
2020-06-23,9624.684291831
2020-06-24,9288.061774487
2020-06-25,9258.667161008
2020-06-26,9166.486360416
2020-06-27,9013.905564676
2020-06-28,9139.903276298
2020-06-29,9185.166540651
2020-06-30,9149.721996758
2020-07-01,9230.672998591
2020-07-02,9094.318072167
2020-07-03,9071.385042783
2020-07-04,9132.908369533
2020-07-05,9087.407312582
2020-07-06,9342.376492627
2020-07-07,9253.630980242
2020-07-08,9432.172515828
2020-07-09,9235.716302064
2020-07-10,9282.91363884
2020-07-11,9234.314674713
2020-07-12,9297.479635873
2020-07-13,9240.762519725
2020-07-14,9247.060695964
2020-07-15,9203.37143518
2020-07-16,9136.483376364
2020-07-17,9156.276583115
2020-07-18,9168.402736564
2020-07-19,9202.6158395
2020-07-20,9163.159654577
2020-07-21,9384.379751903
2020-07-22,9514.304987627
2020-07-23,9589.817719441
2020-07-24,9535.938795737
2020-07-25,9691.825138917
2020-07-26,9925.751397476
2020-07-27,10962.258481207
2020-07-28,10904.916526919
2020-07-29,11093.612240442
2020-07-30,11116.307163685
2020-07-31,11325.551527274
2020-08-01,11812.094307269
2020-08-02,11066.30624059
2020-08-03,11230.907762749
2020-08-04,11181.917508035
2020-08-05,11719.263523952
2020-08-06,11768.12774224
2020-08-07,11571.487980683
2020-08-08,11739.131006414
2020-08-09,11682.851469155
2020-08-10,11862.938012703
2020-08-11,11398.671060897
2020-08-12,11579.867951602
2020-08-13,11817.164038803
2020-08-14,11777.39132249
2020-08-15,11864.905810156
2020-08-16,11901.776488302
2020-08-17,12272.46580816
2020-08-18,11949.610970628
2020-08-19,11733.278970862
2020-08-20,11861.83657728
2020-08-21,11515.124298729
2020-08-22,11676.385305081
2020-08-23,11647.928120934
2020-08-24,11758.828120369
2020-08-25,11350.753473213
2020-08-26,11465.002564032
2020-08-27,11300.398363811
2020-08-28,11519.118388161
2020-08-29,11481.481823317
2020-08-30,11701.004008658
2020-08-31,11672.324104944
2020-09-01,11895.225345346
2020-09-02,11418.254756916
2020-09-03,10197.459822769
2020-09-04,10484.470392266
2020-09-05,10177.78971805
2020-09-06,10260.017727754
2020-09-07,10359.44521699
2020-09-08,10125.01495607
2020-09-09,10230.154699361
2020-09-10,10342.159391206
2020-09-11,10378.223044585
2020-09-12,10439.384672264
2020-09-13,10328.866065987
2020-09-14,10661.096235144
2020-09-15,10787.580208076
2020-09-16,10952.249969107
2020-09-17,10937.996396961
2020-09-18,10927.150310293
2020-09-19,11083.998361198
2020-09-20,10923.326668181
2020-09-21,10439.522488792
2020-09-22,10527.587846739
2020-09-23,10223.784106393
2020-09-24,10726.530083322
2020-09-25,10681.993848114
2020-09-26,10743.192879759
2020-09-27,10765.300521661
2020-09-28,10672.028544259
2020-09-29,10837.516586513
2020-09-30,10770.881347466
2020-10-01,10627.976063963
2020-10-02,10572.674843011
2020-10-03,10546.65625538
2020-10-04,10670.700811335
2020-10-05,10784.949403094
2020-10-06,10605.957791306
2020-10-07,10668.011010797
2020-10-08,10888.666546836
2020-10-09,11063.252386259
2020-10-10,11286.541942044
2020-10-11,11377.814876757
2020-10-12,11543.183760771
2020-10-13,11426.10554422
2020-10-14,11435.57243758
2020-10-15,11495.584995734
2020-10-16,11319.097785678
2020-10-17,11365.814131026
2020-10-18,11495.89997569
2020-10-19,11752.14686392
2020-10-20,11908.708923246
2020-10-21,12806.435726727
2020-10-22,12951.044060038
2020-10-23,12928.072296348
2020-10-24,13106.04601926
2020-10-25,13021.410842124
2020-10-26,13060.792212084
2020-10-27,13655.185415883
2020-10-28,13282.999348292
2020-10-29,13441.878496032
2020-10-30,13537.174271525
2020-10-31,13778.637638353
2020-11-01,13720.361465146
2020-11-02,13558.361795524
2020-11-03,13989.97635818
2020-11-04,14101.716050814
2020-11-05,15553.331701081
2020-11-06,15548.312145063
2020-11-07,14818.458911221
2020-11-08,15496.316149147
2020-11-09,15335.342198179
2020-11-10,15278.709659799
2020-11-11,15686.905986213
2020-11-12,16265.149252483
2020-11-13,16326.814875079
2020-11-14,16095.561510631
2020-11-15,15984.673784157
2020-11-16,16714.403863222
2020-11-17,17651.820427682
2020-11-18,17829.934958345
2020-11-19,17819.757430968
2020-11-20,18628.813489036
2020-11-21,18689.528655826
2020-11-22,18390.611843792
2020-11-23,18360.693300386
2020-11-24,19091.524181729
2020-11-25,18753.288921685
2020-11-26,17138.029512395
2020-11-27,17140.275552524
2020-11-28,17718.972832629
2020-11-29,18169.954209783
2020-11-30,19609.521439576
2020-12-01,18857.417371118
2020-12-02,19208.398191995
2020-12-03,19435.204847409
2020-12-04,18711.226549887
2020-12-05,19139.111575237
2020-12-06,19325.554118591
2020-12-07,19198.806493935
2020-12-08,18336.514581298
2020-12-09,18564.986455688
2020-12-10,18262.058384653
2020-12-11,18058.02733957
2020-12-12,18807.09540322
2020-12-13,19151.134423405
2020-12-14,19259.970471531
2020-12-15,19432.362456862
2020-12-16,21317.662136787
2020-12-17,22805.655805989
2020-12-18,23120.570551568
2020-12-19,23863.85484172
2020-12-20,23518.318420547
2020-12-21,22840.991707188
2020-12-22,23794.793302629
2020-12-23,23308.127232177
2020-12-24,23760.287048543
2020-12-25,24671.107714415
2020-12-26,26476.130137019
2020-12-27,26423.228791902
2020-12-28,27125.384120652
2020-12-29,27424.538954607
2020-12-30,28837.288528959
2020-12-31,29022.418395304
2021-01-01,29352.126791949
2021-01-02,32163.824935335
2021-01-03,33008.226203489
2021-01-04,31515.575966658
2021-01-05,34082.206049044
2021-01-06,36933.520137309
2021-01-07,39547.084081356
2021-01-08,40815.961854783
2021-01-09,40296.529003829
2021-01-10,38397.895985418
2021-01-11,35669.906686633
2021-01-12,33938.335878101
2021-01-13,37456.007725486
2021-01-14,39232.749971403
2021-01-15,36787.521216685
2021-01-16,36254.713079411
2021-01-17,35804.263885675
2021-01-18,36595.464769283
2021-01-19,36104.863857755
2021-01-20,35587.489202736
2021-01-21,30913.695736054
2021-01-22,32957.908782656
2021-01-23,32068.087374408
2021-01-24,32273.517350329
2021-01-25,32375.320062981
2021-01-26,32582.109445021
2021-01-27,30445.525865114
2021-01-28,33128.347528611
2021-01-29,34150.818767372
2021-01-30,34199.519810363
2021-01-31,33064.786767015
2021-02-01,33405.990357143
2021-02-02,35485.985933824
2021-02-03,37494.717624604
2021-02-04,36816.508082034
2021-02-05,38007.832229084
2021-02-06,39279.412868979
2021-02-07,38833.340264555
2021-02-08,46307.574121594
2021-02-09,46569.56483
2021-02-10,44848.693449505
2021-02-11,47815.961755543
2021-02-12,47414.186255008
2021-02-13,46941.292085824
2021-02-14,48607.874522484
2021-02-15,47898.487027633
2021-02-16,49238.136906725
2021-02-17,52143.67884462
2021-02-18,51733.075539032
2021-02-19,56038.72775893
2021-02-20,56377.63347791
2021-02-21,57669.303526918
2021-02-22,54410.856294516
2021-02-23,48691.894831704
2021-02-24,49849.378713583
2021-02-25,46992.665450048
2021-02-26,46551.487476755
2021-02-27,46653.526399396
2021-02-28,44970.163459947
2021-03-01,49787.339959497
2021-03-02,48532.236789817
2021-03-03,50577.457469152
2021-03-04,48727.451200801
2021-03-05,49091.81488233
2021-03-06,49019.368592366
2021-03-07,51313.092620274
2021-03-08,52328.535912632
2021-03-09,54700.273439277
2021-03-10,56020.487719586
2021-03-11,57788.868103295
2021-03-12,57353.861471972
2021-03-13,61315.197932767
2021-03-14,59428.967566028
2021-03-15,55805.329249234
2021-03-16,56830.253335076
2021-03-17,59014.925632051
2021-03-18,57922.409592629
2021-03-19,58243.270608924
2021-03-20,58376.158471372
2021-03-21,57573.539344779
2021-03-22,54370.137557895
2021-03-23,54584.869946995
2021-03-24,52526.866597047
2021-03-25,51416.90830498
2021-03-26,55033.100480447
2021-03-27,55832.418109618
2021-03-28,55728.101327807
2021-03-29,57634.928694475
2021-03-30,58668.628336761
2021-03-31,58817.373888419
2021-04-01,58801.194843878
2021-04-02,59060.026783338
2021-04-03,57060.406654711
2021-04-04,58228.802623466
2021-04-05,58706.815593114
2021-04-06,58062.178724336
2021-04-07,56134.417388664
2021-04-08,58065.644024815
2021-04-09,58152.993262142
2021-04-10,59979.392815718
2021-04-11,59988.02095853
2021-04-12,59911.020594847
2021-04-13,63576.676041048
2021-04-14,62807.123232593
2021-04-15,63179.772446085
2021-04-16,61497.299569441
2021-04-17,60273.866676947
2021-04-18,56288.945340012
2021-04-19,55721.166052696
2021-04-20,56294.728558587
2021-04-21,54190.070262834
2021-04-22,51965.566430485
2021-04-23,51191.124696408
2021-04-24,50133.107396365
2021-04-25,48981.441393216
2021-04-26,53978.80554729
2021-04-27,54991.814842621
2021-04-28,54810.613850679
2021-04-29,53596.704022667
2021-04-30,57828.511814426
2021-05-01,57812.969159679
2021-05-02,56600.745287384
2021-05-03,57200.300298712
2021-05-04,53464.370219504
2021-05-05,57432.100227088
2021-05-06,56507.75943987
2021-05-07,57361.569043289
2021-05-08,58771.881689509
2021-05-09,58213.926293744
2021-05-10,55901.667594561
2021-05-11,56928.972356602
2021-05-12,50004.762183137
2021-05-13,49972.795398372
2021-05-14,49913.263143988
2021-05-15,46780.902304688
2021-05-16,46585.064135388
2021-05-17,43780.825597825
2021-05-18,43091.041447569
2021-05-19,37287.391402427
2021-05-20,40437.730096256
2021-05-21,37339.634201346
2021-05-22,37520.317675474
2021-05-23,34977.527801962
2021-05-24,38642.44229734
2021-05-25,38210.805217594
2021-05-26,39406.934244116
2021-05-27,38642.895554342
2021-05-28,35710.22093653
2021-05-29,34775.079413473
2021-05-30,35714.752020181
2021-05-31,37340.679265942
2021-06-01,36680.068201803
2021-06-02,37685.717981748
2021-06-03,39151.3161838
2021-06-04,36938.720311392
2021-06-05,35546.985964834
2021-06-06,35834.474474404
2021-06-07,33451.383407145
2021-06-08,33557.150683092
2021-06-09,37553.643758519
2021-06-10,36903.304906779
2021-06-11,37289.432522102
2021-06-12,35666.149778773
2021-06-13,39147.7056788
2021-06-14,40624.513053162
2021-06-15,40378.202549711
2021-06-16,38321.454656574
2021-06-17,38193.619141944
2021-06-18,35881.111371375
2021-06-19,35581.642267732
2021-06-20,35787.077405232
2021-06-21,31711.935467727
2021-06-22,32507.738707027
2021-06-23,33702.617793714
2021-06-24,34675.449105303
2021-06-25,31943.136467863
2021-06-26,32023.973901775
2021-06-27,34607.293274083
2021-06-28,34556.842126945
2021-06-29,35968.99366797
2021-06-30,35171.48630485
2021-07-01,33677.566235923
2021-07-02,33950.786555181
2021-07-03,34729.89077801
2021-07-04,35394.213074081
2021-07-05,33928.134218371
2021-07-06,34149.989814774
2021-07-07,33932.254638315
2021-07-08,32933.578199292
2021-07-09,33971.297749758
2021-07-10,33704.538474405
2021-07-11,34299.938016517
2021-07-12,33262.654352446
2021-07-13,32676.38380096
2021-07-14,32878.501873571
2021-07-15,31726.03883391
2021-07-16,31399.653128682
2021-07-17,31588.671351017
2021-07-18,31919.393922555
2021-07-19,30928.211908849
2021-07-20,29971.903783612
2021-07-21,32383.781126969
2021-07-22,32409.499767175
2021-07-23,33455.551272723
2021-07-24,34213.599932177
2021-07-25,35456.124660767
2021-07-26,37281.918092177
2021-07-27,39076.593770632
2021-07-28,40031.198244448
2021-07-29,39977.756939228
2021-07-30,41936.261478677
2021-07-31,41754.166604353
2021-08-01,39914.829758488
2021-08-02,39278.766508104
2021-08-03,38368.354011979
2021-08-04,39751.584575099
2021-08-05,40825.38194045
2021-08-06,42802.137174741
2021-08-07,44647.577603001
2021-08-08,43753.217862646
2021-08-09,46311.001898577
2021-08-10,45639.514018907
2021-08-11,45652.060125069
2021-08-12,44495.20979328
2021-08-13,47717.270527665
2021-08-14,47088.853134515
2021-08-15,47025.003230113
2021-08-16,46031.757543626
2021-08-17,44534.45485422
2021-08-18,45015.465546085
2021-08-19,46745.03462297
2021-08-20,49195.878601896
2021-08-21,48933.689151312
2021-08-22,49250.544869718
2021-08-23,49518.577487907
2021-08-24,47940.607914961
2021-08-25,49002.703766275
2021-08-26,47229.070650876
2021-08-27,49083.103305862
2021-08-28,48936.537254142
2021-08-29,48907.270731062
2021-08-30,47124.254224694
2021-08-31,47335.420299206
2021-09-01,48823.055209649
2021-09-02,49338.784651833
2021-09-03,49934.528276288
2021-09-04,50013.029946946
2021-09-05,51696.206431318
2021-09-06,52739.800166346
2021-09-07,46995.16417096
2021-09-08,46085.028615782
2021-09-09,46518.941186602
2021-09-10,44802.606402497
2021-09-11,45196.488277558
2021-09-12,46195.218300829
2021-09-13,45139.833968733
2021-09-14,47135.431995627
2021-09-15,48186.532757047
2021-09-16,47879.473439921
2021-09-17,47228.658216233
2021-09-18,48266.627072791
2021-09-19,47371.039332365
2021-09-20,42932.946595954
2021-09-21,40386.623635289
2021-09-22,43587.223050585
2021-09-23,44980.898214811
2021-09-24,42752.168154507
2021-09-25,42856.855164225
2021-09-26,43336.861233243
2021-09-27,42247.355729006
2021-09-28,41010.375198365
2021-09-29,41587.667862323
2021-09-30,43859.326147241
2021-10-01,48181.8762726
2021-10-02,47777.762019063
2021-10-03,48282.971138574
2021-10-04,49260.232321131
2021-10-05,51668.994224356
2021-10-06,55415.005742029
2021-10-07,53894.595994521
2021-10-08,54010.937473744
2021-10-09,55125.46033768
2021-10-10,54711.869596643
2021-10-11,57572.510855597
2021-10-12,56335.035460512
2021-10-13,57487.985880422
2021-10-14,57452.431785035
2021-10-15,61809.02394427
2021-10-16,61165.635642115
2021-10-17,61583.774439613
2021-10-18,62017.972725179
2021-10-19,64517.648560423
2021-10-20,66237.517550294
2021-10-21,62541.086932935
2021-10-22,61029.270931821
2021-10-23,61572.140434222
2021-10-24,61173.166390723
2021-10-25,63228.213825842
2021-10-26,60604.188887947
2021-10-27,58641.001474195
2021-10-28,60767.555852067
2021-10-29,62283.198055874
2021-10-30,61837.257002979
2021-10-31,61471.868462763
2021-11-01,61121.831201065
2021-11-02,63247.208961278
2021-11-03,63130.942351715
2021-11-04,61601.74357205
2021-11-05,61247.384942178
2021-11-06,61661.35866372
2021-11-07,63153.230193019
2021-11-08,67617.015544862
2021-11-09,67145.374935371
2021-11-10,65061.054406963
2021-11-11,65005.645159567
2021-11-12,64432.047947345
2021-11-13,64660.335352673
2021-11-14,65648.977791102
2021-11-15,63933.835442599
2021-11-16,60448.562512586
2021-11-17,60603.655867387
2021-11-18,56987.32233855
2021-11-19,58459.255516675
2021-11-20,60082.911668417
2021-11-21,59139.779279527
2021-11-22,56386.856853152
2021-11-23,57748.793173789
2021-11-24,57198.183846295
2021-11-25,58897.846982998
2021-11-26,53827.792865035
2021-11-27,54533.403882427
2021-11-28,57237.66113709
2021-11-29,57848.77353713
2021-11-30,57011.280474242
2021-12-01,57169.371993811
2021-12-02,56508.268054023
2021-12-03,53785.967172379
2021-12-04,49161.990709575
2021-12-05,49268.469890539
2021-12-06,50461.57683654
2021-12-07,50647.663406358
2021-12-08,50530.458064593
2021-12-09,47885.871989417
2021-12-10,47303.564152174
2021-12-11,49242.302324071
2021-12-12,50051.078348675
2021-12-13,46696.304699467
2021-12-14,48410.564656309
2021-12-15,48936.862582442
2021-12-16,47694.530502252
2021-12-17,46328.696365445
2021-12-18,46970.057050727
2021-12-19,46807.048616426
2021-12-20,47117.00820421
2021-12-21,49145.217258499
2021-12-22,48755.895644045
2021-12-23,50900.614949516
2021-12-24,50888.721036787
2021-12-25,50663.487102132
2021-12-26,50852.860259541
2021-12-27,50774.067814743
2021-12-28,47725.148046319
2021-12-29,46506.994647679
2021-12-30,47191.86838984
2021-12-31,46319.651088053
2022-01-01,47816.077676408
2022-01-02,47387.212167697
2022-01-03,46531.140860531
2022-01-04,45938.024271724
2022-01-05,43647.147508068
2022-01-06,43216.458676934
2022-01-07,41527.197042645
2022-01-08,41756.662323978
2022-01-09,41862.360985652
2022-01-10,41869.859055592
2022-01-11,42777.211020482
2022-01-12,43981.877327174
2022-01-13,42608.41001195
2022-01-14,43120.854511081
2022-01-15,43226.650269809
2022-01-16,43119.79214308
2022-01-17,42298.341116872
2022-01-18,42395.458791573
2022-01-19,41749.551430986
2022-01-20,40707.68241431
2022-01-21,36508.799789831
2022-01-22,35180.43546283
2022-01-23,36306.409440465
2022-01-24,36774.00714224
2022-01-25,36988.928510667
2022-01-26,36870.440166931
2022-01-27,37276.839558175
2022-01-28,37852.579028033
2022-01-29,38232.178732177
2022-01-30,37983.151499406
2022-01-31,38555.534461212
2022-02-01,38835.694943222
2022-02-02,37000.982498642
2022-02-03,37101.351593781
2022-02-04,41673.839554309
2022-02-05,41493.690050911
2022-02-06,42475.543220951
2022-02-07,43910.929986443
2022-02-08,44184.447511676
2022-02-09,44383.888055417
2022-02-10,43628.139532352
2022-02-11,42445.388767938
2022-02-12,42254.738123237
2022-02-13,42247.835953268
2022-02-14,42634.573783663
2022-02-15,44574.320570998
2022-02-16,44063.281982796
2022-02-17,40562.986949828
2022-02-18,40073.49536237
2022-02-19,40192.759121431
2022-02-20,38514.008536225
2022-02-21,37059.979402288
2022-02-22,38337.203855435
2022-02-23,37372.292680348
2022-02-24,38363.34548857
2022-02-25,39316.162075786
2022-02-26,39090.202153609
2022-02-27,37803.590160449
2022-02-28,43225.404677436
2022-03-01,44459.591627743
2022-03-02,43980.707382091
2022-03-03,42491.978393359
2022-03-04,39200.299735574
2022-03-05,39463.146811491
2022-03-06,38442.991745887
2022-03-07,38076.49382252
2022-03-08,38732.937013026
2022-03-09,41986.034446076
2022-03-10,39468.354773002
2022-03-11,38775.175588407
2022-03-12,38903.693548006
2022-03-13,37852.525141063
2022-03-14,39669.423812005
2022-03-15,39331.846540595
2022-03-16,41165.635061403
2022-03-17,41001.70957802
2022-03-18,41837.413137976
2022-03-19,42201.939920688
2022-03-20,41283.259001046
2022-03-21,41061.81589385
2022-03-22,42401.895597489
2022-03-23,42802.15471017
2022-03-24,43936.096234541
2022-03-25,44331.777957064
2022-03-26,44510.844217621
2022-03-27,46715.11761851
2022-03-28,46994.879118357
2022-03-29,47459.261237539
2022-03-30,47063.365849964
2022-03-31,45528.407153138
2022-04-01,46270.200705854
2022-04-02,45842.144763174
2022-04-03,46434.562982662
2022-04-04,46622.635713091
2022-04-05,45635.454381267
2022-04-06,43198.775269365
2022-04-07,43515.150322798
2022-04-08,42315.709724218
2022-04-09,42796.39747811
2022-04-10,42274.907370256
2022-04-11,39603.965159284
2022-04-12,40205.677940732
2022-04-13,41205.168719041
2022-04-14,39959.457069034
2022-04-15,40586.597309387
2022-04-16,40450.37930544
2022-04-17,39739.119256222
2022-04-18,40833.537965034
2022-04-19,41498.122446698
2022-04-20,41397.22047728
2022-04-21,40528.54148676
2022-04-22,39756.848993471
2022-04-23,39561.780190756
2022-04-24,39469.049861981
2022-04-25,40488.877917622
2022-04-26,38134.215450689
2022-04-27,39237.949317471
2022-04-28,39741.76664581
2022-04-29,38650.550138093
2022-04-30,37820.611765292
2022-05-01,38537.654766695
2022-05-02,38561.565399024
2022-05-03,37758.496107734
2022-05-04,39699.024041254
2022-05-05,36612.229548803
2022-05-06,36116.394294983
2022-05-07,35573.310198835
2022-05-08,34070.31219758
2022-05-09,30269.586956629
2022-05-10,31026.933868362
2022-05-11,28913.488363654
2022-05-12,29126.11597686
2022-05-13,29310.728959858
2022-05-14,30189.333177006
2022-05-15,31319.30911113
2022-05-16,29923.60699364
2022-05-17,30502.193280277
2022-05-18,28772.200501113
2022-05-19,30382.406242196
2022-05-20,29256.813374416
2022-05-21,29491.507947761
2022-05-22,30351.050417138
2022-05-23,29163.167775739
2022-05-24,29655.026131752
2022-05-25,29584.949851986
2022-05-26,29346.781442432
2022-05-27,28646.652181932
2022-05-28,29088.236452817
2022-05-29,29492.503214954
2022-05-30,31740.940725167
2022-05-31,31865.749621173
2022-06-01,29833.450330205
2022-06-02,30481.013996026
2022-06-03,29714.14348715
2022-06-04,29872.360308714
2022-06-05,29917.764052456
2022-06-06,31372.584762976
2022-06-07,31265.469277693
2022-06-08,30229.23683613
2022-06-09,30101.187521431
2022-06-10,29101.298259647
2022-06-11,28374.144997324
2022-06-12,26767.269173221
2022-06-13,22525.768350391
2022-06-14,22244.848968001
2022-06-15,22529.19811465
2022-06-16,20408.690490592
2022-06-17,20473.052880795
2022-06-18,19047.417828282
2022-06-19,20516.411979775
2022-06-20,20636.758912406
2022-06-21,20700.923933039
2022-06-22,19983.566482863
2022-06-23,21100.270533511
2022-06-24,21262.713482956
2022-06-25,21525.880362211
2022-06-26,21052.805397836
2022-06-27,20751.477530791
2022-06-28,20282.54247927
2022-06-29,20108.52947289
2022-06-30,19608.397493423
2022-07-01,19407.447430262
2022-07-02,19268.227002666
2022-07-03,19310.233218522
2022-07-04,20257.012328593
2022-07-05,20188.779663973
2022-07-06,20566.68722377
2022-07-07,21660.596837075
2022-07-08,21858.818749218
2022-07-09,21589.62810146
2022-07-10,20859.814079651
2022-07-11,19998.467839576
2022-07-12,19350.737350077
2022-07-13,20225.238664332
2022-07-14,20574.8405915
2022-07-15,20794.811981437
2022-07-16,21193.083343368
2022-07-17,20824.362751652
2022-07-18,22395.365383104
2022-07-19,23366.907697928
2022-07-20,23313.29673196
2022-07-21,23155.207555248
2022-07-22,22696.90275429
2022-07-23,22506.199573629
2022-07-24,22613.719208248
2022-07-25,21330.295450788
2022-07-26,21235.612316086
2022-07-27,22908.884260469
2022-07-28,23822.067597823
2022-07-29,23847.583318739
2022-07-30,23653.459549431
2022-07-31,23379.700525091
2022-08-01,23333.749243312
2022-08-02,23053.846847483
2022-08-03,22860.420984383
2022-08-04,22678.363633874
2022-08-05,23225.036201943
2022-08-06,22984.579531449
2022-08-07,23197.603469525
2022-08-08,23823.679442454
2022-08-09,23203.680696782
2022-08-10,23948.829553272
2022-08-11,23948.751703681
2022-08-12,24411.379871523
2022-08-13,24433.653747244
2022-08-14,24312.541424892
2022-08-15,24179.014652309
2022-08-16,23913.333725628
2022-08-17,23359.41883707
2022-08-18,23248.384228193
2022-08-19,20945.83396605
2022-08-20,21175.23273299
2022-08-21,21615.761693417
2022-08-22,21387.747114774
2022-08-23,21562.451539914
2022-08-24,21395.45846976
2022-08-25,21618.009019177
2022-08-26,20271.322951706
2022-08-27,20069.953331596
2022-08-28,19659.246706194
2022-08-29,20308.861447891
2022-08-30,19805.350698858
2022-08-31,20023.554444913
2022-09-01,20153.975977983
2022-09-02,19941.451370047
2022-09-03,19814.564245115
2022-09-04,19980.013222242
2022-09-05,19785.733501855
2022-09-06,18859.50008768
2022-09-07,19280.625476457
2022-09-08,19322.777749372
2022-09-09,21359.582525579
2022-09-10,21707.387319318
2022-09-11,21739.804379796
2022-09-12,22339.670502623
2022-09-13,20184.967491897
2022-09-14,20255.922978327
2022-09-15,19702.169889812
2022-09-16,19764.411712044
2022-09-17,20131.675305714
2022-09-18,19437.157867983
2022-09-19,19570.386709524
2022-09-20,18869.928809391
2022-09-21,18539.635238313
2022-09-22,19464.322663348
2022-09-23,19291.904802452
2022-09-24,18939.970580499
2022-09-25,18809.411439332
2022-09-26,19219.727780656
2022-09-27,19116.33116071
2022-09-28,19444.787771363
2022-09-29,19563.765161777
2022-09-30,19476.926596004
2022-10-01,19314.463835217
2022-10-02,19065.153837149
2022-10-03,19620.567543591
2022-10-04,20345.398520107
2022-10-05,20161.830614985
2022-10-06,19949.051041419
2022-10-07,19457.308951251
2022-10-08,19418.037989244
2022-10-09,19448.149001758
2022-10-10,19142.694767393
2022-10-11,19058.628039738
2022-10-12,19153.039779987
2022-10-13,19383.943220089
2022-10-14,19198.107144952
2022-10-15,19072.780513359
2022-10-16,19272.921847772
2022-10-17,19557.895548868
2022-10-18,19348.02936881
2022-10-19,19134.242664465
2022-10-20,19031.159871959
2022-10-21,19173.280468859
2022-10-22,19203.865471177
2022-10-23,19574.824231841
2022-10-24,19316.940622942
2022-10-25,20095.152230675
2022-10-26,20774.247496426
2022-10-27,20278.366232052
2022-10-28,20591.241208099
2022-10-29,20800.707087725
2022-10-30,20623.871497041
2022-10-31,20494.601209837
2022-11-01,20489.646203161
2022-11-02,20162.980904823
2022-11-03,20210.912417111
2022-11-04,21150.315583912
2022-11-05,21282.985109423
2022-11-06,20906.997926955
2022-11-07,20597.755017061
2022-11-08,18562.35321509
2022-11-09,15742.444335961
2022-11-10,17594.923500278
2022-11-11,17080.215260565
2022-11-12,16797.98748257
2022-11-13,16344.342316001
2022-11-14,16645.828500284
2022-11-15,16890.529383865
2022-11-16,16689.396732738
2022-11-17,16718.361228055
2022-11-18,16707.022778987
2022-11-19,16712.729525795
2022-11-20,16304.076855624
2022-11-21,15814.335280855
2022-11-22,16171.628978315
2022-11-23,16608.009985444
2022-11-24,16596.035758473
2022-11-25,16524.449007721
2022-11-26,16456.156062497
2022-11-27,16459.149543756
2022-11-28,16222.210728731
2022-11-29,16441.979978419
2022-11-30,17186.502572066
2022-12-01,16972.734060775
2022-12-02,17084.873340471
2022-12-03,16923.38287008
2022-12-04,17149.931750963
2022-12-05,16973.372577553
2022-12-06,17085.643141251
2022-12-07,16851.303468632
2022-12-08,17235.014157992
2022-12-09,17149.824203925
2022-12-10,17125.364927689
2022-12-11,17101.038019733
2022-12-12,17179.596038203
2022-12-13,17784.162894053
2022-12-14,17808.716172659
2022-12-15,17338.358126633
2022-12-16,16623.757826144
2022-12-17,16806.485592062
2022-12-18,16742.816663834
2022-12-19,16422.562273279
2022-12-20,16899.331969047
2022-12-21,16816.85370119
2022-12-22,16824.790162442
2022-12-23,16791.455439165
2022-12-24,16848.568708323
2022-12-25,16842.177039906
2022-12-26,16900.081871938
2022-12-27,16701.840210668
2022-12-28,16538.906094002
2022-12-29,16644.379087038
2022-12-30,16604.020520373
2022-12-31,16540.693624777
2023-01-01,16615.969318013
2023-01-02,16674.342536301
2023-01-03,16677.64618585
2023-01-04,16855.174738767
2023-01-05,16832.098988498
2023-01-06,16960.232062475
2023-01-07,16950.861521854
2023-01-08,17074.615395727
2023-01-09,17194.909329453
2023-01-10,17436.902329781
2023-01-11,17996.832553742
2023-01-12,18866.810330617
2023-01-13,19941.780543296
2023-01-14,21019.206614023
2023-01-15,20853.23056949
2023-01-16,21175.337736625
2023-01-17,21156.783931167
2023-01-18,20726.844969426
2023-01-19,21081.671022204
2023-01-20,22705.833678899
2023-01-21,22771.023287022
2023-01-22,22736.66142893
2023-01-23,22984.874976437
2023-01-24,22610.010598273
2023-01-25,23180.422697874
2023-01-26,23024.746180817
2023-01-27,23082.858382123
2023-01-28,23022.232991353
2023-01-29,23797.460894881
2023-01-30,22840.385858797
2023-01-31,23137.323554088
2023-02-01,23725.161796142
2023-02-02,23539.676770197
2023-02-03,23451.577650775
2023-02-04,23340.349585539
2023-02-05,22946.286578591
2023-02-06,22786.483006388
2023-02-07,23294.913648353
2023-02-08,22947.507828568
2023-02-09,21820.886508093
2023-02-10,21630.132979576
2023-02-11,21889.43208005
2023-02-12,21779.874403844
2023-02-13,21807.834274723
2023-02-14,22220.070997481
2023-02-15,24307.875101632
2023-02-16,23756.907281577
2023-02-17,24628.824552173
2023-02-18,24642.790870738
2023-02-19,24284.478003715
2023-02-20,24786.665940846
2023-02-21,24417.387036309
2023-02-22,24146.101364545
2023-02-23,23951.110984233
2023-02-24,23172.286538019
2023-02-25,23157.03810746
2023-02-26,23541.115854494
2023-02-27,23518.123906276
2023-02-28,23155.543746826
2023-03-01,23634.333489124
2023-03-02,23464.336541853
2023-03-03,22367.43302247
2023-03-04,22348.329915388
2023-03-05,22421.885805853
2023-03-06,22415.113659695
2023-03-07,22217.209884905
2023-03-08,21712.651193913
2023-03-09,20376.320007429
2023-03-10,20195.228950273
2023-03-11,20521.556151751
2023-03-12,22095.713398336
2023-03-13,24178.955327975
2023-03-14,24758.765085828
2023-03-15,24470.88205445
2023-03-16,25161.27201752
2023-03-17,27466.67782983
2023-03-18,27107.792183504
2023-03-19,28186.84265236
2023-03-20,27929.16773314
2023-03-21,28264.239610522
2023-03-22,27449.254830807
2023-03-23,28459.735113553
2023-03-24,27595.494748375
2023-03-25,27670.199498497
2023-03-26,28048.469978535
2023-03-27,27182.29955995
2023-03-28,27291.35002105
2023-03-29,28394.997780199
2023-03-30,28041.123080088
2023-03-31,28516.784729689
2023-04-01,28498.944633049
2023-04-02,28236.50873894
2023-04-03,27815.426531248
2023-04-04,28175.330334215
2023-04-05,28197.200341246
2023-04-06,28042.983386488
2023-04-07,27934.438712849
2023-04-08,27968.128047055
2023-04-09,28351.23699385
2023-04-10,29657.974136874
2023-04-11,30260.936109409
2023-04-12,29904.138694719
2023-04-13,30405.027312781
2023-04-14,30468.408700591
2023-04-15,30312.161879659
2023-04-16,30304.807514786
2023-04-17,29467.45982926
2023-04-18,30365.904167541
2023-04-19,28833.217501221
2023-04-20,28255.578248665
2023-04-21,27300.157128516
2023-04-22,27861.640663477
2023-04-23,27606.578347653
2023-04-24,27511.635682161
2023-04-25,28351.218248373
2023-04-26,28352.191320597
2023-04-27,29483.521704992
2023-04-28,29339.994997549
2023-04-29,29217.94404681
2023-04-30,29362.056213625
2023-05-01,28125.501155637
2023-05-02,28654.390133327
2023-05-03,28988.320996249
2023-05-04,28846.461458608
2023-05-05,29520.32226897
2023-05-06,28887.741045523
2023-05-07,28611.439197615
2023-05-08,27696.760785626
2023-05-09,27607.391680919
2023-05-10,27639.733565936
2023-05-11,27024.7657293
2023-05-12,26787.690395918
2023-05-13,26798.126271475
2023-05-14,26911.805273214
2023-05-15,27227.793422559
2023-05-16,27022.713173921
2023-05-17,27389.971511442
2023-05-18,26842.952494718
2023-05-19,26884.37105959
2023-05-20,27093.791101497
2023-05-21,26773.830243665
2023-05-22,26869.686021791
2023-05-23,27222.937746604
2023-05-24,26338.948946999
2023-05-25,26475.607902534
2023-05-26,26717.987553572
2023-05-27,26848.239939592
2023-05-28,28110.313467609
2023-05-29,27759.746663921
2023-05-30,27713.90854753
2023-05-31,27245.47446518
2023-06-01,26824.101499517
2023-06-02,27247.740081457
2023-06-03,27066.371328526
2023-06-04,27315.447587488
2023-06-05,25792.616090233
2023-06-06,27216.615564698
2023-06-07,26346.244545138
2023-06-08,26507.909892203
2023-06-09,26469.581684007
2023-06-10,25858.122892186
2023-06-11,25916.57989638
2023-06-12,25910.362742919
2023-06-13,25872.206458795
2023-06-14,25107.754695881
2023-06-15,25564.599632887
2023-06-16,26327.325669454
2023-06-17,26501.044442234
2023-06-18,26333.092529664
2023-06-19,26779.387461523
2023-06-20,28330.891419808
2023-06-21,30101.764819489
2023-06-22,29935.63210675
2023-06-23,30629.244353336
2023-06-24,30537.816664635
2023-06-25,30454.756974416
2023-06-26,30285.505064071
2023-06-27,30693.546356068
2023-06-28,30083.477245264
2023-06-29,30466.610456894
2023-06-30,30480.781481944
2023-07-01,30583.619599698
2023-07-02,30571.887072871
2023-07-03,31134.713133508
2023-07-04,30775.624022375
2023-07-05,30484.793774424
2023-07-06,29990.05515122
2023-07-07,30315.265402352
2023-07-08,30264.197345257
2023-07-09,30169.870657479
2023-07-10,30394.281146376
2023-07-11,30620.814246978
2023-07-12,30407.41631436
2023-07-13,31446.014971072
2023-07-14,30311.827808131
2023-07-15,30297.971400126
2023-07-16,30237.334785146
2023-07-17,30147.860079212
2023-07-18,29848.032272505
2023-07-19,29919.874838255
2023-07-20,29787.041530356
2023-07-21,29914.682728359
2023-07-22,29710.155935992
2023-07-23,30057.956718715
2023-07-24,29184.901913058
2023-07-25,29222.974630384
2023-07-26,29363.672907979
2023-07-27,29200.244001291
2023-07-28,29314.097387098
2023-07-29,29356.747745917
2023-07-30,29277.755810273
2023-07-31,29233.13636558
2023-08-01,29537.109746927
2023-08-02,29146.636270844
2023-08-03,29176.150596585
2023-08-04,29087.938086008
2023-08-05,29046.800457023
2023-08-06,29044.204375578
2023-08-07,29178.147751873
2023-08-08,29779.561671251
2023-08-09,29585.488077379
2023-08-10,29423.818915978
2023-08-11,29396.84797142
2023-08-12,29412.142274584
2023-08-13,29284.969713744
2023-08-14,29400.586804191
2023-08-15,29170.490397061
2023-08-16,28754.197021113
2023-08-17,26501.58726992
2023-08-18,26042.838256849
2023-08-19,26104.778630798
2023-08-20,26160.700419818
2023-08-21,26119.005958595
2023-08-22,26033.675406586
2023-08-23,26450.008624614
2023-08-24,26134.934254516
2023-08-25,26044.036209289
2023-08-26,26002.015717319
2023-08-27,26082.717178219
2023-08-28,26109.269823929
2023-08-29,27730.503735506
2023-08-30,27297.26143848
2023-08-31,25927.417005779
2023-09-01,25812.330494425
2023-09-02,25853.656842778
2023-09-03,25959.596311463
2023-09-04,25829.364772941
2023-09-05,25784.41351983
2023-09-06,25752.958418589
2023-09-07,26192.333433091
2023-09-08,25907.22813725
2023-09-09,25889.325009463
2023-09-10,25834.580098563
2023-09-11,25133.303106567
2023-09-12,25866.806663158
2023-09-13,26223.436075661
2023-09-14,26531.395566263
2023-09-15,26634.631025001
2023-09-16,26557.768691995
2023-09-17,26520.988254784
2023-09-18,26741.461110949
2023-09-19,27219.296874634
2023-09-20,27115.846446971
2023-09-21,26561.133454199
2023-09-22,26572.038111553
2023-09-23,26573.92347973
2023-09-24,26249.562897845
2023-09-25,26298.634678281
2023-09-26,26204.757590836
2023-09-27,26350.146895428
2023-09-28,27009.013750725
2023-09-29,26917.199101638
2023-09-30,26969.876144073
2023-10-01,27967.510579087
2023-10-02,27615.064885095
2023-10-03,27439.121946705
2023-10-04,27792.111277249
2023-10-05,27435.874615135
2023-10-06,27958.19643735
2023-10-07,27977.5434907
2023-10-08,27948.103651749
2023-10-09,27593.78253444
2023-10-10,27392.247702732
2023-10-11,26842.190439092
2023-10-12,26729.137205815
2023-10-13,26841.136220644
2023-10-14,26863.18356908
2023-10-15,27150.297001407
2023-10-16,28513.309932477
2023-10-17,28417.7217517
2023-10-18,28328.245198135
2023-10-19,28715.748142408
2023-10-20,29677.392888476
2023-10-21,29920.074492651
2023-10-22,30019.380500864
2023-10-23,32953.262760831
2023-10-24,33846.724257332
2023-10-25,34471.986031672
2023-10-26,34174.451552913
2023-10-27,33899.09305644
2023-10-28,34092.630932839
2023-10-29,34556.242814762
2023-10-30,34498.703919464
2023-10-31,34672.289284188
2023-11-01,35457.454912106
2023-11-02,34924.055450443
2023-11-03,34731.381368968
2023-11-04,35048.407834901
2023-11-05,35061.928749196
2023-11-06,35031.268882087
2023-11-07,35436.53762958
2023-11-08,35795.08063071
2023-11-09,36768.420819127
2023-11-10,37344.24900072
2023-11-11,37122.722824307
2023-11-12,37067.69698212
2023-11-13,36549.162048298
2023-11-14,35545.201433454
2023-11-15,37903.662451663
2023-11-16,36201.516111461
2023-11-17,36527.760225307
2023-11-18,36582.368441923
2023-11-19,37413.994607905
2023-11-20,37489.298470802
2023-11-21,35965.360360681
2023-11-22,37464.832932209
2023-11-23,37293.316127427
2023-11-24,37738.931697471
2023-11-25,37809.852866253
2023-11-26,37491.838186008
2023-11-27,37250.169051481
2023-11-28,37802.236043775
2023-11-29,37810.346416541
2023-11-30,37711.818375853
2023-12-01,38688.258741791
2023-12-02,39481.666416063
2023-12-03,39960.275420411
2023-12-04,41974.331772543
2023-12-05,44105.944772599
2023-12-06,43788.288808252
2023-12-07,43270.119559707
2023-12-08,44202.176109436
2023-12-09,43745.491991895
2023-12-10,43757.959937619
2023-12-11,41200.962726102
2023-12-12,41450.819387377
2023-12-13,42931.761826032
2023-12-14,43009.595456374
2023-12-15,41992.014187224
2023-12-16,42247.067881722
2023-12-17,41410.819634576
2023-12-18,42684.182554683
2023-12-19,42250.206182798
2023-12-20,43634.124168496
2023-12-21,43849.699599396
2023-12-22,44003.696021644
2023-12-23,43752.030884784
2023-12-24,43034.971063092
2023-12-25,43638.236302201
2023-12-26,42516.426940283
2023-12-27,43418.467775043
2023-12-28,42600.650633156
2023-12-29,42074.707156188
2023-12-30,42220.611401214
2023-12-31,42208.202176186
2024-01-01,44168.681186875
2024-01-02,44994.673886892
2024-01-03,42821.558989158
2024-01-04,44195.5785621
2024-01-05,44113.699733891
2024-01-06,43956.120717202
2024-01-07,43883.743879052
2024-01-08,46936.185561218
2024-01-09,46105.946078287
2024-01-10,46632.31314805
2024-01-11,46314.355541603
2024-01-12,42893.929605505
2024-01-13,42848.474516407
2024-01-14,41800.932821934
2024-01-15,42587.336038354
2024-01-16,43148.001643427
2024-01-17,42713.859186939
2024-01-18,41261.39479801
2024-01-19,41600.940932545
2024-01-20,41626.107110037
2024-01-21,41541.899457063
2024-01-22,39504.730057584
2024-01-23,39833.454105017
2024-01-24,40123.671058471
2024-01-25,39938.286441559
2024-01-26,41862.93561094
2024-01-27,42119.610494643
2024-01-28,42026.578562321
2024-01-29,43267.609276388
2024-01-30,42892.034530144
2024-01-31,42583.263546634
2024-02-01,43069.043420937
2024-02-02,43170.6585616
2024-02-03,42976.848299908
2024-02-04,42599.35997056
2024-02-05,42648.456921135
2024-02-06,43087.787408143
2024-02-07,44247.415415479
2024-02-08,45338.271189789
2024-02-09,47143.242991071
2024-02-10,47768.995251248
2024-02-11,48189.88179304
2024-02-12,50050.136094564
2024-02-13,49732.145369554
2024-02-14,51790.169297526
2024-02-15,51958.230291055
2024-02-16,52166.434309762
2024-02-17,51684.517492645
2024-02-18,52138.485788737
2024-02-19,51764.313185488
2024-02-20,52286.793725547
2024-02-21,51842.756766256
2024-02-22,51319.500125703
2024-02-23,50841.081094771
2024-02-24,51553.096712831
2024-02-25,51751.884054935
2024-02-26,54478.191083123
2024-02-27,57003.526737308
2024-02-28,62558.582024193
2024-02-29,61298.216861102
2024-03-01,62426.640529192
2024-03-02,62067.866802122
2024-03-03,63053.105439064
2024-03-04,68186.645934322
2024-03-05,64291.536557569
2024-03-06,66145.919278508
2024-03-07,66944.876390536
2024-03-08,68315.251920783
2024-03-09,68508.003962616
2024-03-10,69075.666881957
2024-03-11,72130.553007657
2024-03-12,71467.173503261
2024-03-13,73097.767026941
2024-03-14,71420.031801423
2024-03-15,69497.763192946
2024-03-16,65292.313293313
2024-03-17,68425.415656431
2024-03-18,67708.943609308
2024-03-19,62132.517378734
2024-03-20,67819.05570684
2024-03-21,65535.978448477
2024-03-22,63509.044965231
2024-03-23,64285.802791022
2024-03-24,67310.983268101
2024-03-25,69938.945302002
2024-03-26,70082.05122476
2024-03-27,69435.750403052
2024-03-28,70710.195348633
2024-03-29,69919.055461486
2024-03-30,69702.308747357
2024-03-31,71246.951440601
2024-04-01,69785.925038024
2024-04-02,65440.419225872
2024-04-03,66123.938539074
2024-04-04,68542.177152795
2024-04-05,67978.610234085
2024-04-06,69000.649916478
2024-04-07,69401.97360911
2024-04-08,71624.18486237
2024-04-09,69158.643812077
2024-04-10,70527.88997579
2024-04-11,70106.664130709
2024-04-12,67252.105042266
2024-04-13,64404.825489074
2024-04-14,65752.660047289
2024-04-15,63430.571457368
2024-04-16,63720.501587481
2024-04-17,61328.897988607
2024-04-18,63461.592695107
2024-04-19,63988.818471786
2024-04-20,64894.418691092
2024-04-21,64936.420756774
2024-04-22,66841.666852074
2024-04-23,66406.952443927
2024-04-24,64279.518128575
2024-04-25,64486.183359159
2024-04-26,63802.330049259
2024-04-27,63517.24874341
2024-04-28,63030.433616682
2024-04-29,63797.6796359
2024-04-30,60749.472092164
2024-05-01,58297.574075325
2024-05-02,59135.173360773
2024-05-03,62839.340735694
2024-05-04,63820.451902925
2024-05-05,64010.008652109
2024-05-06,63172.481295513
2024-05-07,62363.057191719
2024-05-08,61215.504008792
2024-05-09,63148.599943097
2024-05-10,60888.216749572
2024-05-11,60776.972079172
2024-05-12,61507.054004121
2024-05-13,62878.783300729
2024-05-14,61569.113005773
2024-05-15,66220.518314328
2024-05-16,65260.879803346
2024-05-17,67053.123265096
2024-05-18,66912.618614037
2024-05-19,66252.712595916
2024-05-20,71430.297002151
2024-05-21,70189.8358177
2024-05-22,69181.200856778
2024-05-23,67906.465342761
2024-05-24,68539.91646553
2024-05-25,69268.445589738
2024-05-26,68508.831108757
2024-05-27,69367.238717557
2024-05-28,68316.635880496
2024-05-29,67577.26558996
2024-05-30,68372.492884341
2024-05-31,67474.954836984
2024-06-01,67704.326418115
2024-06-02,67740.016902225
2024-06-03,68808.293685905
2024-06-04,70600.011166761
2024-06-05,71184.599430592
2024-06-06,70759.588193014
2024-06-07,69325.362388472
2024-06-08,69315.104123397
2024-06-09,69654.160737604
2024-06-10,69493.177609157
2024-06-11,67329.152327243
2024-06-12,68224.51967502
2024-06-13,66700.316965644
2024-06-14,66011.078737137
2024-06-15,66190.487489113
2024-06-16,66615.537821318
2024-06-17,66460.3889791
2024-06-18,65109.31481219
2024-06-19,64907.074607603
2024-06-20,64844.674417978
2024-06-21,64071.62428471
2024-06-22,64239.903488131
2024-06-23,63221.357384375
2024-06-24,60363.234975296
2024-06-25,61770.413870095
2024-06-26,60749.89619402
2024-06-27,61562.6453255
2024-06-28,60317.096979451
2024-06-29,60864.443161934
2024-06-30,62734.393839455
2024-07-01,62819.822269218
2024-07-02,62042.565037101
2024-07-03,60244.680764331
2024-07-04,57189.174124086
2024-07-05,56739.862851072
2024-07-06,58230.484154227
2024-07-07,55880.375377671
2024-07-08,56665.14073352
2024-07-09,57988.303512084
2024-07-10,57704.202284463
2024-07-11,57388.192479167
2024-07-12,57899.288957496
2024-07-13,59152.719138873
2024-07-14,60942.327739963
2024-07-15,64835.489733216
2024-07-16,65162.236252344
2024-07-17,64136.313843607
2024-07-18,63959.569008094
2024-07-19,66689.54880735
2024-07-20,67206.064706149
2024-07-21,68088.139963245
2024-07-22,67607.713399189
2024-07-23,65942.417465228
2024-07-24,65403.535130225
2024-07-25,65749.963619653
2024-07-26,67920.296485703
2024-07-27,68055.408389687
2024-07-28,68242.247444049
2024-07-29,66770.320918483
2024-07-30,66219.051024861
2024-07-31,64679.778647033
2024-08-01,65357.529607674
2024-08-02,61407.295473975
2024-08-03,60738.744925057
2024-08-04,58006.206586687
2024-08-05,53956.261841597
2024-08-06,55959.841073994
2024-08-07,55099.951811467
2024-08-08,61859.031599042
2024-08-09,60912.588533351
2024-08-10,60887.708616415
2024-08-11,58804.234499926
2024-08-12,59350.074332707
2024-08-13,60601.223177897
2024-08-14,58739.19382231
2024-08-15,57624.116928522
2024-08-16,58881.925791512
2024-08-17,59430.791634459
2024-08-18,58438.293742685
2024-08-19,59574.945812941
2024-08-20,59060.126100741
2024-08-21,61144.687628666
2024-08-22,60387.540623214
2024-08-23,64049.685615556
2024-08-24,64157.160613478
2024-08-25,64265.816312729
2024-08-26,62922.586346763
2024-08-27,59526.560879591
2024-08-28,59015.296338879
2024-08-29,59351.579490973
2024-08-30,59156.246036464
2024-08-31,58960.236586646
2024-09-01,57357.716172822
2024-09-02,59108.732358637
2024-09-03,57504.53858622
2024-09-04,57987.846014101
2024-09-05,56132.404732089
2024-09-06,53923.356110719
2024-09-07,54150.938358907
2024-09-08,54792.407557686
2024-09-09,57049.118751143
2024-09-10,57624.161783361
2024-09-11,57381.764445
2024-09-12,58106.951229815
2024-09-13,60620.627472958
2024-09-14,60003.29940083
2024-09-15,59214.802268018
2024-09-16,58211.123231286
2024-09-17,60317.031979463
2024-09-18,61440.412084945
2024-09-19,62966.529319105
2024-09-20,63128.224540748
2024-09-21,63403.402349259
2024-09-22,63582.599569248
2024-09-23,63327.026544502
2024-09-24,64334.142748761
2024-09-25,63151.899594013
2024-09-26,65130.768840232
2024-09-27,65791.002125417
2024-09-28,65934.107094414
2024-09-29,65663.689866623
2024-09-30,63243.275324644
2024-10-01,60872.668543726
2024-10-02,60655.559791968
2024-10-03,60727.863951693
2024-10-04,62103.010472833
2024-10-05,62091.932585194
2024-10-06,62811.799728113
2024-10-07,62287.390105107
2024-10-08,62185.230423728
2024-10-09,60597.150456183
2024-10-10,60195.180737725
2024-10-11,62392.340482932
2024-10-12,63207.770621276
2024-10-13,62829.533686089
2024-10-14,66049.99492708
2024-10-15,66962.219944968
2024-10-16,67647.544147669
2024-10-17,67328.10527003
2024-10-18,68465.619206687
2024-10-19,68388.871289653
2024-10-20,68962.829180457
2024-10-21,67394.857757356
2024-10-22,67351.047935125
2024-10-23,66683.968065423
2024-10-24,68214.052051574
2024-10-25,66585.665355014
2024-10-26,67018.165017027
2024-10-27,67938.554128857
2024-10-28,69845.304531169
2024-10-29,72781.113081581
2024-10-30,72342.62171128
2024-10-31,70264.997355733
2024-11-01,69507.922563956
2024-11-02,69299.160366994
2024-11-03,68803.506262775
2024-11-04,67793.297827048
2024-11-05,69335.425531338
2024-11-06,75620.886069632
2024-11-07,75987.241783207
2024-11-08,76550.021384561
2024-11-09,76630.226314154
2024-11-10,80466.716548335
2024-11-11,88637.420003229
2024-11-12,88264.599745829
2024-11-13,90488.100074978
2024-11-14,87407.512737101
2024-11-15,90947.975094437
2024-11-16,90606.454893807
2024-11-17,89841.471941351
2024-11-18,90534.624596503
2024-11-19,92251.652407383
2024-11-20,94217.022296342
2024-11-21,98509.118591024
2024-11-22,98927.494945534
2024-11-23,97679.46381643
2024-11-24,98015.935528946
2024-11-25,93004.700931033
2024-11-26,91931.830772918
2024-11-27,95981.180572106
2024-11-28,95661.595958179
2024-11-29,97453.247345104
2024-11-30,96513.142346982
2024-12-01,97311.707190843
2024-12-02,95833.136230036
2024-12-03,96031.630977598
2024-12-04,98881.469456182
2024-12-05,97201.500364077
2024-12-06,99973.851506598
2024-12-07,99781.829991982
2024-12-08,101235.371702532
2024-12-09,97353.947008209
2024-12-10,96649.714467715
2024-12-11,101123.618110337
2024-12-12,100000.808365352
2024-12-13,101352.229712923
2024-12-14,101367.010645534
2024-12-15,104721.50151809
2024-12-16,106074.107235412
2024-12-17,106034.913402645
2024-12-18,100355.57614815
2024-12-19,97851.353770758
2024-12-20,97691.434316927
2024-12-21,97202.824968476
2024-12-22,95094.273948622
2024-12-23,94644.910854643
2024-12-24,98695.714007826
2024-12-25,99344.954173672
2024-12-26,95678.312445654
2024-12-27,94331.947270531
2024-12-28,95184.619452886
2024-12-29,93663.447519641
2024-12-30,92627.282131133
2024-12-31,93507.858747415
2025-01-01,94384.176115387
2025-01-02,96852.146812351
2025-01-03,98084.342792808
2025-01-04,98256.738768499
2025-01-05,98364.589465998
2025-01-06,102229.394531897
2025-01-07,96952.09886775
2025-01-08,95016.714409892
2025-01-09,92376.275783461
2025-01-10,94736.626742097
2025-01-11,94559.551672242
2025-01-12,94454.770896388
2025-01-13,94456.349374699
2025-01-14,96574.077687992
2025-01-15,100313.152398284
2025-01-16,100044.579267764
2025-01-17,104160.693584842
2025-01-18,104334.615757244
2025-01-19,101275.337148142
2025-01-20,101764.908601705
2025-01-21,106182.236820181
2025-01-22,103673.535095378
2025-01-23,104067.609912069
2025-01-24,104835.19253556
2025-01-25,104796.040777382
2025-01-26,102552.248742802
2025-01-27,101958.469537456
2025-01-28,101313.112644983
2025-01-29,103718.979398136
2025-01-30,104781.51351001
2025-01-31,102382.394097222
2025-02-01,100674.78762545
2025-02-02,97568.316530249
2025-02-03,101466.860665704
2025-02-04,98118.439216645
2025-02-05,96582.886829191
2025-02-06,96635.418753322
2025-02-07,96558.456309667
2025-02-08,96558.237625011
2025-02-09,96548.578653796
2025-02-10,97399.981613832
2025-02-11,95739.977370792
2025-02-12,97836.188561275
2025-02-13,96561.663999098
2025-02-14,97488.481485365
2025-02-15,97569.951694305
2025-02-16,96149.34845482
2025-02-17,95776.157238527
2025-02-18,95495.891532993
2025-02-19,96554.871562593
2025-02-20,98384.317382403
2025-02-21,96135.155413053
2025-02-22,96564.154142902
2025-02-23,96327.463091278
2025-02-24,91396.766869303
2025-02-25,88755.769335698
2025-02-26,83900.114965248
2025-02-27,84709.14477848
2025-02-28,84441.901223713
2025-03-01,86005.25629681
2025-03-02,94261.532865384
2025-03-03,86124.714187222
2025-03-04,87310.805310783
2025-03-05,90604.080985236
2025-03-06,90001.40087607
2025-03-07,86773.335975554
2025-03-08,86142.983358643
2025-03-09,80751.138933009
2025-03-10,78783.940579343
2025-03-11,82799.108029205
2025-03-12,83884.24578829
2025-03-13,81098.900524362
2025-03-14,83971.709160646
2025-03-15,84391.690876472
2025-03-16,82610.617503439
2025-03-17,84075.365596945
2025-03-18,82780.030486883
2025-03-19,86815.441094707
2025-03-20,84270.843589662
2025-03-21,84009.532917822
2025-03-22,83793.308541926
2025-03-23,85787.709149018
2025-03-24,87327.729696691
2025-03-25,87520.583915306
2025-03-26,86960.855549104
2025-03-27,87227.271580324
2025-03-28,84359.46915506
2025-03-29,82679.17255385
2025-03-30,82356.381111838
2025-03-31,82514.093653978
2025-04-01,85237.587605285
2025-04-02,82526.422152643
2025-04-03,83163.987573877
2025-04-04,83852.007653996
2025-04-05,83595.885501775
2025-04-06,78211.483582
2025-04-07,79179.292267578
2025-04-08,76329.090356324
2025-04-09,82622.170295463
2025-04-10,79596.357322508
2025-04-11,83439.288180438
2025-04-12,85305.097283927
2025-04-13,83600.820100545
2025-04-14,84523.452491495
2025-04-15,83656.49248858
2025-04-16,84105.779421671
2025-04-17,84930.90857601
2025-04-18,84433.750172154
2025-04-19,85126.662443018
2025-04-20,85073.165448581
2025-04-21,87452.046990683
2025-04-22,93576.16588574
2025-04-23,93605.452308732
2025-04-24,93872.814228673
2025-04-25,94773.112006435
2025-04-26,94644.066371201
2025-04-27,93809.337819682
2025-04-28,95030.606454744
2025-04-29,94256.359463181
2025-04-30,94235.753310482
2025-05-01,96426.94522273
2025-05-02,96855.568134394
2025-05-03,95922.868424044
2025-05-04,94326.620485292
2025-05-05,94758.823710555
2025-05-06,96854.531988159
2025-05-07,97026.493769668
2025-05-08,103076.275555129
2025-05-09,102962.540456923
2025-05-10,104630.879299417
2025-05-11,103994.061616746
2025-05-12,102876.830428601
2025-05-13,104184.490392707
2025-05-14,103594.425750907
2025-05-15,103708.851364236
2025-05-16,103556.034939824
2025-05-17,103212.364838855
2025-05-18,106030.637683136
2025-05-19,105629.415804367
2025-05-20,106786.71995834
2025-05-21,109665.863716253
2025-05-22,111560.356938144
2025-05-23,107216.668568706
2025-05-24,107831.363743804
2025-05-25,108861.810377443
2025-05-26,109377.715132631
2025-05-27,109068.456949014
2025-05-28,107838.184311002
2025-05-29,105745.41660358
2025-05-30,104010.919562426
2025-05-31,104687.507429349
2025-06-01,105710.005938228
2025-06-02,105884.742632211
2025-06-03,105434.47745145
2025-06-04,104812.918218807
2025-06-05,101650.738754543
2025-06-06,104409.749679591
2025-06-07,105681.454614176
2025-06-08,105692.24740699
2025-06-09,110261.574859485
2025-06-10,110212.732521096
2025-06-11,108679.976091617
2025-06-12,105979.229023759
2025-06-13,106045.564408192
2025-06-14,105482.906116289
2025-06-15,105554.493830617
2025-06-16,106951.27201815
2025-06-17,104683.424798357
2025-06-18,104722.695052907
2025-06-19,104690.650024581
2025-06-20,103290.105144757
2025-06-21,101532.568384733
2025-06-22,100852.582646488
2025-06-23,105511.624379331
2025-06-24,105976.069298084
2025-06-25,107238.530450163
2025-06-26,106984.012537757
2025-06-27,107078.915606441
2025-06-28,107331.585484636
2025-06-29,108396.616313179
2025-06-30,107132.799107019
2025-07-01,105613.399741631
2025-07-02,108824.444231679
2025-07-03,109602.20483914
2025-07-04,108040.89194001
2025-07-05,108217.468499924
2025-07-06,109215.197718403
2025-07-07,108300.71675785
2025-07-08,108953.191877278
2025-07-09,111327.530542457
2025-07-10,115879.650301125
2025-07-11,117571.02510036
2025-07-12,117418.957450077
2025-07-13,119117.556663276
2025-07-14,119833.674467124
2025-07-15,117678.194934043
2025-07-16,118748.162736775
2025-07-17,119445.36520434
2025-07-18,117988.946644558
2025-07-19,117901.626559009
2025-07-20,117256.920822268
2025-07-21,117482.469777673
2025-07-22,119955.795706077
2025-07-23,118629.055881304
2025-07-24,118354.435174386
2025-07-25,117540.808370857
2025-07-26,117959.542343606
2025-07-27,119418.914051415
2025-07-28,118003.302016078
2025-07-29,117853.308928638
2025-07-30,117833.240879959
2025-07-31,115700.002439158
2025-08-01,113234.605134319
2025-08-02,112554.902322217
2025-08-03,114199.109664608
2025-08-04,115138.686130702
2025-08-05,114128.354088817
2025-08-06,115022.095768309
2025-08-07,117463.474510852
2025-08-08,116688.366631861
2025-08-09,116510.083932138
2025-08-10,119266.925168806
2025-08-11,118773.79960861
2025-08-12,120202.534855032
2025-08-13,123560.993635773
2025-08-14,118405.59579824
2025-08-15,117339.791902133
2025-08-16,117501.21653395
2025-08-17,117542.836877781
2025-08-18,116256.412767409
2025-08-19,112778.344835558
2025-08-20,114252.397551954
2025-08-21,112414.399873365
2025-08-22,116834.249482023
2025-08-23,115359.983467147
2025-08-24,113399.54847315
2025-08-25,110185.354439004
2025-08-26,111842.709992606
2025-08-27,111216.084796292
2025-08-28,112525.597406698
2025-08-29,108480.306666394
2025-08-30,108781.957279257
2025-08-31,108253.360923856
2025-09-01,109162.685579923
2025-09-02,111190.182098454
2025-09-03,111711.519777251
2025-09-04,110724.736377486
2025-09-05,110662.181126285
2025-09-06,110209.188824778
2025-09-07,111131.992386841
2025-09-08,112025.128781188
2025-09-09,111547.439564348
2025-09-10,113975.324894688
2025-09-11,115503.16663193
2025-09-12,116160.143445945
2025-09-13,115970.58488443
2025-09-14,115373.555558868
2025-09-15,115397.252727275
2025-09-16,116762.849686419
2025-09-17,116455.946482253
2025-09-18,117145.49508952
2025-09-19,115655.810464413
2025-09-20,115715.515367818
2025-09-21,115304.47999407
2025-09-22,112696.741017119
2025-09-23,112022.165878612
2025-09-24,113320.56908541
2025-09-25,108963.530135956
2025-09-26,109710.208746677
2025-09-27,109654.810210757
2025-09-28,112142.573627527
2025-09-29,114309.150411194
2025-09-30,114024.227835501
2025-10-01,118503.244517525
2025-10-02,120611.719115911
2025-10-03,122250.151868428
2025-10-04,122380.937084633
2025-10-05,123506.185200277
2025-10-06,124773.508230744
2025-10-07,121518.755935751
2025-10-08,123352.504875232
2025-10-09,121698.030667783
2025-10-10,113201.740641389
2025-10-11,110853.116638839
2025-10-12,115189.571463726
2025-10-13,115222.283021165
2025-10-14,113156.569438269
2025-10-15,110708.669608794
2025-10-16,108076.728620332
2025-10-17,106443.611949846
2025-10-18,107156.003376477
2025-10-19,108621.134857428
2025-10-20,110608.571493266
2025-10-21,108486.102627166
2025-10-22,107618.42667154
2025-10-23,110048.518272916
2025-10-24,110997.804371297
2025-10-25,111620.309373135
2025-10-26,114476.012275086
2025-10-27,114182.794428068
2025-10-28,112950.348632595
2025-10-29,110046.669258373
2025-10-30,108240.765287257
2025-10-31,109573.905556291
2025-11-01,110014.135567761
2025-11-02,110650.209282315
2025-11-03,106521.086738258
2025-11-04,101635.274022723
2025-11-05,103877.959659552
2025-11-06,101322.640294586
2025-11-07,103396.084215925
2025-11-08,102290.137146552
2025-11-09,104709.678616563
2025-11-10,105909.072723217
2025-11-11,102960.775645006
2025-11-12,101521.708594536
2025-11-13,99730.45339562
2025-11-14,94456.393682353
2025-11-15,95508.310198892
2025-11-16,94411.32947183
2025-11-17,92036.725504567
2025-11-18,92819.759215009
2025-11-19,91363.278386934
2025-11-20,86649.972579182
2025-11-21,85051.8019295
2025-11-22,84682.624291477
2025-11-23,86783.847668396
2025-11-24,88229.357407198
2025-11-25,87310.331599504
2025-11-26,90474.226779697
2025-11-27,91279.060571764
2025-11-28,90950.37695911
2025-11-29,90841.452581937
2025-11-30,90406.284485711
2025-12-01,86281.495197769
2025-12-02,91344.732751502
2025-12-03,93619.437508171
2025-12-04,92140.704197958
2025-12-05,89307.09154513
2025-12-06,89244.762081412
2025-12-07,90162.907140071
2025-12-08,90618.053520461
2025-12-09,92723.213720696
2025-12-10,92005.137149574
2025-12-11,92494.176916404
2025-12-12,90307.260285678
2025-12-13,90257.429288589
2025-12-14,88230.774093679
2025-12-15,86413.919019564
2025-12-16,87821.889191091
2025-12-17,86064.94716216
2025-12-18,85450.33120093
2025-12-19,88103.86075721
2025-12-20,88347.94310568
2025-12-21,88577.420383588
2025-12-22,88491.120207881
2025-12-23,87406.43636738
2025-12-24,87642.6088812
2025-12-25,87229.780660109
2025-12-26,87305.956559614
2025-12-27,87807.003210775
2025-12-28,87822.908290768
2025-12-29,87156.562660801
2025-12-30,88414.628560734
2025-12-31,87520.180487429
2026-01-01,88727.670042497
2026-01-02,89926.279249534
2026-01-03,90593.854431804
2026-01-04,91373.215881084
2026-01-05,93926.795648566
2026-01-06,93666.863873143
2026-01-07,91257.155440359
2026-01-08,90983.515781426
2026-01-09,90504.8956034
2026-01-10,90442.01907847
2026-01-11,90819.365989042
2026-01-12,91134.969179515
2026-01-13,95260.4422971
2026-01-14,97007.780788813
2026-01-15,95584.827978785
2026-01-16,95516.077719871
2026-01-17,95099.531925546
2026-01-18,93752.705771882
2026-01-19,92558.463343721
2026-01-20,88312.840532556
2026-01-21,89354.343775121
2026-01-22,89443.397441469
2026-01-23,89412.398499531
2026-01-24,89170.873645315
2026-01-25,86548.322134698
2026-01-26,88307.861207044
2026-01-27,89204.222396445
2026-01-28,89162.09701575
2026-01-29,84570.409061359
2026-01-30,84141.778569673
2026-01-31,78725.858538845
2026-02-01,76937.064066368
2026-02-02,78767.658153459
2026-02-03,75638.956702074
2026-02-04,73172.292032489
2026-02-05,62853.69038446
2026-02-06,70523.954170358
2026-02-07,69296.806773551
2026-02-08,70542.373294639
2026-02-09,70096.406922726
2026-02-10,68779.909812691
2026-02-11,66937.58141158
2026-02-12,66184.577654704
2026-02-13,68838.874905104
2026-02-14,69765.596388243
2026-02-15,68716.583374864
2026-02-16,68907.783536062
2026-02-17,67489.45540268
2026-02-18,66456.353762068
2026-02-19,66918.684174676
2026-02-20,67970.294031332
2026-02-21,67977.90904199
2026-02-22,67585.117189382
2026-02-23,64577.553200674
2026-02-24,64074.110985282
2026-02-25,67947.391855852
2026-02-26,67469.06040327
2026-02-27,65883.990962353
2026-02-28,67008.454357462
2026-03-01,65713.498989112
2026-03-02,68864.036919185
2026-03-03,68321.617848425
2026-03-04,72669.770165222
2026-03-05,70874.986871401
2026-03-06,68148.283399665
2026-03-07,67271.190777718
2026-03-08,66036.157823627
2026-03-09,68459.315370953
2026-03-10,69883.008875799
2026-03-11,70226.818790692
2026-03-12,70544.425354619
2026-03-13,70965.282286005
2026-03-14,71217.10102838
2026-03-15,72681.913253889
2026-03-16,74858.148701003
2026-03-17,73926.278991524
2026-03-18,71255.863502656
2026-03-19,69871.451479612
2026-03-20,70552.625300094
2026-03-21,68733.547794587
2026-03-22,67848.876058218
2026-03-23,70892.828239944
2026-03-24,70524.511759428
2026-03-25,71309.264038563
2026-03-26,68791.110938004
2026-03-27,66321.016242762
2026-03-28,66321.065399947
2026-03-29,65970.428995134
2026-03-30,66699.274368936
2026-03-31,68231.830479933
2026-04-01,68089.055382167
2026-04-02,66891.664568682
2026-04-03,66939.691217153
2026-04-04,67304.249556354
2026-04-05,68985.526426945
2026-04-06,68864.234527573
2026-04-07,71975.621710459
2026-04-08,71117.077134118
2026-04-09,71770.746850051
2026-04-10,72972.70823557
2026-04-11,73053.888084838
2026-04-12,70756.751055
2026-04-13,74514.63006655
2026-04-14,74181.108072289
2026-04-15,74833.506391324
2026-04-16,75149.193022143
2026-04-17,77128.443348581
2026-04-18,75728.456817618
2026-04-19,73856.055014876
2026-04-20,75874.54629353
2026-04-21,76350.252028788
2026-04-22,78194.783348849
2026-04-23,78260.619980451
2026-04-24,77444.795636921
2026-04-25,77619.142198727
2026-04-26,78645.125601709
2026-04-27,77361.299110388
2026-04-28,76345.225210025
2026-04-29,75774.885523012
2026-04-30,76286.577109509
2026-05-01,78172.074221479
2026-05-02,78655.345553319
2026-05-03,78562.550517549
2026-05-04,79830.0
2026-05-05,80878.0
