date,circulating_supply_native
2018-01-01,16776512.5
2018-01-02,16778650.0
2018-01-03,16780612.5
2018-01-04,16782712.5
2018-01-05,16784500.0
2018-01-06,16786600.0
2018-01-07,16788625.0
2018-01-08,16790700.0
2018-01-09,16792750.0
2018-01-10,16794825.0
2018-01-11,16797237.5
2018-01-12,16799462.5
2018-01-13,16801325.0
2018-01-14,16803262.5
2018-01-15,16805137.5
2018-01-16,16807125.0
2018-01-17,16809212.5
2018-01-18,16811375.0
2018-01-19,16813437.5
2018-01-20,16815662.5
2018-01-21,16818000.0
2018-01-22,16820087.5
2018-01-23,16822300.0
2018-01-24,16824500.0
2018-01-25,16826475.0
2018-01-26,16828412.5
2018-01-27,16830375.0
2018-01-28,16832350.0
2018-01-29,16834200.0
2018-01-30,16836287.5
2018-01-31,16837750.0
2018-02-01,16839750.0
2018-02-02,16841850.0
2018-02-03,16843825.0
2018-02-04,16846050.0
2018-02-05,16848362.5
2018-02-06,16850487.5
2018-02-07,16852250.0
2018-02-08,16853887.5
2018-02-09,16855575.0
2018-02-10,16857362.5
2018-02-11,16859250.0
2018-02-12,16861325.0
2018-02-13,16863375.0
2018-02-14,16865612.5
2018-02-15,16867250.0
2018-02-16,16869212.5
2018-02-17,16871075.0
2018-02-18,16873100.0
2018-02-19,16875125.0
2018-02-20,16876887.5
2018-02-21,16879000.0
2018-02-22,16880862.5
2018-02-23,16882712.5
2018-02-24,16884525.0
2018-02-25,16886662.5
2018-02-26,16888425.0
2018-02-27,16890425.0
2018-02-28,16892362.5
2018-03-01,16894425.0
2018-03-02,16896375.0
2018-03-03,16898625.0
2018-03-04,16900475.0
2018-03-05,16902337.5
2018-03-06,16904287.5
2018-03-07,16906250.0
2018-03-08,16908275.0
2018-03-09,16910100.0
2018-03-10,16911850.0
2018-03-11,16913762.5
2018-03-12,16915775.0
2018-03-13,16917750.0
2018-03-14,16919550.0
2018-03-15,16921350.0
2018-03-16,16923300.0
2018-03-17,16925162.5
2018-03-18,16927050.0
2018-03-19,16928987.5
2018-03-20,16930575.0
2018-03-21,16932475.0
2018-03-22,16934262.5
2018-03-23,16935925.0
2018-03-24,16937875.0
2018-03-25,16939562.5
2018-03-26,16941437.5
2018-03-27,16943337.5
2018-03-28,16945025.0
2018-03-29,16946925.0
2018-03-30,16948950.0
2018-03-31,16950550.0
2018-04-01,16952575.0
2018-04-02,16954525.0
2018-04-03,16956562.5
2018-04-04,16958400.0
2018-04-05,16960350.0
2018-04-06,16962075.0
2018-04-07,16964325.0
2018-04-08,16966337.5
2018-04-09,16968175.0
2018-04-10,16970225.0
2018-04-11,16972237.5
2018-04-12,16974162.5
2018-04-13,16976225.0
2018-04-14,16977937.5
2018-04-15,16979975.0
2018-04-16,16981737.5
2018-04-17,16983762.5
2018-04-18,16985762.5
2018-04-19,16987987.5
2018-04-20,16989700.0
2018-04-21,16991687.5
2018-04-22,16993687.5
2018-04-23,16995600.0
2018-04-24,16997587.5
2018-04-25,16999125.0
2018-04-26,17000887.5
2018-04-27,17002662.5
2018-04-28,17004262.5
2018-04-29,17006237.5
2018-04-30,17008175.0
2018-05-01,17010150.0
2018-05-02,17011900.0
2018-05-03,17013787.5
2018-05-04,17015512.5
2018-05-05,17017525.0
2018-05-06,17019237.5
2018-05-07,17021112.5
2018-05-08,17022850.0
2018-05-09,17024850.0
2018-05-10,17026775.0
2018-05-11,17028362.5
2018-05-12,17030425.0
2018-05-13,17032275.0
2018-05-14,17033925.0
2018-05-15,17035750.0
2018-05-16,17037987.5
2018-05-17,17039637.5
2018-05-18,17041487.5
2018-05-19,17043412.5
2018-05-20,17045212.5
2018-05-21,17047175.0
2018-05-22,17049062.5
2018-05-23,17051087.5
2018-05-24,17052875.0
2018-05-25,17055075.0
2018-05-26,17057100.0
2018-05-27,17059150.0
2018-05-28,17061100.0
2018-05-29,17062837.5
2018-05-30,17065012.5
2018-05-31,17067137.5
2018-06-01,17069212.5
2018-06-02,17071112.5
2018-06-03,17073150.0
2018-06-04,17075437.5
2018-06-05,17077625.0
2018-06-06,17079462.5
2018-06-07,17081250.0
2018-06-08,17083062.5
2018-06-09,17084850.0
2018-06-10,17086437.5
2018-06-11,17088187.5
2018-06-12,17090000.0
2018-06-13,17091787.5
2018-06-14,17093700.0
2018-06-15,17095612.5
2018-06-16,17097687.5
2018-06-17,17099650.0
2018-06-18,17101700.0
2018-06-19,17103637.5
2018-06-20,17105575.0
2018-06-21,17107700.0
2018-06-22,17109587.5
2018-06-23,17111587.5
2018-06-24,17113725.0
2018-06-25,17115687.5
2018-06-26,17117512.5
2018-06-27,17119025.0
2018-06-28,17120987.5
2018-06-29,17122875.0
2018-06-30,17124637.5
2018-07-01,17126475.0
2018-07-02,17128237.5
2018-07-03,17129687.5
2018-07-04,17131362.5
2018-07-05,17133075.0
2018-07-06,17135075.0
2018-07-07,17137025.0
2018-07-08,17139000.0
2018-07-09,17140700.0
2018-07-10,17142562.5
2018-07-11,17144250.0
2018-07-12,17146012.5
2018-07-13,17147800.0
2018-07-14,17149462.5
2018-07-15,17151125.0
2018-07-16,17152625.0
2018-07-17,17154612.5
2018-07-18,17156787.5
2018-07-19,17158925.0
2018-07-20,17160850.0
2018-07-21,17162562.5
2018-07-22,17164837.5
2018-07-23,17166912.5
2018-07-24,17168900.0
2018-07-25,17171112.5
2018-07-26,17173175.0
2018-07-27,17175262.5
2018-07-28,17177075.0
2018-07-29,17179200.0
2018-07-30,17180875.0
2018-07-31,17182712.5
2018-08-01,17184587.5
2018-08-02,17186500.0
2018-08-03,17188575.0
2018-08-04,17190775.0
2018-08-05,17192775.0
2018-08-06,17194412.5
2018-08-07,17196300.0
2018-08-08,17198262.5
2018-08-09,17200125.0
2018-08-10,17202325.0
2018-08-11,17204450.0
2018-08-12,17206387.5
2018-08-13,17208262.5
2018-08-14,17209962.5
2018-08-15,17211975.0
2018-08-16,17213950.0
2018-08-17,17215850.0
2018-08-18,17217850.0
2018-08-19,17219662.5
2018-08-20,17221537.5
2018-08-21,17223387.5
2018-08-22,17225387.5
2018-08-23,17227250.0
2018-08-24,17229075.0
2018-08-25,17230762.5
2018-08-26,17232925.0
2018-08-27,17235237.5
2018-08-28,17237150.0
2018-08-29,17238887.5
2018-08-30,17240812.5
2018-08-31,17242750.0
2018-09-01,17244637.5
2018-09-02,17246437.5
2018-09-03,17248237.5
2018-09-04,17249812.5
2018-09-05,17251462.5
2018-09-06,17253337.5
2018-09-07,17255237.5
2018-09-08,17257112.5
2018-09-09,17259150.0
2018-09-10,17260837.5
2018-09-11,17262600.0
2018-09-12,17264700.0
2018-09-13,17266550.0
2018-09-14,17268200.0
2018-09-15,17269950.0
2018-09-16,17271687.5
2018-09-17,17273375.0
2018-09-18,17275150.0
2018-09-19,17277100.0
2018-09-20,17279025.0
2018-09-21,17280825.0
2018-09-22,17282762.5
2018-09-23,17284637.5
2018-09-24,17286487.5
2018-09-25,17288600.0
2018-09-26,17290337.5
2018-09-27,17292125.0
2018-09-28,17294050.0
2018-09-29,17295950.0
2018-09-30,17297987.5
2018-10-01,17299962.5
2018-10-02,17301675.0
2018-10-03,17303487.5
2018-10-04,17305362.5
2018-10-05,17306987.5
2018-10-06,17308550.0
2018-10-07,17310325.0
2018-10-08,17312012.5
2018-10-09,17313637.5
2018-10-10,17315437.5
2018-10-11,17317425.0
2018-10-12,17319075.0
2018-10-13,17320837.5
2018-10-14,17322262.5
2018-10-15,17324287.5
2018-10-16,17325975.0
2018-10-17,17327700.0
2018-10-18,17329425.0
2018-10-19,17331200.0
2018-10-20,17332987.5
2018-10-21,17334712.5
2018-10-22,17336650.0
2018-10-23,17338575.0
2018-10-24,17339987.5
2018-10-25,17341700.0
2018-10-26,17343487.5
2018-10-27,17345187.5
2018-10-28,17346937.5
2018-10-29,17348762.5
2018-10-30,17350687.5
2018-10-31,17352725.0
2018-11-01,17354650.0
2018-11-02,17356437.5
2018-11-03,17358450.0
2018-11-04,17359987.5
2018-11-05,17361787.5
2018-11-06,17363387.5
2018-11-07,17365012.5
2018-11-08,17366525.0
2018-11-09,17368112.5
2018-11-10,17369750.0
2018-11-11,17371575.0
2018-11-12,17373325.0
2018-11-13,17374825.0
2018-11-14,17376512.5
2018-11-15,17378100.0
2018-11-16,17379675.0
2018-11-17,17381487.5
2018-11-18,17383025.0
2018-11-19,17384600.0
2018-11-20,17386250.0
2018-11-21,17387562.5
2018-11-22,17389087.5
2018-11-23,17390650.0
2018-11-24,17392437.5
2018-11-25,17394025.0
2018-11-26,17395412.5
2018-11-27,17397050.0
2018-11-28,17398525.0
2018-11-29,17399837.5
2018-11-30,17401100.0
2018-12-01,17402650.0
2018-12-02,17404075.0
2018-12-03,17405500.0
2018-12-04,17407225.0
2018-12-05,17408850.0
2018-12-06,17410537.5
2018-12-07,17411962.5
2018-12-08,17413550.0
2018-12-09,17415150.0
2018-12-10,17416700.0
2018-12-11,17418262.5
2018-12-12,17419762.5
2018-12-13,17421400.0
2018-12-14,17423225.0
2018-12-15,17425087.5
2018-12-16,17426525.0
2018-12-17,17428525.0
2018-12-18,17430125.0
2018-12-19,17431987.5
2018-12-20,17433675.0
2018-12-21,17435425.0
2018-12-22,17437612.5
2018-12-23,17439812.5
2018-12-24,17441712.5
2018-12-25,17443700.0
2018-12-26,17445662.5
2018-12-27,17447837.5
2018-12-28,17449925.0
2018-12-29,17451650.0
2018-12-30,17453850.0
2018-12-31,17455787.5
2019-01-01,17457650.0
2019-01-02,17459537.5
2019-01-03,17461475.0
2019-01-04,17463337.5
2019-01-05,17465375.0
2019-01-06,17467137.5
2019-01-07,17468900.0
2019-01-08,17471012.5
2019-01-09,17473062.5
2019-01-10,17475012.5
2019-01-11,17476862.5
2019-01-12,17478587.5
2019-01-13,17480300.0
2019-01-14,17482162.5
2019-01-15,17483812.5
2019-01-16,17485475.0
2019-01-17,17487062.5
2019-01-18,17488787.5
2019-01-19,17490450.0
2019-01-20,17492412.5
2019-01-21,17494287.5
2019-01-22,17495912.5
2019-01-23,17497737.5
2019-01-24,17499762.5
2019-01-25,17501487.5
2019-01-26,17503362.5
2019-01-27,17505075.0
2019-01-28,17506887.5
2019-01-29,17508712.5
2019-01-30,17510412.5
2019-01-31,17512350.0
2019-02-01,17514325.0
2019-02-02,17516125.0
2019-02-03,17517850.0
2019-02-04,17519687.5
2019-02-05,17521525.0
2019-02-06,17523575.0
2019-02-07,17525750.0
2019-02-08,17527787.5
2019-02-09,17529662.5
2019-02-10,17531412.5
2019-02-11,17533225.0
2019-02-12,17534825.0
2019-02-13,17536737.5
2019-02-14,17538500.0
2019-02-15,17540087.5
2019-02-16,17541962.5
2019-02-17,17543950.0
2019-02-18,17545887.5
2019-02-19,17547837.5
2019-02-20,17549462.5
2019-02-21,17550950.0
2019-02-22,17552975.0
2019-02-23,17554762.5
2019-02-24,17556475.0
2019-02-25,17558262.5
2019-02-26,17560275.0
2019-02-27,17562037.5
2019-02-28,17563912.5
2019-03-01,17565937.5
2019-03-02,17567587.5
2019-03-03,17569412.5
2019-03-04,17571125.0
2019-03-05,17572987.5
2019-03-06,17574587.5
2019-03-07,17576362.5
2019-03-08,17578187.5
2019-03-09,17579912.5
2019-03-10,17581612.5
2019-03-11,17583387.5
2019-03-12,17585175.0
2019-03-13,17586862.5
2019-03-14,17588800.0
2019-03-15,17590712.5
2019-03-16,17592750.0
2019-03-17,17594575.0
2019-03-18,17596587.5
2019-03-19,17598762.5
2019-03-20,17600775.0
2019-03-21,17602562.5
2019-03-22,17604575.0
2019-03-23,17606387.5
2019-03-24,17608262.5
2019-03-25,17610112.5
2019-03-26,17611787.5
2019-03-27,17613650.0
2019-03-28,17615475.0
2019-03-29,17617312.5
2019-03-30,17619050.0
2019-03-31,17620787.5
2019-04-01,17622487.5
2019-04-02,17624450.0
2019-04-03,17626225.0
2019-04-04,17627975.0
2019-04-05,17629950.0
2019-04-06,17631687.5
2019-04-07,17633450.0
2019-04-08,17635300.0
2019-04-09,17636950.0
2019-04-10,17638800.0
2019-04-11,17640762.5
2019-04-12,17642650.0
2019-04-13,17644337.5
2019-04-14,17645862.5
2019-04-15,17647675.0
2019-04-16,17649487.5
2019-04-17,17651212.5
2019-04-18,17653075.0
2019-04-19,17654975.0
2019-04-20,17656612.5
2019-04-21,17658637.5
2019-04-22,17660312.5
2019-04-23,17661762.5
2019-04-24,17663800.0
2019-04-25,17665587.5
2019-04-26,17667475.0
2019-04-27,17669187.5
2019-04-28,17671225.0
2019-04-29,17673262.5
2019-04-30,17675012.5
2019-05-01,17677150.0
2019-05-02,17679450.0
2019-05-03,17681350.0
2019-05-04,17683000.0
2019-05-05,17684612.5
2019-05-06,17686500.0
2019-05-07,17688087.5
2019-05-08,17689987.5
2019-05-09,17691862.5
2019-05-10,17693425.0
2019-05-11,17695050.0
2019-05-12,17697025.0
2019-05-13,17699112.5
2019-05-14,17701012.5
2019-05-15,17702875.0
2019-05-16,17704700.0
2019-05-17,17706587.5
2019-05-18,17708500.0
2019-05-19,17710537.5
2019-05-20,17712550.0
2019-05-21,17714462.5
2019-05-22,17716550.0
2019-05-23,17718525.0
2019-05-24,17720437.5
2019-05-25,17722187.5
2019-05-26,17724250.0
2019-05-27,17726337.5
2019-05-28,17728387.5
2019-05-29,17730562.5
2019-05-30,17732562.5
2019-05-31,17734025.0
2019-06-01,17735912.5
2019-06-02,17737550.0
2019-06-03,17739037.5
2019-06-04,17740962.5
2019-06-05,17742962.5
2019-06-06,17744925.0
2019-06-07,17746900.0
2019-06-08,17748450.0
2019-06-09,17750287.5
2019-06-10,17752250.0
2019-06-11,17754037.5
2019-06-12,17755675.0
2019-06-13,17757562.5
2019-06-14,17759675.0
2019-06-15,17761500.0
2019-06-16,17763125.0
2019-06-17,17764787.5
2019-06-18,17766825.0
2019-06-19,17769037.5
2019-06-20,17770837.5
2019-06-21,17772500.0
2019-06-22,17774262.5
2019-06-23,17776525.0
2019-06-24,17778737.5
2019-06-25,17780562.5
2019-06-26,17782625.0
2019-06-27,17784400.0
2019-06-28,17786437.5
2019-06-29,17788612.5
2019-06-30,17790512.5
2019-07-01,17792300.0
2019-07-02,17794275.0
2019-07-03,17796425.0
2019-07-04,17798512.5
2019-07-05,17800875.0
2019-07-06,17803100.0
2019-07-07,17805012.5
2019-07-08,17807237.5
2019-07-09,17809162.5
2019-07-10,17810775.0
2019-07-11,17812387.5
2019-07-12,17814437.5
2019-07-13,17816200.0
2019-07-14,17818012.5
2019-07-15,17819837.5
2019-07-16,17821862.5
2019-07-17,17823525.0
2019-07-18,17825037.5
2019-07-19,17826512.5
2019-07-20,17828725.0
2019-07-21,17830587.5
2019-07-22,17832562.5
2019-07-23,17834350.0
2019-07-24,17836087.5
2019-07-25,17837962.5
2019-07-26,17840037.5
2019-07-27,17841937.5
2019-07-28,17844125.0
2019-07-29,17846225.0
2019-07-30,17848000.0
2019-07-31,17850137.5
2019-08-01,17851912.5
2019-08-02,17854025.0
2019-08-03,17856187.5
2019-08-04,17858275.0
2019-08-05,17860062.5
2019-08-06,17862075.0
2019-08-07,17863987.5
2019-08-08,17865762.5
2019-08-09,17867600.0
2019-08-10,17869487.5
2019-08-11,17871400.0
2019-08-12,17873062.5
2019-08-13,17875025.0
2019-08-14,17876925.0
2019-08-15,17878887.5
2019-08-16,17880725.0
2019-08-17,17882325.0
2019-08-18,17883900.0
2019-08-19,17885937.5
2019-08-20,17887850.0
2019-08-21,17889550.0
2019-08-22,17891312.5
2019-08-23,17893225.0
2019-08-24,17895225.0
2019-08-25,17897162.5
2019-08-26,17898875.0
2019-08-27,17900562.5
2019-08-28,17902450.0
2019-08-29,17904512.5
2019-08-30,17906512.5
2019-08-31,17908587.5
2019-09-01,17910375.0
2019-09-02,17912237.5
2019-09-03,17914287.5
2019-09-04,17915987.5
2019-09-05,17918050.0
2019-09-06,17920025.0
2019-09-07,17921900.0
2019-09-08,17924112.5
2019-09-09,17925937.5
2019-09-10,17928212.5
2019-09-11,17930512.5
2019-09-12,17932487.5
2019-09-13,17934362.5
2019-09-14,17936300.0
2019-09-15,17938137.5
2019-09-16,17940175.0
2019-09-17,17942025.0
2019-09-18,17944200.0
2019-09-19,17946050.0
2019-09-20,17947937.5
2019-09-21,17950012.5
2019-09-22,17952087.5
2019-09-23,17953512.5
2019-09-24,17955475.0
2019-09-25,17957425.0
2019-09-26,17959562.5
2019-09-27,17961212.5
2019-09-28,17963200.0
2019-09-29,17964900.0
2019-09-30,17966525.0
2019-10-01,17968312.5
2019-10-02,17970162.5
2019-10-03,17972000.0
2019-10-04,17973837.5
2019-10-05,17975812.5
2019-10-06,17977675.0
2019-10-07,17979612.5
2019-10-08,17981637.5
2019-10-09,17983362.5
2019-10-10,17985387.5
2019-10-11,17987337.5
2019-10-12,17989000.0
2019-10-13,17990775.0
2019-10-14,17992462.5
2019-10-15,17994375.0
2019-10-16,17996162.5
2019-10-17,17998037.5
2019-10-18,18000037.5
2019-10-19,18001812.5
2019-10-20,18003637.5
2019-10-21,18005625.0
2019-10-22,18007737.5
2019-10-23,18009837.5
2019-10-24,18011500.0
2019-10-25,18013225.0
2019-10-26,18014975.0
2019-10-27,18016412.5
2019-10-28,18018087.5
2019-10-29,18019750.0
2019-10-30,18021425.0
2019-10-31,18023075.0
2019-11-01,18024700.0
2019-11-02,18026375.0
2019-11-03,18028100.0
2019-11-04,18029750.0
2019-11-05,18031550.0
2019-11-06,18033200.0
2019-11-07,18034887.5
2019-11-08,18036487.5
2019-11-09,18038287.5
2019-11-10,18040362.5
2019-11-11,18042250.0
2019-11-12,18043937.5
2019-11-13,18045625.0
2019-11-14,18047737.5
2019-11-15,18049712.5
2019-11-16,18051562.5
2019-11-17,18053487.5
2019-11-18,18055237.5
2019-11-19,18057075.0
2019-11-20,18058850.0
2019-11-21,18060562.5
2019-11-22,18062212.5
2019-11-23,18064375.0
2019-11-24,18066012.5
2019-11-25,18067575.0
2019-11-26,18069100.0
2019-11-27,18070837.5
2019-11-28,18072875.0
2019-11-29,18074575.0
2019-11-30,18076150.0
2019-12-01,18077887.5
2019-12-02,18079700.0
2019-12-03,18081675.0
2019-12-04,18083762.5
2019-12-05,18085575.0
2019-12-06,18087387.5
2019-12-07,18089325.0
2019-12-08,18091175.0
2019-12-09,18093025.0
2019-12-10,18094875.0
2019-12-11,18096525.0
2019-12-12,18098187.5
2019-12-13,18100087.5
2019-12-14,18101975.0
2019-12-15,18103525.0
2019-12-16,18105487.5
2019-12-17,18107250.0
2019-12-18,18108925.0
2019-12-19,18110887.5
2019-12-20,18112837.5
2019-12-21,18115037.5
2019-12-22,18117150.0
2019-12-23,18118937.5
2019-12-24,18120500.0
2019-12-25,18122100.0
2019-12-26,18124187.5
2019-12-27,18126000.0
2019-12-28,18127862.5
2019-12-29,18129800.0
2019-12-30,18131875.0
2019-12-31,18133687.5
2020-01-01,18135862.5
2020-01-02,18137625.0
2020-01-03,18139737.5
2020-01-04,18141837.5
2020-01-05,18143875.0
2020-01-06,18145562.5
2020-01-07,18147762.5
2020-01-08,18149537.5
2020-01-09,18151500.0
2020-01-10,18153362.5
2020-01-11,18155400.0
2020-01-12,18157287.5
2020-01-13,18159075.0
2020-01-14,18160887.5
2020-01-15,18162775.0
2020-01-16,18164762.5
2020-01-17,18166750.0
2020-01-18,18168400.0
2020-01-19,18170275.0
2020-01-20,18172175.0
2020-01-21,18174087.5
2020-01-22,18176037.5
2020-01-23,18178025.0
2020-01-24,18179925.0
2020-01-25,18181975.0
2020-01-26,18183762.5
2020-01-27,18185375.0
2020-01-28,18187150.0
2020-01-29,18189150.0
2020-01-30,18191100.0
2020-01-31,18192900.0
2020-02-01,18194787.5
2020-02-02,18196575.0
2020-02-03,18198425.0
2020-02-04,18200075.0
2020-02-05,18202062.5
2020-02-06,18203750.0
2020-02-07,18205487.5
2020-02-08,18207225.0
2020-02-09,18209137.5
2020-02-10,18210662.5
2020-02-11,18212512.5
2020-02-12,18214287.5
2020-02-13,18216050.0
2020-02-14,18217737.5
2020-02-15,18219512.5
2020-02-16,18221287.5
2020-02-17,18223250.0
2020-02-18,18225125.0
2020-02-19,18226887.5
2020-02-20,18228462.5
2020-02-21,18230387.5
2020-02-22,18232237.5
2020-02-23,18234012.5
2020-02-24,18235775.0
2020-02-25,18237575.0
2020-02-26,18239275.0
2020-02-27,18241112.5
2020-02-28,18243087.5
2020-02-29,18244825.0
2020-03-01,18247037.5
2020-03-02,18248900.0
2020-03-03,18250812.5
2020-03-04,18252900.0
2020-03-05,18254937.5
2020-03-06,18256875.0
2020-03-07,18258837.5
2020-03-08,18260812.5
2020-03-09,18262687.5
2020-03-10,18264337.5
2020-03-11,18265825.0
2020-03-12,18267712.5
2020-03-13,18269275.0
2020-03-14,18270875.0
2020-03-15,18272362.5
2020-03-16,18273850.0
2020-03-17,18275387.5
2020-03-18,18276637.5
2020-03-19,18277975.0
2020-03-20,18279337.5
2020-03-21,18280887.5
2020-03-22,18282475.0
2020-03-23,18283875.0
2020-03-24,18285525.0
2020-03-25,18286675.0
2020-03-26,18288675.0
2020-03-27,18290612.5
2020-03-28,18292300.0
2020-03-29,18294187.5
2020-03-30,18296025.0
2020-03-31,18298012.5
2020-04-01,18299925.0
2020-04-02,18301837.5
2020-04-03,18303487.5
2020-04-04,18305450.0
2020-04-05,18307637.5
2020-04-06,18309237.5
2020-04-07,18311337.5
2020-04-08,18313137.5
2020-04-09,18315062.5
2020-04-10,18317100.0
2020-04-11,18319087.5
2020-04-12,18321000.0
2020-04-13,18323137.5
2020-04-14,18325237.5
2020-04-15,18327350.0
2020-04-16,18329275.0
2020-04-17,18330862.5
2020-04-18,18332837.5
2020-04-19,18334737.5
2020-04-20,18336750.0
2020-04-21,18338612.5
2020-04-22,18340250.0
2020-04-23,18342025.0
2020-04-24,18343825.0
2020-04-25,18345525.0
2020-04-26,18347237.5
2020-04-27,18349000.0
2020-04-28,18350925.0
2020-04-29,18352737.5
2020-04-30,18354425.0
2020-05-01,18356187.5
2020-05-02,18358037.5
2020-05-03,18360137.5
2020-05-04,18362112.5
2020-05-05,18364087.5
2020-05-06,18366012.5
2020-05-07,18367850.0
2020-05-08,18369562.5
2020-05-09,18371262.5
2020-05-10,18373387.5
2020-05-11,18375200.0
2020-05-12,18376112.5
2020-05-13,18376856.25
2020-05-14,18377568.75
2020-05-15,18378350.0
2020-05-16,18379137.5
2020-05-17,18379775.0
2020-05-18,18380575.0
2020-05-19,18381293.75
2020-05-20,18382012.5
2020-05-21,18382831.25
2020-05-22,18383525.0
2020-05-23,18384268.75
2020-05-24,18384993.75
2020-05-25,18385775.0
2020-05-26,18386550.0
2020-05-27,18387412.5
2020-05-28,18388231.25
2020-05-29,18389025.0
2020-05-30,18390000.0
2020-05-31,18390937.5
2020-06-01,18391775.0
2020-06-02,18392581.25
2020-06-03,18393450.0
2020-06-04,18394393.75
2020-06-05,18395512.5
2020-06-06,18396737.5
2020-06-07,18397731.25
2020-06-08,18398743.75
2020-06-09,18399743.75
2020-06-10,18400768.75
2020-06-11,18401925.0
2020-06-12,18402943.75
2020-06-13,18403931.25
2020-06-14,18404993.75
2020-06-15,18405856.25
2020-06-16,18406793.75
2020-06-17,18407656.25
2020-06-18,18408425.0
2020-06-19,18409318.75
2020-06-20,18410175.0
2020-06-21,18411087.5
2020-06-22,18411981.25
2020-06-23,18412968.75
2020-06-24,18413837.5
2020-06-25,18414718.75
2020-06-26,18415743.75
2020-06-27,18416606.25
2020-06-28,18417543.75
2020-06-29,18418450.0
2020-06-30,18419368.75
2020-07-01,18420381.25
2020-07-02,18421406.25
2020-07-03,18422425.0
2020-07-04,18423406.25
2020-07-05,18424425.0
2020-07-06,18425387.5
2020-07-07,18426393.75
2020-07-08,18427337.5
2020-07-09,18428362.5
2020-07-10,18429368.75
2020-07-11,18430343.75
2020-07-12,18431293.75
2020-07-13,18432212.5
2020-07-14,18433112.5
2020-07-15,18433975.0
2020-07-16,18434825.0
2020-07-17,18435562.5
2020-07-18,18436375.0
2020-07-19,18437193.75
2020-07-20,18438075.0
2020-07-21,18438856.25
2020-07-22,18439756.25
2020-07-23,18440606.25
2020-07-24,18441612.5
2020-07-25,18442500.0
2020-07-26,18443487.5
2020-07-27,18444418.75
2020-07-28,18445325.0
2020-07-29,18446250.0
2020-07-30,18447093.75
2020-07-31,18448050.0
2020-08-01,18448906.25
2020-08-02,18449787.5
2020-08-03,18450800.0
2020-08-04,18451706.25
2020-08-05,18452512.5
2020-08-06,18453487.5
2020-08-07,18454437.5
2020-08-08,18455325.0
2020-08-09,18456300.0
2020-08-10,18457156.25
2020-08-11,18458118.75
2020-08-12,18459100.0
2020-08-13,18460018.75
2020-08-14,18461062.5
2020-08-15,18462037.5
2020-08-16,18462987.5
2020-08-17,18463768.75
2020-08-18,18464643.75
2020-08-19,18465506.25
2020-08-20,18466418.75
2020-08-21,18467387.5
2020-08-22,18468237.5
2020-08-23,18469218.75
2020-08-24,18470150.0
2020-08-25,18470950.0
2020-08-26,18471837.5
2020-08-27,18472643.75
2020-08-28,18473662.5
2020-08-29,18474575.0
2020-08-30,18475368.75
2020-08-31,18476306.25
2020-09-01,18477268.75
2020-09-02,18478168.75
2020-09-03,18478975.0
2020-09-04,18479818.75
2020-09-05,18480700.0
2020-09-06,18481637.5
2020-09-07,18482731.25
2020-09-08,18483700.0
2020-09-09,18484631.25
2020-09-10,18485618.75
2020-09-11,18486481.25
2020-09-12,18487543.75
2020-09-13,18488556.25
2020-09-14,18489656.25
2020-09-15,18490631.25
2020-09-16,18491600.0
2020-09-17,18492712.5
2020-09-18,18493743.75
2020-09-19,18494675.0
2020-09-20,18495562.5
2020-09-21,18496468.75
2020-09-22,18497275.0
2020-09-23,18498162.5
2020-09-24,18499018.75
2020-09-25,18500075.0
2020-09-26,18501012.5
2020-09-27,18501962.5
2020-09-28,18502768.75
2020-09-29,18503650.0
2020-09-30,18504625.0
2020-10-01,18505400.0
2020-10-02,18506250.0
2020-10-03,18507193.75
2020-10-04,18508181.25
2020-10-05,18509056.25
2020-10-06,18509868.75
2020-10-07,18510812.5
2020-10-08,18511825.0
2020-10-09,18512712.5
2020-10-10,18513606.25
2020-10-11,18514481.25
2020-10-12,18515412.5
2020-10-13,18516450.0
2020-10-14,18517381.25
2020-10-15,18518325.0
2020-10-16,18519293.75
2020-10-17,18520275.0
2020-10-18,18521025.0
2020-10-19,18521806.25
2020-10-20,18522706.25
2020-10-21,18523518.75
2020-10-22,18524375.0
2020-10-23,18525193.75
2020-10-24,18526143.75
2020-10-25,18526875.0
2020-10-26,18527562.5
2020-10-27,18528181.25
2020-10-28,18528806.25
2020-10-29,18529481.25
2020-10-30,18530175.0
2020-10-31,18530881.25
2020-11-01,18531662.5
2020-11-02,18532256.25
2020-11-03,18533131.25
2020-11-04,18534125.0
2020-11-05,18535043.75
2020-11-06,18536000.0
2020-11-07,18536912.5
2020-11-08,18537775.0
2020-11-09,18538931.25
2020-11-10,18539850.0
2020-11-11,18540768.75
2020-11-12,18541768.75
2020-11-13,18542637.5
2020-11-14,18543525.0
2020-11-15,18544462.5
2020-11-16,18545462.5
2020-11-17,18546443.75
2020-11-18,18547500.0
2020-11-19,18548356.25
2020-11-20,18549406.25
2020-11-21,18550462.5
2020-11-22,18551550.0
2020-11-23,18552468.75
2020-11-24,18553318.75
2020-11-25,18554287.5
2020-11-26,18555225.0
2020-11-27,18556187.5
2020-11-28,18557150.0
2020-11-29,18558087.5
2020-11-30,18558793.75
2020-12-01,18559743.75
2020-12-02,18560562.5
2020-12-03,18561543.75
2020-12-04,18562443.75
2020-12-05,18563343.75
2020-12-06,18564193.75
2020-12-07,18565131.25
2020-12-08,18566031.25
2020-12-09,18566900.0
2020-12-10,18567712.5
2020-12-11,18568575.0
2020-12-12,18569400.0
2020-12-13,18570375.0
2020-12-14,18571281.25
2020-12-15,18572156.25
2020-12-16,18573050.0
2020-12-17,18573856.25
2020-12-18,18574837.5
2020-12-19,18575825.0
2020-12-20,18576768.75
2020-12-21,18577618.75
2020-12-22,18578512.5
2020-12-23,18579475.0
2020-12-24,18580262.5
2020-12-25,18581162.5
2020-12-26,18582018.75
2020-12-27,18582943.75
2020-12-28,18583943.75
2020-12-29,18584893.75
2020-12-30,18585968.75
2020-12-31,18587006.25
2021-01-01,18587937.5
2021-01-02,18588881.25
2021-01-03,18589868.75
2021-01-04,18590950.0
2021-01-05,18591931.25
2021-01-06,18593037.5
2021-01-07,18594087.5
2021-01-08,18595012.5
2021-01-09,18595881.25
2021-01-10,18596875.0
2021-01-11,18597837.5
2021-01-12,18598762.5
2021-01-13,18599712.5
2021-01-14,18600631.25
2021-01-15,18601600.0
2021-01-16,18602518.75
2021-01-17,18603350.0
2021-01-18,18604256.25
2021-01-19,18605187.5
2021-01-20,18606068.75
2021-01-21,18606875.0
2021-01-22,18607756.25
2021-01-23,18608731.25
2021-01-24,18609600.0
2021-01-25,18610475.0
2021-01-26,18611481.25
2021-01-27,18612368.75
2021-01-28,18613275.0
2021-01-29,18614225.0
2021-01-30,18615075.0
2021-01-31,18615975.0
2021-02-01,18616718.75
2021-02-02,18617675.0
2021-02-03,18618612.5
2021-02-04,18619612.5
2021-02-05,18620668.75
2021-02-06,18621662.5
2021-02-07,18622637.5
2021-02-08,18623650.0
2021-02-09,18624543.75
2021-02-10,18625437.5
2021-02-11,18626243.75
2021-02-12,18627131.25
2021-02-13,18628112.5
2021-02-14,18629037.5
2021-02-15,18629987.5
2021-02-16,18630743.75
2021-02-17,18631606.25
2021-02-18,18632462.5
2021-02-19,18633418.75
2021-02-20,18634331.25
2021-02-21,18635212.5
2021-02-22,18636043.75
2021-02-23,18636837.5
2021-02-24,18637831.25
2021-02-25,18638806.25
2021-02-26,18639675.0
2021-02-27,18640656.25
2021-02-28,18641475.0
2021-03-01,18642287.5
2021-03-02,18643181.25
2021-03-03,18644131.25
2021-03-04,18644931.25
2021-03-05,18645862.5
2021-03-06,18646812.5
2021-03-07,18647725.0
2021-03-08,18648693.75
2021-03-09,18649568.75
2021-03-10,18650500.0
2021-03-11,18651325.0
2021-03-12,18652262.5
2021-03-13,18653156.25
2021-03-14,18654137.5
2021-03-15,18655062.5
2021-03-16,18655993.75
2021-03-17,18656843.75
2021-03-18,18657793.75
2021-03-19,18658718.75
2021-03-20,18659681.25
2021-03-21,18660656.25
2021-03-22,18661600.0
2021-03-23,18662606.25
2021-03-24,18663556.25
2021-03-25,18664518.75
2021-03-26,18665368.75
2021-03-27,18666362.5
2021-03-28,18667356.25
2021-03-29,18668300.0
2021-03-30,18669212.5
2021-03-31,18670193.75
2021-04-01,18671100.0
2021-04-02,18671975.0
2021-04-03,18672793.75
2021-04-04,18673706.25
2021-04-05,18674681.25
2021-04-06,18675581.25
2021-04-07,18676562.5
2021-04-08,18677400.0
2021-04-09,18678350.0
2021-04-10,18679331.25
2021-04-11,18680237.5
2021-04-12,18681137.5
2021-04-13,18682025.0
2021-04-14,18682868.75
2021-04-15,18683943.75
2021-04-16,18684587.5
2021-04-17,18685156.25
2021-04-18,18685931.25
2021-04-19,18686537.5
2021-04-20,18687337.5
2021-04-21,18687968.75
2021-04-22,18688862.5
2021-04-23,18689706.25
2021-04-24,18690612.5
2021-04-25,18691493.75
2021-04-26,18692206.25
2021-04-27,18693093.75
2021-04-28,18693981.25
2021-04-29,18694743.75
2021-04-30,18695650.0
2021-05-01,18696518.75
2021-05-02,18697675.0
2021-05-03,18698781.25
2021-05-04,18699912.5
2021-05-05,18700893.75
2021-05-06,18701956.25
2021-05-07,18703031.25
2021-05-08,18704100.0
2021-05-09,18705262.5
2021-05-10,18706387.5
2021-05-11,18707462.5
2021-05-12,18708537.5
2021-05-13,18709543.75
2021-05-14,18710381.25
2021-05-15,18711150.0
2021-05-16,18711975.0
2021-05-17,18712731.25
2021-05-18,18713356.25
2021-05-19,18714137.5
2021-05-20,18714837.5
2021-05-21,18715525.0
2021-05-22,18716250.0
2021-05-23,18716993.75
2021-05-24,18717781.25
2021-05-25,18718550.0
2021-05-26,18719312.5
2021-05-27,18720043.75
2021-05-28,18720787.5
2021-05-29,18721512.5
2021-05-30,18722412.5
2021-05-31,18723293.75
2021-06-01,18724181.25
2021-06-02,18725218.75
2021-06-03,18726137.5
2021-06-04,18726956.25
2021-06-05,18727775.0
2021-06-06,18728712.5
2021-06-07,18729543.75
2021-06-08,18730475.0
2021-06-09,18731262.5
2021-06-10,18732000.0
2021-06-11,18732656.25
2021-06-12,18733481.25
2021-06-13,18734306.25
2021-06-14,18735150.0
2021-06-15,18735968.75
2021-06-16,18736737.5
2021-06-17,18737550.0
2021-06-18,18738325.0
2021-06-19,18738968.75
2021-06-20,18739625.0
2021-06-21,18740281.25
2021-06-22,18740850.0
2021-06-23,18741481.25
2021-06-24,18742137.5
2021-06-25,18742825.0
2021-06-26,18743381.25
2021-06-27,18743743.75
2021-06-28,18744293.75
2021-06-29,18744856.25
2021-06-30,18745406.25
2021-07-01,18746006.25
2021-07-02,18746568.75
2021-07-03,18747362.5
2021-07-04,18748081.25
2021-07-05,18748906.25
2021-07-06,18749793.75
2021-07-07,18750562.5
2021-07-08,18751431.25
2021-07-09,18752250.0
2021-07-10,18753256.25
2021-07-11,18754037.5
2021-07-12,18754825.0
2021-07-13,18755675.0
2021-07-14,18756737.5
2021-07-15,18757537.5
2021-07-16,18758475.0
2021-07-17,18759368.75
2021-07-18,18760268.75
2021-07-19,18761331.25
2021-07-20,18762093.75
2021-07-21,18763000.0
2021-07-22,18763956.25
2021-07-23,18764800.0
2021-07-24,18765762.5
2021-07-25,18766718.75
2021-07-26,18767656.25
2021-07-27,18768718.75
2021-07-28,18769700.0
2021-07-29,18770700.0
2021-07-30,18771737.5
2021-07-31,18772725.0
2021-08-01,18773687.5
2021-08-02,18774581.25
2021-08-03,18775637.5
2021-08-04,18776487.5
2021-08-05,18777487.5
2021-08-06,18778481.25
2021-08-07,18779525.0
2021-08-08,18780512.5
2021-08-09,18781462.5
2021-08-10,18782493.75
2021-08-11,18783412.5
2021-08-12,18784356.25
2021-08-13,18785243.75
2021-08-14,18786268.75
2021-08-15,18787406.25
2021-08-16,18788412.5
2021-08-17,18789487.5
2021-08-18,18790331.25
2021-08-19,18791293.75
2021-08-20,18792293.75
2021-08-21,18793356.25
2021-08-22,18794381.25
2021-08-23,18795612.5
2021-08-24,18796575.0
2021-08-25,18797575.0
2021-08-26,18798487.5
2021-08-27,18799400.0
2021-08-28,18800281.25
2021-08-29,18801256.25
2021-08-30,18802100.0
2021-08-31,18803000.0
2021-09-01,18803856.25
2021-09-02,18804787.5
2021-09-03,18805712.5
2021-09-04,18806681.25
2021-09-05,18807706.25
2021-09-06,18808781.25
2021-09-07,18809737.5
2021-09-08,18810625.0
2021-09-09,18811481.25
2021-09-10,18812331.25
2021-09-11,18813256.25
2021-09-12,18814175.0
2021-09-13,18815168.75
2021-09-14,18816218.75
2021-09-15,18817106.25
2021-09-16,18817956.25
2021-09-17,18818875.0
2021-09-18,18819843.75
2021-09-19,18820843.75
2021-09-20,18821868.75
2021-09-21,18822637.5
2021-09-22,18823475.0
2021-09-23,18824506.25
2021-09-24,18825431.25
2021-09-25,18826331.25
2021-09-26,18827200.0
2021-09-27,18828168.75
2021-09-28,18829118.75
2021-09-29,18829931.25
2021-09-30,18831000.0
2021-10-01,18831875.0
2021-10-02,18833050.0
2021-10-03,18833987.5
2021-10-04,18834962.5
2021-10-05,18835987.5
2021-10-06,18836806.25
2021-10-07,18837687.5
2021-10-08,18838437.5
2021-10-09,18839375.0
2021-10-10,18840368.75
2021-10-11,18841281.25
2021-10-12,18842118.75
2021-10-13,18843175.0
2021-10-14,18844031.25
2021-10-15,18844912.5
2021-10-16,18845743.75
2021-10-17,18846743.75
2021-10-18,18847668.75
2021-10-19,18848637.5
2021-10-20,18849568.75
2021-10-21,18850493.75
2021-10-22,18851481.25
2021-10-23,18852387.5
2021-10-24,18853343.75
2021-10-25,18854481.25
2021-10-26,18855418.75
2021-10-27,18856400.0
2021-10-28,18857356.25
2021-10-29,18858425.0
2021-10-30,18859393.75
2021-10-31,18860262.5
2021-11-01,18861187.5
2021-11-02,18862175.0
2021-11-03,18863181.25
2021-11-04,18864075.0
2021-11-05,18865043.75
2021-11-06,18866006.25
2021-11-07,18866962.5
2021-11-08,18867806.25
2021-11-09,18868756.25
2021-11-10,18869687.5
2021-11-11,18870675.0
2021-11-12,18871562.5
2021-11-13,18872518.75
2021-11-14,18873500.0
2021-11-15,18874443.75
2021-11-16,18875381.25
2021-11-17,18876312.5
2021-11-18,18877212.5
2021-11-19,18878068.75
2021-11-20,18878975.0
2021-11-21,18879800.0
2021-11-22,18880681.25
2021-11-23,18881506.25
2021-11-24,18882487.5
2021-11-25,18883300.0
2021-11-26,18884125.0
2021-11-27,18885018.75
2021-11-28,18885887.5
2021-11-29,18886781.25
2021-11-30,18887618.75
2021-12-01,18888475.0
2021-12-02,18889443.75
2021-12-03,18890493.75
2021-12-04,18891462.5
2021-12-05,18892500.0
2021-12-06,18893575.0
2021-12-07,18894537.5
2021-12-08,18895587.5
2021-12-09,18896606.25
2021-12-10,18897581.25
2021-12-11,18898525.0
2021-12-12,18899400.0
2021-12-13,18900281.25
2021-12-14,18901206.25
2021-12-15,18902087.5
2021-12-16,18902806.25
2021-12-17,18903737.5
2021-12-18,18904537.5
2021-12-19,18905468.75
2021-12-20,18906368.75
2021-12-21,18907375.0
2021-12-22,18908300.0
2021-12-23,18909250.0
2021-12-24,18910193.75
2021-12-25,18911112.5
2021-12-26,18911950.0
2021-12-27,18912875.0
2021-12-28,18913712.5
2021-12-29,18914618.75
2021-12-30,18915362.5
2021-12-31,18916293.75
2022-01-01,18917368.75
2022-01-02,18918356.25
2022-01-03,18919231.25
2022-01-04,18920150.0
2022-01-05,18921087.5
2022-01-06,18922000.0
2022-01-07,18922875.0
2022-01-08,18923775.0
2022-01-09,18924656.25
2022-01-10,18925543.75
2022-01-11,18926531.25
2022-01-12,18927400.0
2022-01-13,18928518.75
2022-01-14,18929512.5
2022-01-15,18930550.0
2022-01-16,18931643.75
2022-01-17,18932650.0
2022-01-18,18933500.0
2022-01-19,18934581.25
2022-01-20,18935637.5
2022-01-21,18936475.0
2022-01-22,18937312.5
2022-01-23,18938193.75
2022-01-24,18939131.25
2022-01-25,18940081.25
2022-01-26,18940893.75
2022-01-27,18941712.5
2022-01-28,18942675.0
2022-01-29,18943606.25
2022-01-30,18944518.75
2022-01-31,18945412.5
2022-02-01,18946375.0
2022-02-02,18947331.25
2022-02-03,18948250.0
2022-02-04,18949062.5
2022-02-05,18949806.25
2022-02-06,18950781.25
2022-02-07,18951631.25
2022-02-08,18952593.75
2022-02-09,18953468.75
2022-02-10,18954387.5
2022-02-11,18955275.0
2022-02-12,18956443.75
2022-02-13,18957431.25
2022-02-14,18958387.5
2022-02-15,18959481.25
2022-02-16,18960456.25
2022-02-17,18961437.5
2022-02-18,18962275.0
2022-02-19,18963206.25
2022-02-20,18964106.25
2022-02-21,18964875.0
2022-02-22,18965825.0
2022-02-23,18966762.5
2022-02-24,18967587.5
2022-02-25,18968425.0
2022-02-26,18969206.25
2022-02-27,18970056.25
2022-02-28,18971018.75
2022-03-01,18972031.25
2022-03-02,18972881.25
2022-03-03,18973806.25
2022-03-04,18974675.0
2022-03-05,18975443.75
2022-03-06,18976262.5
2022-03-07,18977187.5
2022-03-08,18978112.5
2022-03-09,18978975.0
2022-03-10,18979881.25
2022-03-11,18980743.75
2022-03-12,18981718.75
2022-03-13,18982662.5
2022-03-14,18983618.75
2022-03-15,18984487.5
2022-03-16,18985456.25
2022-03-17,18986450.0
2022-03-18,18987343.75
2022-03-19,18988312.5
2022-03-20,18989275.0
2022-03-21,18990231.25
2022-03-22,18991162.5
2022-03-23,18992068.75
2022-03-24,18992962.5
2022-03-25,18993937.5
2022-03-26,18994943.75
2022-03-27,18995762.5
2022-03-28,18996756.25
2022-03-29,18997700.0
2022-03-30,18998543.75
2022-03-31,18999406.25
2022-04-01,19000287.5
2022-04-02,19001131.25
2022-04-03,19002000.0
2022-04-04,19002987.5
2022-04-05,19003893.75
2022-04-06,19004831.25
2022-04-07,19005693.75
2022-04-08,19006531.25
2022-04-09,19007487.5
2022-04-10,19008362.5
2022-04-11,19009218.75
2022-04-12,19010175.0
2022-04-13,19011050.0
2022-04-14,19011912.5
2022-04-15,19012900.0
2022-04-16,19013737.5
2022-04-17,19014768.75
2022-04-18,19015606.25
2022-04-19,19016381.25
2022-04-20,19017381.25
2022-04-21,19018437.5
2022-04-22,19019281.25
2022-04-23,19020300.0
2022-04-24,19021368.75
2022-04-25,19022381.25
2022-04-26,19023256.25
2022-04-27,19024318.75
2022-04-28,19025143.75
2022-04-29,19026081.25
2022-04-30,19027018.75
2022-05-01,19028062.5
2022-05-02,19029062.5
2022-05-03,19030000.0
2022-05-04,19030912.5
2022-05-05,19031893.75
2022-05-06,19032781.25
2022-05-07,19033675.0
2022-05-08,19034643.75
2022-05-09,19035612.5
2022-05-10,19036568.75
2022-05-11,19037475.0
2022-05-12,19038318.75
2022-05-13,19039268.75
2022-05-14,19040150.0
2022-05-15,19040912.5
2022-05-16,19041937.5
2022-05-17,19042856.25
2022-05-18,19043693.75
2022-05-19,19044456.25
2022-05-20,19045256.25
2022-05-21,19046100.0
2022-05-22,19046862.5
2022-05-23,19047862.5
2022-05-24,19048612.5
2022-05-25,19049512.5
2022-05-26,19050393.75
2022-05-27,19051256.25
2022-05-28,19052181.25
2022-05-29,19053112.5
2022-05-30,19054075.0
2022-05-31,19054987.5
2022-06-01,19055837.5
2022-06-02,19056618.75
2022-06-03,19057512.5
2022-06-04,19058381.25
2022-06-05,19059293.75
2022-06-06,19060231.25
2022-06-07,19061243.75
2022-06-08,19062356.25
2022-06-09,19063268.75
2022-06-10,19064187.5
2022-06-11,19065150.0
2022-06-12,19065943.75
2022-06-13,19066775.0
2022-06-14,19067687.5
2022-06-15,19068718.75
2022-06-16,19069462.5
2022-06-17,19070137.5
2022-06-18,19071112.5
2022-06-19,19071943.75
2022-06-20,19072768.75
2022-06-21,19073706.25
2022-06-22,19074512.5
2022-06-23,19075462.5
2022-06-24,19076268.75
2022-06-25,19077212.5
2022-06-26,19078075.0
2022-06-27,19078925.0
2022-06-28,19079837.5
2022-06-29,19080781.25
2022-06-30,19081850.0
2022-07-01,19082687.5
2022-07-02,19083550.0
2022-07-03,19084518.75
2022-07-04,19085412.5
2022-07-05,19086150.0
2022-07-06,19086943.75
2022-07-07,19087925.0
2022-07-08,19088850.0
2022-07-09,19089687.5
2022-07-10,19090643.75
2022-07-11,19091412.5
2022-07-12,19092356.25
2022-07-13,19093043.75
2022-07-14,19093818.75
2022-07-15,19094706.25
2022-07-16,19095631.25
2022-07-17,19096406.25
2022-07-18,19097225.0
2022-07-19,19098087.5
2022-07-20,19098875.0
2022-07-21,19099743.75
2022-07-22,19100568.75
2022-07-23,19101531.25
2022-07-24,19102512.5
2022-07-25,19103400.0
2022-07-26,19104400.0
2022-07-27,19105431.25
2022-07-28,19106312.5
2022-07-29,19107225.0
2022-07-30,19108031.25
2022-07-31,19108981.25
2022-08-01,19109831.25
2022-08-02,19110800.0
2022-08-03,19111706.25
2022-08-04,19112531.25
2022-08-05,19113468.75
2022-08-06,19114475.0
2022-08-07,19115468.75
2022-08-08,19116368.75
2022-08-09,19117262.5
2022-08-10,19118187.5
2022-08-11,19119062.5
2022-08-12,19120025.0
2022-08-13,19120893.75
2022-08-14,19121725.0
2022-08-15,19122631.25
2022-08-16,19123556.25
2022-08-17,19124362.5
2022-08-18,19125262.5
2022-08-19,19126375.0
2022-08-20,19127306.25
2022-08-21,19128218.75
2022-08-22,19129125.0
2022-08-23,19130200.0
2022-08-24,19131112.5
2022-08-25,19132106.25
2022-08-26,19133206.25
2022-08-27,19134112.5
2022-08-28,19135118.75
2022-08-29,19136100.0
2022-08-30,19137112.5
2022-08-31,19138025.0
2022-09-01,19138887.5
2022-09-02,19139693.75
2022-09-03,19140612.5
2022-09-04,19141662.5
2022-09-05,19142618.75
2022-09-06,19143506.25
2022-09-07,19144418.75
2022-09-08,19145212.5
2022-09-09,19146131.25
2022-09-10,19147112.5
2022-09-11,19148256.25
2022-09-12,19149212.5
2022-09-13,19150068.75
2022-09-14,19150862.5
2022-09-15,19151781.25
2022-09-16,19152581.25
2022-09-17,19153643.75
2022-09-18,19154606.25
2022-09-19,19155418.75
2022-09-20,19156368.75
2022-09-21,19157250.0
2022-09-22,19158050.0
2022-09-23,19158893.75
2022-09-24,19159806.25
2022-09-25,19160725.0
2022-09-26,19161662.5
2022-09-27,19162468.75
2022-09-28,19163406.25
2022-09-29,19164300.0
2022-09-30,19165356.25
2022-10-01,19166487.5
2022-10-02,19167468.75
2022-10-03,19168431.25
2022-10-04,19169450.0
2022-10-05,19170543.75
2022-10-06,19171537.5
2022-10-07,19172606.25
2022-10-08,19173700.0
2022-10-09,19174687.5
2022-10-10,19175737.5
2022-10-11,19176718.75
2022-10-12,19177575.0
2022-10-13,19178468.75
2022-10-14,19179443.75
2022-10-15,19180393.75
2022-10-16,19181293.75
2022-10-17,19182231.25
2022-10-18,19183118.75
2022-10-19,19184062.5
2022-10-20,19184968.75
2022-10-21,19185943.75
2022-10-22,19186793.75
2022-10-23,19187762.5
2022-10-24,19188612.5
2022-10-25,19189375.0
2022-10-26,19190343.75
2022-10-27,19191187.5
2022-10-28,19192181.25
2022-10-29,19193075.0
2022-10-30,19193918.75
2022-10-31,19195000.0
2022-11-01,19195900.0
2022-11-02,19196662.5
2022-11-03,19197687.5
2022-11-04,19198493.75
2022-11-05,19199437.5
2022-11-06,19200293.75
2022-11-07,19201193.75
2022-11-08,19202212.5
2022-11-09,19203143.75
2022-11-10,19204062.5
2022-11-11,19204900.0
2022-11-12,19205943.75
2022-11-13,19206750.0
2022-11-14,19207518.75
2022-11-15,19208487.5
2022-11-16,19209425.0
2022-11-17,19210287.5
2022-11-18,19211156.25
2022-11-19,19212075.0
2022-11-20,19213006.25
2022-11-21,19213812.5
2022-11-22,19214600.0
2022-11-23,19215481.25
2022-11-24,19216287.5
2022-11-25,19217056.25
2022-11-26,19217737.5
2022-11-27,19218587.5
2022-11-28,19219456.25
2022-11-29,19220275.0
2022-11-30,19221137.5
2022-12-01,19222093.75
2022-12-02,19222875.0
2022-12-03,19223693.75
2022-12-04,19224568.75
2022-12-05,19225481.25
2022-12-06,19226325.0
2022-12-07,19227400.0
2022-12-08,19228443.75
2022-12-09,19229393.75
2022-12-10,19230356.25
2022-12-11,19231275.0
2022-12-12,19232168.75
2022-12-13,19233200.0
2022-12-14,19234125.0
2022-12-15,19234993.75
2022-12-16,19235806.25
2022-12-17,19236668.75
2022-12-18,19237575.0
2022-12-19,19238425.0
2022-12-20,19239300.0
2022-12-21,19240193.75
2022-12-22,19241037.5
2022-12-23,19241862.5
2022-12-24,19242418.75
2022-12-25,19243300.0
2022-12-26,19244106.25
2022-12-27,19244825.0
2022-12-28,19245875.0
2022-12-29,19246756.25
2022-12-30,19247743.75
2022-12-31,19248718.75
2023-01-01,19249687.5
2023-01-02,19250662.5
2023-01-03,19251625.0
2023-01-04,19252518.75
2023-01-05,19253500.0
2023-01-06,19254625.0
2023-01-07,19255587.5
2023-01-08,19256543.75
2023-01-09,19257493.75
2023-01-10,19258550.0
2023-01-11,19259468.75
2023-01-12,19260412.5
2023-01-13,19261406.25
2023-01-14,19262475.0
2023-01-15,19263493.75
2023-01-16,19264412.5
2023-01-17,19265387.5
2023-01-18,19266262.5
2023-01-19,19267168.75
2023-01-20,19267993.75
2023-01-21,19268856.25
2023-01-22,19269800.0
2023-01-23,19270787.5
2023-01-24,19271593.75
2023-01-25,19272687.5
2023-01-26,19273656.25
2023-01-27,19274618.75
2023-01-28,19275668.75
2023-01-29,19276675.0
2023-01-30,19277537.5
2023-01-31,19278256.25
2023-02-01,19279112.5
2023-02-02,19280018.75
2023-02-03,19280850.0
2023-02-04,19281700.0
2023-02-05,19282650.0
2023-02-06,19283575.0
2023-02-07,19284462.5
2023-02-08,19285325.0
2023-02-09,19286337.5
2023-02-10,19287256.25
2023-02-11,19288181.25
2023-02-12,19289193.75
2023-02-13,19290168.75
2023-02-14,19291131.25
2023-02-15,19292150.0
2023-02-16,19293268.75
2023-02-17,19294300.0
2023-02-18,19295350.0
2023-02-19,19296362.5
2023-02-20,19297281.25
2023-02-21,19298325.0
2023-02-22,19299200.0
2023-02-23,19300268.75
2023-02-24,19301112.5
2023-02-25,19301781.25
2023-02-26,19302831.25
2023-02-27,19303706.25
2023-02-28,19304562.5
2023-03-01,19305625.0
2023-03-02,19306525.0
2023-03-03,19307575.0
2023-03-04,19308525.0
2023-03-05,19309493.75
2023-03-06,19310318.75
2023-03-07,19311350.0
2023-03-08,19312181.25
2023-03-09,19313025.0
2023-03-10,19313875.0
2023-03-11,19314906.25
2023-03-12,19315912.5
2023-03-13,19316893.75
2023-03-14,19317806.25
2023-03-15,19318725.0
2023-03-16,19319562.5
2023-03-17,19320481.25
2023-03-18,19321493.75
2023-03-19,19322418.75
2023-03-20,19323381.25
2023-03-21,19324287.5
2023-03-22,19325281.25
2023-03-23,19326425.0
2023-03-24,19327437.5
2023-03-25,19328343.75
2023-03-26,19329243.75
2023-03-27,19330168.75
2023-03-28,19331006.25
2023-03-29,19331925.0
2023-03-30,19332893.75
2023-03-31,19333775.0
2023-04-01,19334650.0
2023-04-02,19335581.25
2023-04-03,19336400.0
2023-04-04,19337412.5
2023-04-05,19338281.25
2023-04-06,19339281.25
2023-04-07,19340168.75
2023-04-08,19341087.5
2023-04-09,19342000.0
2023-04-10,19342768.75
2023-04-11,19343731.25
2023-04-12,19344731.25
2023-04-13,19345618.75
2023-04-14,19346493.75
2023-04-15,19347481.25
2023-04-16,19348256.25
2023-04-17,19349225.0
2023-04-18,19350262.5
2023-04-19,19351131.25
2023-04-20,19351962.5
2023-04-21,19352868.75
2023-04-22,19353800.0
2023-04-23,19354718.75
2023-04-24,19355600.0
2023-04-25,19356381.25
2023-04-26,19357193.75
2023-04-27,19358006.25
2023-04-28,19358925.0
2023-04-29,19359781.25
2023-04-30,19360706.25
2023-05-01,19361843.75
2023-05-02,19362650.0
2023-05-03,19363531.25
2023-05-04,19364443.75
2023-05-05,19365187.5
2023-05-06,19366118.75
2023-05-07,19366987.5
2023-05-08,19367843.75
2023-05-09,19368787.5
2023-05-10,19369850.0
2023-05-11,19370793.75
2023-05-12,19371675.0
2023-05-13,19372581.25
2023-05-14,19373668.75
2023-05-15,19374587.5
2023-05-16,19375543.75
2023-05-17,19376543.75
2023-05-18,19377425.0
2023-05-19,19378362.5
2023-05-20,19379181.25
2023-05-21,19380125.0
2023-05-22,19381025.0
2023-05-23,19381987.5
2023-05-24,19382868.75
2023-05-25,19383812.5
2023-05-26,19384768.75
2023-05-27,19385675.0
2023-05-28,19386675.0
2023-05-29,19387687.5
2023-05-30,19388650.0
2023-05-31,19389531.25
2023-06-01,19390356.25
2023-06-02,19391381.25
2023-06-03,19392193.75
2023-06-04,19393118.75
2023-06-05,19393981.25
2023-06-06,19394925.0
2023-06-07,19395768.75
2023-06-08,19396731.25
2023-06-09,19397787.5
2023-06-10,19398750.0
2023-06-11,19399768.75
2023-06-12,19400750.0
2023-06-13,19401668.75
2023-06-14,19402425.0
2023-06-15,19403350.0
2023-06-16,19404306.25
2023-06-17,19405181.25
2023-06-18,19406125.0
2023-06-19,19407012.5
2023-06-20,19407862.5
2023-06-21,19408618.75
2023-06-22,19409475.0
2023-06-23,19410256.25
2023-06-24,19411168.75
2023-06-25,19412125.0
2023-06-26,19413037.5
2023-06-27,19413912.5
2023-06-28,19414587.5
2023-06-29,19415500.0
2023-06-30,19416487.5
2023-07-01,19417318.75
2023-07-02,19418387.5
2023-07-03,19419243.75
2023-07-04,19420125.0
2023-07-05,19421100.0
2023-07-06,19421968.75
2023-07-07,19423062.5
2023-07-08,19424175.0
2023-07-09,19425231.25
2023-07-10,19426193.75
2023-07-11,19427037.5
2023-07-12,19427937.5
2023-07-13,19428687.5
2023-07-14,19429550.0
2023-07-15,19430412.5
2023-07-16,19431381.25
2023-07-17,19432231.25
2023-07-18,19433243.75
2023-07-19,19434168.75
2023-07-20,19434968.75
2023-07-21,19435668.75
2023-07-22,19436506.25
2023-07-23,19437425.0
2023-07-24,19438362.5
2023-07-25,19439225.0
2023-07-26,19440125.0
2023-07-27,19440987.5
2023-07-28,19441862.5
2023-07-29,19442687.5
2023-07-30,19443737.5
2023-07-31,19444618.75
2023-08-01,19445487.5
2023-08-02,19446450.0
2023-08-03,19447393.75
2023-08-04,19448150.0
2023-08-05,19449112.5
2023-08-06,19450137.5
2023-08-07,19451050.0
2023-08-08,19451831.25
2023-08-09,19452843.75
2023-08-10,19453637.5
2023-08-11,19454581.25
2023-08-12,19455625.0
2023-08-13,19456468.75
2023-08-14,19457537.5
2023-08-15,19458606.25
2023-08-16,19459625.0
2023-08-17,19460600.0
2023-08-18,19461468.75
2023-08-19,19462343.75
2023-08-20,19463356.25
2023-08-21,19464387.5
2023-08-22,19465281.25
2023-08-23,19466168.75
2023-08-24,19467037.5
2023-08-25,19467881.25
2023-08-26,19468737.5
2023-08-27,19469462.5
2023-08-28,19470200.0
2023-08-29,19471187.5
2023-08-30,19471975.0
2023-08-31,19472875.0
2023-09-01,19473818.75
2023-09-02,19474768.75
2023-09-03,19475756.25
2023-09-04,19476687.5
2023-09-05,19477462.5
2023-09-06,19478306.25
2023-09-07,19479218.75
2023-09-08,19480050.0
2023-09-09,19480993.75
2023-09-10,19481912.5
2023-09-11,19482906.25
2023-09-12,19483787.5
2023-09-13,19484706.25
2023-09-14,19485718.75
2023-09-15,19486893.75
2023-09-16,19487862.5
2023-09-17,19488793.75
2023-09-18,19489768.75
2023-09-19,19490637.5
2023-09-20,19491550.0
2023-09-21,19492412.5
2023-09-22,19493218.75
2023-09-23,19494193.75
2023-09-24,19495106.25
2023-09-25,19496012.5
2023-09-26,19496862.5
2023-09-27,19497843.75
2023-09-28,19498756.25
2023-09-29,19499675.0
2023-09-30,19500537.5
2023-10-01,19501418.75
2023-10-02,19502400.0
2023-10-03,19503425.0
2023-10-04,19504243.75
2023-10-05,19505125.0
2023-10-06,19506125.0
2023-10-07,19507193.75
2023-10-08,19508118.75
2023-10-09,19509093.75
2023-10-10,19510106.25
2023-10-11,19511106.25
2023-10-12,19512137.5
2023-10-13,19513000.0
2023-10-14,19513912.5
2023-10-15,19514956.25
2023-10-16,19515837.5
2023-10-17,19516850.0
2023-10-18,19517756.25
2023-10-19,19518631.25
2023-10-20,19519468.75
2023-10-21,19520406.25
2023-10-22,19521362.5
2023-10-23,19522343.75
2023-10-24,19523131.25
2023-10-25,19524031.25
2023-10-26,19524968.75
2023-10-27,19525931.25
2023-10-28,19526931.25
2023-10-29,19527787.5
2023-10-30,19528762.5
2023-10-31,19529731.25
2023-11-01,19530662.5
2023-11-02,19531562.5
2023-11-03,19532412.5
2023-11-04,19533462.5
2023-11-05,19534481.25
2023-11-06,19535275.0
2023-11-07,19536106.25
2023-11-08,19537037.5
2023-11-09,19537931.25
2023-11-10,19538893.75
2023-11-11,19539893.75
2023-11-12,19540900.0
2023-11-13,19541656.25
2023-11-14,19542518.75
2023-11-15,19543443.75
2023-11-16,19544368.75
2023-11-17,19545306.25
2023-11-18,19546237.5
2023-11-19,19547300.0
2023-11-20,19548337.5
2023-11-21,19549287.5
2023-11-22,19550175.0
2023-11-23,19551093.75
2023-11-24,19552143.75
2023-11-25,19553137.5
2023-11-26,19554050.0
2023-11-27,19554862.5
2023-11-28,19555781.25
2023-11-29,19556631.25
2023-11-30,19557468.75
2023-12-01,19558525.0
2023-12-02,19559318.75
2023-12-03,19560350.0
2023-12-04,19561318.75
2023-12-05,19562181.25
2023-12-06,19563031.25
2023-12-07,19563750.0
2023-12-08,19564593.75
2023-12-09,19565575.0
2023-12-10,19566450.0
2023-12-11,19567437.5
2023-12-12,19568337.5
2023-12-13,19569268.75
2023-12-14,19570181.25
2023-12-15,19571200.0
2023-12-16,19572150.0
2023-12-17,19573087.5
2023-12-18,19574137.5
2023-12-19,19575150.0
2023-12-20,19576056.25
2023-12-21,19576968.75
2023-12-22,19578018.75
2023-12-23,19579018.75
2023-12-24,19580087.5
2023-12-25,19580956.25
2023-12-26,19581825.0
2023-12-27,19582631.25
2023-12-28,19583387.5
2023-12-29,19584331.25
2023-12-30,19585237.5
2023-12-31,19586212.5
2024-01-01,19587181.25
2024-01-02,19588000.0
2024-01-03,19588987.5
2024-01-04,19590050.0
2024-01-05,19590912.5
2024-01-06,19591787.5
2024-01-07,19592525.0
2024-01-08,19593293.75
2024-01-09,19594243.75
2024-01-10,19595075.0
2024-01-11,19596156.25
2024-01-12,19597206.25
2024-01-13,19598200.0
2024-01-14,19599000.0
2024-01-15,19599712.5
2024-01-16,19600493.75
2024-01-17,19601250.0
2024-01-18,19602137.5
2024-01-19,19602962.5
2024-01-20,19603856.25
2024-01-21,19604731.25
2024-01-22,19605731.25
2024-01-23,19606693.75
2024-01-24,19607631.25
2024-01-25,19608762.5
2024-01-26,19609712.5
2024-01-27,19610781.25
2024-01-28,19611781.25
2024-01-29,19612756.25
2024-01-30,19613656.25
2024-01-31,19614475.0
2024-02-01,19615431.25
2024-02-02,19616606.25
2024-02-03,19617550.0
2024-02-04,19618518.75
2024-02-05,19619493.75
2024-02-06,19620556.25
2024-02-07,19621556.25
2024-02-08,19622418.75
2024-02-09,19623456.25
2024-02-10,19624406.25
2024-02-11,19625262.5
2024-02-12,19626381.25
2024-02-13,19627225.0
2024-02-14,19628093.75
2024-02-15,19629075.0
2024-02-16,19629912.5
2024-02-17,19630850.0
2024-02-18,19631606.25
2024-02-19,19632456.25
2024-02-20,19633337.5
2024-02-21,19634200.0
2024-02-22,19635043.75
2024-02-23,19636037.5
2024-02-24,19636893.75
2024-02-25,19637918.75
2024-02-26,19638750.0
2024-02-27,19639556.25
2024-02-28,19640487.5
2024-02-29,19641318.75
2024-03-01,19642281.25
2024-03-02,19643075.0
2024-03-03,19644043.75
2024-03-04,19644850.0
2024-03-05,19645893.75
2024-03-06,19646768.75
2024-03-07,19647893.75
2024-03-08,19648856.25
2024-03-09,19649875.0
2024-03-10,19650768.75
2024-03-11,19651831.25
2024-03-12,19652712.5
2024-03-13,19653712.5
2024-03-14,19654593.75
2024-03-15,19655387.5
2024-03-16,19656287.5
2024-03-17,19657200.0
2024-03-18,19658100.0
2024-03-19,19659081.25
2024-03-20,19660012.5
2024-03-21,19660762.5
2024-03-22,19661606.25
2024-03-23,19662581.25
2024-03-24,19663643.75
2024-03-25,19664468.75
2024-03-26,19665306.25
2024-03-27,19666156.25
2024-03-28,19667106.25
2024-03-29,19668006.25
2024-03-30,19668975.0
2024-03-31,19669831.25
2024-04-01,19670768.75
2024-04-02,19671693.75
2024-04-03,19672581.25
2024-04-04,19673443.75
2024-04-05,19674368.75
2024-04-06,19675337.5
2024-04-07,19676400.0
2024-04-08,19677387.5
2024-04-09,19678300.0
2024-04-10,19679243.75
2024-04-11,19680068.75
2024-04-12,19680918.75
2024-04-13,19681943.75
2024-04-14,19682925.0
2024-04-15,19683806.25
2024-04-16,19684837.5
2024-04-17,19685693.75
2024-04-18,19686600.0
2024-04-19,19687543.75
2024-04-20,19687953.125
2024-04-21,19688390.625
2024-04-22,19688865.625
2024-04-23,19689390.625
2024-04-24,19689875.0
2024-04-25,19690321.875
2024-04-26,19690737.5
2024-04-27,19691175.0
2024-04-28,19691612.5
2024-04-29,19692021.875
2024-04-30,19692462.5
2024-05-01,19692875.0
2024-05-02,19693328.125
2024-05-03,19693731.25
2024-05-04,19694171.875
2024-05-05,19694606.25
2024-05-06,19694987.5
2024-05-07,19695368.75
2024-05-08,19695765.625
2024-05-09,19696218.75
2024-05-10,19696671.875
2024-05-11,19697168.75
2024-05-12,19697581.25
2024-05-13,19698040.625
2024-05-14,19698465.625
2024-05-15,19698906.25
2024-05-16,19699350.0
2024-05-17,19699834.375
2024-05-18,19700234.375
2024-05-19,19700715.625
2024-05-20,19701203.125
2024-05-21,19701634.375
2024-05-22,19702112.5
2024-05-23,19702640.625
2024-05-24,19703140.625
2024-05-25,19703640.625
2024-05-26,19704165.625
2024-05-27,19704550.0
2024-05-28,19704968.75
2024-05-29,19705396.875
2024-05-30,19705781.25
2024-05-31,19706243.75
2024-06-01,19706684.375
2024-06-02,19707121.875
2024-06-03,19707612.5
2024-06-04,19708031.25
2024-06-05,19708415.625
2024-06-06,19708831.25
2024-06-07,19709275.0
2024-06-08,19709812.5
2024-06-09,19710290.625
2024-06-10,19710725.0
2024-06-11,19711109.375
2024-06-12,19711565.625
2024-06-13,19712018.75
2024-06-14,19712418.75
2024-06-15,19712837.5
2024-06-16,19713346.875
2024-06-17,19713784.375
2024-06-18,19714259.375
2024-06-19,19714687.5
2024-06-20,19715103.125
2024-06-21,19715540.625
2024-06-22,19716015.625
2024-06-23,19716365.625
2024-06-24,19716840.625
2024-06-25,19717228.125
2024-06-26,19717606.25
2024-06-27,19718012.5
2024-06-28,19718434.375
2024-06-29,19718925.0
2024-06-30,19719303.125
2024-07-01,19719743.75
2024-07-02,19720206.25
2024-07-03,19720659.375
2024-07-04,19721096.875
2024-07-05,19721475.0
2024-07-06,19721990.625
2024-07-07,19722431.25
2024-07-08,19722928.125
2024-07-09,19723409.375
2024-07-10,19723834.375
2024-07-11,19724271.875
2024-07-12,19724740.625
2024-07-13,19725221.875
2024-07-14,19725743.75
2024-07-15,19726221.875
2024-07-16,19726681.25
2024-07-17,19727178.125
2024-07-18,19727581.25
2024-07-19,19728040.625
2024-07-20,19728556.25
2024-07-21,19729084.375
2024-07-22,19729643.75
2024-07-23,19730171.875
2024-07-24,19730609.375
2024-07-25,19731118.75
2024-07-26,19731618.75
2024-07-27,19732100.0
2024-07-28,19732562.5
2024-07-29,19733118.75
2024-07-30,19733587.5
2024-07-31,19734028.125
2024-08-01,19734465.625
2024-08-02,19734856.25
2024-08-03,19735278.125
2024-08-04,19735725.0
2024-08-05,19736212.5
2024-08-06,19736650.0
2024-08-07,19737031.25
2024-08-08,19737434.375
2024-08-09,19737840.625
2024-08-10,19738243.75
2024-08-11,19738746.875
2024-08-12,19739175.0
2024-08-13,19739640.625
2024-08-14,19740053.125
2024-08-15,19740553.125
2024-08-16,19740996.875
2024-08-17,19741462.5
2024-08-18,19741950.0
2024-08-19,19742356.25
2024-08-20,19742825.0
2024-08-21,19743284.375
2024-08-22,19743784.375
2024-08-23,19744296.875
2024-08-24,19744775.0
2024-08-25,19745190.625
2024-08-26,19745609.375
2024-08-27,19746053.125
2024-08-28,19746556.25
2024-08-29,19746968.75
2024-08-30,19747412.5
2024-08-31,19747871.875
2024-09-01,19748315.625
2024-09-02,19748837.5
2024-09-03,19749303.125
2024-09-04,19749775.0
2024-09-05,19750259.375
2024-09-06,19750712.5
2024-09-07,19751206.25
2024-09-08,19751728.125
2024-09-09,19752181.25
2024-09-10,19752609.375
2024-09-11,19752946.875
2024-09-12,19753421.875
2024-09-13,19753806.25
2024-09-14,19754240.625
2024-09-15,19754712.5
2024-09-16,19755103.125
2024-09-17,19755571.875
2024-09-18,19756003.125
2024-09-19,19756384.375
2024-09-20,19756837.5
2024-09-21,19757259.375
2024-09-22,19757684.375
2024-09-23,19758140.625
2024-09-24,19758593.75
2024-09-25,19759043.75
2024-09-26,19759450.0
2024-09-27,19759878.125
2024-09-28,19760281.25
2024-09-29,19760765.625
2024-09-30,19761193.75
2024-10-01,19761684.375
2024-10-02,19762168.75
2024-10-03,19762662.5
2024-10-04,19763190.625
2024-10-05,19763662.5
2024-10-06,19764137.5
2024-10-07,19764621.875
2024-10-08,19765143.75
2024-10-09,19765540.625
2024-10-10,19766025.0
2024-10-11,19766462.5
2024-10-12,19766909.375
2024-10-13,19767340.625
2024-10-14,19767775.0
2024-10-15,19768262.5
2024-10-16,19768703.125
2024-10-17,19769193.75
2024-10-18,19769618.75
2024-10-19,19770159.375
2024-10-20,19770700.0
2024-10-21,19771234.375
2024-10-22,19771665.625
2024-10-23,19772137.5
2024-10-24,19772596.875
2024-10-25,19773075.0
2024-10-26,19773531.25
2024-10-27,19774034.375
2024-10-28,19774559.375
2024-10-29,19775050.0
2024-10-30,19775578.125
2024-10-31,19776071.875
2024-11-01,19776550.0
2024-11-02,19776990.625
2024-11-03,19777403.125
2024-11-04,19777875.0
2024-11-05,19778309.375
2024-11-06,19778787.5
2024-11-07,19779275.0
2024-11-08,19779718.75
2024-11-09,19780153.125
2024-11-10,19780615.625
2024-11-11,19781040.625
2024-11-12,19781496.875
2024-11-13,19781928.125
2024-11-14,19782325.0
2024-11-15,19782793.75
2024-11-16,19783284.375
2024-11-17,19783753.125
2024-11-18,19784240.625
2024-11-19,19784787.5
2024-11-20,19785246.875
2024-11-21,19785696.875
2024-11-22,19786143.75
2024-11-23,19786575.0
2024-11-24,19786993.75
2024-11-25,19787521.875
2024-11-26,19787956.25
2024-11-27,19788371.875
2024-11-28,19788815.625
2024-11-29,19789193.75
2024-11-30,19789706.25
2024-12-01,19790200.0
2024-12-02,19790596.875
2024-12-03,19791087.5
2024-12-04,19791546.875
2024-12-05,19792031.25
2024-12-06,19792456.25
2024-12-07,19792900.0
2024-12-08,19793356.25
2024-12-09,19793878.125
2024-12-10,19794359.375
2024-12-11,19794803.125
2024-12-12,19795265.625
2024-12-13,19795796.875
2024-12-14,19796293.75
2024-12-15,19796721.875
2024-12-16,19797184.375
2024-12-17,19797609.375
2024-12-18,19798059.375
2024-12-19,19798512.5
2024-12-20,19798984.375
2024-12-21,19799437.5
2024-12-22,19799921.875
2024-12-23,19800356.25
2024-12-24,19800768.75
2024-12-25,19801240.625
2024-12-26,19801650.0
2024-12-27,19802143.75
2024-12-28,19802590.625
2024-12-29,19803084.375
2024-12-30,19803581.25
2024-12-31,19803984.375
2025-01-01,19804421.875
2025-01-02,19804943.75
2025-01-03,19805387.5
2025-01-04,19805853.125
2025-01-05,19806340.625
2025-01-06,19806756.25
2025-01-07,19807175.0
2025-01-08,19807565.625
2025-01-09,19808040.625
2025-01-10,19808484.375
2025-01-11,19808915.625
2025-01-12,19809453.125
2025-01-13,19809853.125
2025-01-14,19810334.375
2025-01-15,19810768.75
2025-01-16,19811168.75
2025-01-17,19811637.5
2025-01-18,19812043.75
2025-01-19,19812512.5
2025-01-20,19812987.5
2025-01-21,19813403.125
2025-01-22,19813871.875
2025-01-23,19814296.875
2025-01-24,19814734.375
2025-01-25,19815134.375
2025-01-26,19815562.5
2025-01-27,19816050.0
2025-01-28,19816512.5
2025-01-29,19816996.875
2025-01-30,19817450.0
2025-01-31,19817840.625
2025-02-01,19818415.625
2025-02-02,19818950.0
2025-02-03,19819428.125
2025-02-04,19819837.5
2025-02-05,19820287.5
2025-02-06,19820740.625
2025-02-07,19821281.25
2025-02-08,19821781.25
2025-02-09,19822228.125
2025-02-10,19822662.5
2025-02-11,19823050.0
2025-02-12,19823465.625
2025-02-13,19823959.375
2025-02-14,19824434.375
2025-02-15,19824934.375
2025-02-16,19825406.25
2025-02-17,19825834.375
2025-02-18,19826271.875
2025-02-19,19826665.625
2025-02-20,19827071.875
2025-02-21,19827475.0
2025-02-22,19827909.375
2025-02-23,19828312.5
2025-02-24,19828718.75
2025-02-25,19829178.125
2025-02-26,19829668.75
2025-02-27,19830137.5
2025-02-28,19830625.0
2025-03-01,19831075.0
2025-03-02,19831468.75
2025-03-03,19831937.5
2025-03-04,19832393.75
2025-03-05,19832812.5
2025-03-06,19833343.75
2025-03-07,19833787.5
2025-03-08,19834215.625
2025-03-09,19834712.5
2025-03-10,19835193.75
2025-03-11,19835625.0
2025-03-12,19836103.125
2025-03-13,19836600.0
2025-03-14,19837043.75
2025-03-15,19837456.25
2025-03-16,19837909.375
2025-03-17,19838346.875
2025-03-18,19838790.625
2025-03-19,19839265.625
2025-03-20,19839709.375
2025-03-21,19840162.5
2025-03-22,19840631.25
2025-03-23,19841118.75
2025-03-24,19841600.0
2025-03-25,19842065.625
2025-03-26,19842540.625
2025-03-27,19843003.125
2025-03-28,19843484.375
2025-03-29,19843925.0
2025-03-30,19844353.125
2025-03-31,19844815.625
2025-04-01,19845237.5
2025-04-02,19845775.0
2025-04-03,19846250.0
2025-04-04,19846812.5
2025-04-05,19847325.0
2025-04-06,19847778.125
2025-04-07,19848231.25
2025-04-08,19848709.375
2025-04-09,19849118.75
2025-04-10,19849568.75
2025-04-11,19850031.25
2025-04-12,19850481.25
2025-04-13,19851018.75
2025-04-14,19851484.375
2025-04-15,19851934.375
2025-04-16,19852396.875
2025-04-17,19852875.0
2025-04-18,19853300.0
2025-04-19,19853734.375
2025-04-20,19854118.75
2025-04-21,19854512.5
2025-04-22,19854996.875
2025-04-23,19855353.125
2025-04-24,19855793.75
2025-04-25,19856243.75
2025-04-26,19856659.375
2025-04-27,19857081.25
2025-04-28,19857521.875
2025-04-29,19857978.125
2025-04-30,19858390.625
2025-05-01,19858812.5
2025-05-02,19859309.375
2025-05-03,19859821.875
2025-05-04,19860256.25
2025-05-05,19860803.125
2025-05-06,19861234.375
2025-05-07,19861706.25
2025-05-08,19862203.125
2025-05-09,19862640.625
2025-05-10,19863109.375
2025-05-11,19863575.0
2025-05-12,19864028.125
2025-05-13,19864434.375
2025-05-14,19864884.375
2025-05-15,19865340.625
2025-05-16,19865765.625
2025-05-17,19866212.5
2025-05-18,19866718.75
2025-05-19,19867159.375
2025-05-20,19867621.875
2025-05-21,19868071.875
2025-05-22,19868540.625
2025-05-23,19869025.0
2025-05-24,19869465.625
2025-05-25,19869937.5
2025-05-26,19870415.625
2025-05-27,19870856.25
2025-05-28,19871368.75
2025-05-29,19871865.625
2025-05-30,19872350.0
2025-05-31,19872853.125
2025-06-01,19873268.75
2025-06-02,19873684.375
2025-06-03,19874134.375
2025-06-04,19874528.125
2025-06-05,19874946.875
2025-06-06,19875365.625
2025-06-07,19875812.5
2025-06-08,19876290.625
2025-06-09,19876728.125
2025-06-10,19877256.25
2025-06-11,19877696.875
2025-06-12,19878159.375
2025-06-13,19878612.5
2025-06-14,19879084.375
2025-06-15,19879509.375
2025-06-16,19879965.625
2025-06-17,19880334.375
2025-06-18,19880771.875
2025-06-19,19881168.75
2025-06-20,19881640.625
2025-06-21,19882081.25
2025-06-22,19882415.625
2025-06-23,19882750.0
2025-06-24,19883115.625
2025-06-25,19883562.5
2025-06-26,19884053.125
2025-06-27,19884412.5
2025-06-28,19884865.625
2025-06-29,19885393.75
2025-06-30,19885846.875
2025-07-01,19886265.625
2025-07-02,19886743.75
2025-07-03,19887215.625
2025-07-04,19887712.5
2025-07-05,19888203.125
2025-07-06,19888703.125
2025-07-07,19889175.0
2025-07-08,19889618.75
2025-07-09,19890131.25
2025-07-10,19890665.625
2025-07-11,19891134.375
2025-07-12,19891600.0
2025-07-13,19892028.125
2025-07-14,19892481.25
2025-07-15,19892993.75
2025-07-16,19893403.125
2025-07-17,19893828.125
2025-07-18,19894278.125
2025-07-19,19894721.875
2025-07-20,19895187.5
2025-07-21,19895656.25
2025-07-22,19896125.0
2025-07-23,19896562.5
2025-07-24,19897021.875
2025-07-25,19897521.875
2025-07-26,19898000.0
2025-07-27,19898428.125
2025-07-28,19898881.25
2025-07-29,19899231.25
2025-07-30,19899659.375
2025-07-31,19900140.625
2025-08-01,19900612.5
2025-08-02,19901065.625
2025-08-03,19901550.0
2025-08-04,19902084.375
2025-08-05,19902515.625
2025-08-06,19902965.625
2025-08-07,19903468.75
2025-08-08,19903896.875
2025-08-09,19904259.375
2025-08-10,19904681.25
2025-08-11,19905140.625
2025-08-12,19905568.75
2025-08-13,19906056.25
2025-08-14,19906562.5
2025-08-15,19906981.25
2025-08-16,19907456.25
2025-08-17,19907931.25
2025-08-18,19908412.5
2025-08-19,19908831.25
2025-08-20,19909271.875
2025-08-21,19909737.5
2025-08-22,19910193.75
2025-08-23,19910668.75
2025-08-24,19911181.25
2025-08-25,19911621.875
2025-08-26,19912090.625
2025-08-27,19912559.375
2025-08-28,19913056.25
2025-08-29,19913571.875
2025-08-30,19914065.625
2025-08-31,19914478.125
2025-09-01,19914981.25
2025-09-02,19915490.625
2025-09-03,19915918.75
2025-09-04,19916356.25
2025-09-05,19916803.125
2025-09-06,19917240.625
2025-09-07,19917721.875
2025-09-08,19918221.875
2025-09-09,19918743.75
2025-09-10,19919275.0
2025-09-11,19919743.75
2025-09-12,19920118.75
2025-09-13,19920559.375
2025-09-14,19921037.5
2025-09-15,19921546.875
2025-09-16,19922046.875
2025-09-17,19922446.875
2025-09-18,19922940.625
2025-09-19,19923465.625
2025-09-20,19923943.75
2025-09-21,19924450.0
2025-09-22,19924918.75
2025-09-23,19925368.75
2025-09-24,19925846.875
2025-09-25,19926287.5
2025-09-26,19926700.0
2025-09-27,19927184.375
2025-09-28,19927700.0
2025-09-29,19928137.5
2025-09-30,19928640.625
2025-10-01,19929112.5
2025-10-02,19929537.5
2025-10-03,19929906.25
2025-10-04,19930325.0
2025-10-05,19930790.625
2025-10-06,19931175.0
2025-10-07,19931606.25
2025-10-08,19932068.75
2025-10-09,19932443.75
2025-10-10,19932856.25
2025-10-11,19933315.625
2025-10-12,19933768.75
2025-10-13,19934243.75
2025-10-14,19934771.875
2025-10-15,19935221.875
2025-10-16,19935700.0
2025-10-17,19936196.875
2025-10-18,19936712.5
2025-10-19,19937146.875
2025-10-20,19937612.5
2025-10-21,19938081.25
2025-10-22,19938559.375
2025-10-23,19939003.125
2025-10-24,19939562.5
2025-10-25,19940062.5
2025-10-26,19940521.875
2025-10-27,19940981.25
2025-10-28,19941487.5
2025-10-29,19941871.875
2025-10-30,19942371.875
2025-10-31,19942809.375
2025-11-01,19943240.625
2025-11-02,19943725.0
2025-11-03,19944168.75
2025-11-04,19944578.125
2025-11-05,19945009.375
2025-11-06,19945446.875
2025-11-07,19945890.625
2025-11-08,19946265.625
2025-11-09,19946706.25
2025-11-10,19947143.75
2025-11-11,19947621.875
2025-11-12,19948062.5
2025-11-13,19948531.25
2025-11-14,19948981.25
2025-11-15,19949428.125
2025-11-16,19949925.0
2025-11-17,19950312.5
2025-11-18,19950728.125
2025-11-19,19951156.25
2025-11-20,19951565.625
2025-11-21,19952037.5
2025-11-22,19952484.375
2025-11-23,19952928.125
2025-11-24,19953375.0
2025-11-25,19953734.375
2025-11-26,19954246.875
2025-11-27,19954693.75
2025-11-28,19955162.5
2025-11-29,19955590.625
2025-11-30,19956112.5
2025-12-01,19956528.125
2025-12-02,19956925.0
2025-12-03,19957337.5
2025-12-04,19957750.0
2025-12-05,19958121.875
2025-12-06,19958631.25
2025-12-07,19959131.25
2025-12-08,19959593.75
2025-12-09,19959996.875
2025-12-10,19960481.25
2025-12-11,19960981.25
2025-12-12,19961434.375
2025-12-13,19961881.25
2025-12-14,19962281.25
2025-12-15,19962700.0
2025-12-16,19963159.375
2025-12-17,19963590.625
2025-12-18,19964040.625
2025-12-19,19964493.75
2025-12-20,19964953.125
2025-12-21,19965384.375
2025-12-22,19965818.75
2025-12-23,19966271.875
2025-12-24,19966768.75
2025-12-25,19967200.0
2025-12-26,19967687.5
2025-12-27,19968112.5
2025-12-28,19968596.875
2025-12-29,19969078.125
2025-12-30,19969450.0
2025-12-31,19969865.625
2026-01-01,19970337.5
2026-01-02,19970787.5
2026-01-03,19971271.875
2026-01-04,19971725.0
2026-01-05,19972137.5
2026-01-06,19972543.75
2026-01-07,19973003.125
2026-01-08,19973415.625
2026-01-09,19973859.375
2026-01-10,19974365.625
2026-01-11,19974746.875
2026-01-12,19975190.625
2026-01-13,19975612.5
2026-01-14,19976000.0
2026-01-15,19976434.375
2026-01-16,19976840.625
2026-01-17,19977306.25
2026-01-18,19977743.75
2026-01-19,19978212.5
2026-01-20,19978628.125
2026-01-21,19979056.25
2026-01-22,19979559.375
2026-01-23,19979996.875
2026-01-24,19980303.125
2026-01-25,19980640.625
2026-01-26,19981028.125
2026-01-27,19981409.375
2026-01-28,19981753.125
2026-01-29,19982153.125
2026-01-30,19982562.5
2026-01-31,19982993.75
2026-02-01,19983365.625
2026-02-02,19983734.375
2026-02-03,19984146.875
2026-02-04,19984590.625
2026-02-05,19984987.5
2026-02-06,19985440.625
2026-02-07,19985959.375
2026-02-08,19986490.625
2026-02-09,19987000.0
2026-02-10,19987450.0
2026-02-11,19987940.625
2026-02-12,19988493.75
2026-02-13,19988965.625
2026-02-14,19989484.375
2026-02-15,19990100.0
2026-02-16,19990646.875
2026-02-17,19991162.5
2026-02-18,19991640.625
2026-02-19,19992137.5
2026-02-20,19992565.625
2026-02-21,19992937.5
2026-02-22,19993450.0
2026-02-23,19993912.5
2026-02-24,19994428.125
2026-02-25,19994915.625
2026-02-26,19995353.125
2026-02-27,19995793.75
2026-02-28,19996240.625
2026-03-01,19996706.25
2026-03-02,19997131.25
2026-03-03,19997550.0
2026-03-04,19997956.25
2026-03-05,19998475.0
2026-03-06,19998931.25
2026-03-07,19999343.75
2026-03-08,19999762.5
2026-03-09,20000193.75
2026-03-10,20000625.0
2026-03-11,20001059.375
2026-03-12,20001462.5
2026-03-13,20001840.625
2026-03-14,20002240.625
2026-03-15,20002631.25
2026-03-16,20003021.875
2026-03-17,20003418.75
2026-03-18,20003853.125
2026-03-19,20004271.875
2026-03-20,20004690.625
2026-03-21,20005121.875
2026-03-22,20005628.125
2026-03-23,20006128.125
2026-03-24,20006518.75
2026-03-25,20006996.875
2026-03-26,20007512.5
2026-03-27,20007987.5
2026-03-28,20008531.25
2026-03-29,20008981.25
2026-03-30,20009406.25
2026-03-31,20009831.25
2026-04-01,20010337.5
2026-04-02,20010790.625
2026-04-03,20011203.125
2026-04-04,20011578.125
2026-04-05,20012075.0
2026-04-06,20012475.0
2026-04-07,20012906.25
2026-04-08,20013368.75
2026-04-09,20013818.75
2026-04-10,20014209.375
2026-04-11,20014593.75
2026-04-12,20015078.125
2026-04-13,20015540.625
2026-04-14,20016053.125
2026-04-15,20016443.75
2026-04-16,20016918.75
2026-04-17,20017359.375
2026-04-18,20017837.5
2026-04-19,20018331.25
2026-04-20,20018737.5
2026-04-21,20019159.375
2026-04-22,20019568.75
2026-04-23,20019946.875
2026-04-24,20020412.5
2026-04-25,20020850.0
2026-04-26,20021315.625
2026-04-27,20021746.875
2026-04-28,20022181.25
2026-04-29,20022578.125
2026-04-30,20023015.625
2026-05-01,20023509.375
2026-05-02,20023934.375
2026-05-03,20024409.375
