date,cumulative_etf_flow
2019-07-24,463.2879949139929
2019-07-25,476.9028616008124
2019-07-26,466.06765333711
2019-07-27,463.8045201569315
2019-07-28,452.57047960668336
2019-07-29,2224920171.293258
2019-07-30,2221195364.5439506
2019-07-31,2290115611.5381217
2019-08-01,2343834378.543133
2019-08-02,2434461305.4981465
2019-08-03,2505012448.137988
2019-08-04,2512852331.57785
2019-08-05,2707189440.8181047
2019-08-06,2737639396.908089
2019-08-07,2720694041.643785
2019-08-08,2747870659.4588523
2019-08-09,2753292041.4140153
2019-08-10,2703460449.550015
2019-08-11,2652378783.735988
2019-08-12,2654596889.456707
2019-08-13,2601278726.193577
2019-08-14,2441603746.255204
2019-08-15,2337542388.9558153
2019-08-16,2383911848.7930164
2019-08-17,2400673827.1695
2019-08-18,2396392740.651678
2019-08-19,2468684047.5573316
2019-08-20,2504443140.674084
2019-08-21,2382000835.587062
2019-08-22,2340715605.156644
2019-08-23,2387476947.025823
2019-08-24,2366757034.1034617
2019-08-25,2354150158.277475
2019-08-26,2405140007.925326
2019-08-27,2375973529.0666084
2019-08-28,2347801794.554889
2019-08-29,2222571714.5046067
2019-08-30,2224162811.2102947
2019-08-31,2299180413.870647
2019-09-01,2302474662.6131434
2019-09-02,2373139301.887857
2019-09-03,2506606989.945819
2019-09-04,2523804643.0776167
2019-09-05,2523791053.4422884
2019-09-06,2547075143.038402
2019-09-07,2494058533.2256145
2019-09-08,2503385169.7519073
2019-09-09,2467456764.422662
2019-09-10,2450249690.7570586
2019-09-11,2412630509.956611
2019-09-12,2446775149.138798
2019-09-13,2470632019.9074597
2019-09-14,2475194191.9075303
2019-09-15,2470936401.5686245
2019-09-16,2457055300.650221
2019-09-17,2447730990.0784254
2019-09-18,2441913700.307112
2019-09-19,2392883205.142737
2019-09-20,2436343707.362173
2019-09-21,2407436818.2679152
2019-09-22,2391234843.3336596
2019-09-23,2371190636.8628907
2019-09-24,2267359089.1117234
2019-09-25,2029129407.102288
2019-09-26,1981219975.4308035
2019-09-27,1927573821.247601
2019-09-28,1956702707.470237
2019-09-29,1936366961.0258741
2019-09-30,1929931451.5129156
2019-10-01,1994758020.6902566
2019-10-02,1974730340.7588372
2019-10-03,1971338832.755772
2019-10-04,1951639365.1377351
2019-10-05,1940695894.889581
2019-10-06,1914861262.9348633
2019-10-07,1921771320.9810472
2019-10-08,1962386327.4862528
2019-10-09,1992801169.9063694
2019-10-10,2050164392.2484756
2019-10-11,2040029213.1166832
2019-10-12,2020976532.7458405
2019-10-13,2026906675.4242482
2019-10-14,2016038804.882533
2019-10-15,2012238775.5900102
2019-10-16,1992205236.8701367
2019-10-17,2074824301.2805455
2019-10-18,2073086473.7475262
2019-10-19,2071816041.4962544
2019-10-20,2084038942.204127
2019-10-21,2157872873.503486
2019-10-22,2156453978.119106
2019-10-23,2042346990.2418904
2019-10-24,1958730744.147089
2019-10-25,2060275392.8698053
2019-10-26,2432907335.288538
2019-10-27,2456769125.886441
2019-10-28,2481732666.968442
2019-10-29,2458966308.9751296
2019-10-30,2415354871.1800904
2019-10-31,2407840674.958109
2019-11-01,2403265626.5545363
2019-11-02,2433497311.1662707
2019-11-03,2422005413.624825
2019-11-04,2426147829.8814073
2019-11-05,2450348063.6054816
2019-11-06,2449421452.6613865
2019-11-07,2427956425.6646767
2019-11-08,2364686557.5977535
2019-11-09,2313749405.6992626
2019-11-10,2331988701.72597
2019-11-11,2315472210.4402094
2019-11-12,2295528889.1560574
2019-11-13,2298924393.5384674
2019-11-14,2281158420.098246
2019-11-15,2248855430.5345874
2019-11-16,2230308212.2096567
2019-11-17,2242726504.320519
2019-11-18,2214831790.8038735
2019-11-19,2142197229.2578063
2019-11-20,2134319669.8429334
2019-11-21,2067411937.5715303
2019-11-22,1932518245.3029068
2019-11-23,1895909849.7143118
2019-11-24,1872185829.104661
2019-11-25,1825939409.8834958
2019-11-26,1872265552.7056408
2019-11-27,1895881446.0874043
2019-11-28,1966775352.542516
2019-11-29,1991590125.0778537
2019-11-30,2007204177.3721704
2019-12-01,1932171227.3706968
2019-12-02,1917598361.8179717
2019-12-03,1918813584.8763723
2019-12-04,1906943572.8214524
2019-12-05,1919262528.6729589
2019-12-06,1938607361.529968
2019-12-07,1971317001.729526
2019-12-08,1962744536.464313
2019-12-09,1956127703.887099
2019-12-10,1915291275.7739718
2019-12-11,1890173000.1380231
2019-12-12,1879805257.0913353
2019-12-13,1894477833.501574
2019-12-14,1878537409.0837126
2019-12-15,1858323582.7210698
2019-12-16,1846168145.594153
2019-12-17,1784486394.8589225
2019-12-18,1769142471.1945744
2019-12-19,1871252916.5612426
2019-12-20,1873088378.5576487
2019-12-21,1872376595.1615882
2019-12-22,1890629392.2759235
2019-12-23,1962367599.2267435
2019-12-24,1913409684.2440677
2019-12-25,1890790299.227952
2019-12-26,1892883762.4990556
2019-12-27,1886180011.1794677
2019-12-28,1912218925.767877
2019-12-29,1924209961.849405
2019-12-30,1915384513.216445
2019-12-31,1889422508.0414984
2020-01-01,1886491581.3583212
2020-01-02,1857719453.157596
2020-01-03,1886608610.2547295
2020-01-04,1916246274.6292021
2020-01-05,1942891760.125307
2020-01-06,1967847632.8114944
2020-01-07,2066447115.003219
2020-01-08,2147885152.2237477
2020-01-09,2065549022.3252428
2020-01-10,2058933537.2970316
2020-01-11,2117778043.6597888
2020-01-12,2118209901.691796
2020-01-13,2137811733.0453146
2020-01-14,2278486074.3186555
2020-01-15,2336729554.980027
2020-01-16,2326054915.9904337
2020-01-17,2368210411.351034
2020-01-18,2381674244.9665
2020-01-19,2372721828.0179634
2020-01-20,2331933427.268894
2020-01-21,2338791415.877983
2020-01-22,2407274126.3889203
2020-01-23,2360555326.5204864
2020-01-24,2382106970.6505213
2020-01-25,2365368194.4328423
2020-01-26,2395696142.251156
2020-01-27,2472601739.2347765
2020-01-28,2560007612.043045
2020-01-29,2643904425.383208
2020-01-30,2657863936.30136
2020-01-31,2650601509.0236144
2020-02-01,2656680477.325209
2020-02-02,2658951317.792448
2020-02-03,2648068030.487906
2020-02-04,2611432900.918726
2020-02-05,2662802345.5229983
2020-02-06,2744707976.5452657
2020-02-07,2794286191.058182
2020-02-08,2802979979.0485773
2020-02-09,2875327584.61079
2020-02-10,2843796221.371089
2020-02-11,2850143849.8369746
2020-02-12,2980784317.833064
2020-02-13,2982753519.1105123
2020-02-14,2973753469.286948
2020-02-15,2942591028.497142
2020-02-16,2873388038.6013994
2020-02-17,2823060745.8557987
2020-02-18,2859306029.82019
2020-02-19,2940620949.996067
2020-02-20,2797960646.376723
2020-02-21,2842344882.707874
2020-02-22,2836805715.632716
2020-02-23,2888814017.280381
2020-02-24,2856946044.268162
2020-02-25,2798348589.101539
2020-02-26,2670021228.227616
2020-02-27,2592217929.6513386
2020-02-28,2563007688.1802764
2020-02-29,2559819496.957064
2020-03-01,2524466314.3989215
2020-03-02,2574394323.954212
2020-03-03,2622684692.281686
2020-03-04,2619265520.1440682
2020-03-05,2699936330.3213873
2020-03-06,2728818102.7696443
2020-03-07,2718397281.6608224
2020-03-08,2581583808.240721
2020-03-09,2381637172.393649
2020-03-10,2394451352.399964
2020-03-11,2367128964.517584
2020-03-12,2039342083.3260992
2020-03-13,1612933286.3389268
2020-03-14,1635693276.4837317
2020-03-15,1604528399.230661
2020-03-16,1529887235.4903045
2020-03-17,1586048654.5229166
2020-03-18,1580748293.9872704
2020-03-19,1722725560.7885406
2020-03-20,1928131907.9343169
2020-03-21,1876681397.2938614
2020-03-22,1869437441.0348065
2020-03-23,1849672541.0523036
2020-03-24,2016318036.1682363
2020-03-25,2029583266.3813653
2020-03-26,2032261646.6871276
2020-03-27,2038855870.6323326
2020-03-28,1905502910.3964016
2020-03-29,1869656309.413557
2020-03-30,1904428413.1614435
2020-03-31,1964592372.4708881
2020-04-01,1923557672.4384775
2020-04-02,2041887157.5828767
2020-04-03,2076852059.0992808
2020-04-04,2062759036.0245569
2020-04-05,2071815582.6010485
2020-04-06,2151055706.907895
2020-04-07,2226771457.375673
2020-04-08,2217820601.967578
2020-04-09,2221983207.872841
2020-04-10,2148833503.7892613
2020-04-11,2108109584.1788757
2020-04-12,2132670527.3854933
2020-04-13,2075713380.093887
2020-04-14,2111530708.0897932
2020-04-15,2090056558.6652133
2020-04-16,2116105703.6646736
2020-04-17,2176632687.830203
2020-04-18,2203581220.9938293
2020-04-19,2217122746.6363587
2020-04-20,2180922220.6473565
2020-04-21,2129916697.5049098
2020-04-22,2172063543.6896567
2020-04-23,2258612721.9533033
2020-04-24,2357502925.873807
2020-04-25,2368379200.192181
2020-04-26,2381547873.04078
2020-04-27,2419644855.5483413
2020-04-28,2458586155.3708615
2020-04-29,2653527414.536198
2020-04-30,2875611328.1951303
2020-05-01,2861972516.4783597
2020-05-02,2891002636.1499867
2020-05-03,2925194788.6885285
2020-05-04,2883088094.9974318
2020-05-05,2923081036.415913
2020-05-06,3024795768.5823092
2020-05-07,3132168974.395493
2020-05-08,3310053048.6033645
2020-05-09,3254633718.4599466
2020-05-10,2922718105.208386
2020-05-11,2929029596.011764
2020-05-12,2970759331.4779873
2020-05-13,3100626033.6752224
2020-05-14,3277398161.317901
2020-05-15,3298425067.975171
2020-05-16,3257523553.9055934
2020-05-17,3327780064.746143
2020-05-18,3381858491.761433
2020-05-19,3396774259.3306046
2020-05-20,3403950414.6443796
2020-05-21,3280421353.0114555
2020-05-22,3222524516.975566
2020-05-23,3251101038.321178
2020-05-24,3222695664.747559
2020-05-25,3114102787.0224566
2020-05-26,3128234810.726316
2020-05-27,3197288795.4242077
2020-05-28,3313437585.0607395
2020-05-29,3379727321.059835
2020-05-30,3397454277.5396824
2020-05-31,3414770823.9595456
2020-06-01,3443541508.878776
2020-06-02,3553030908.697181
2020-06-03,3461858642.583237
2020-06-04,3523540104.4580455
2020-06-05,3547492286.4773903
2020-06-06,3512408528.8819942
2020-06-07,3505998634.665137
2020-06-08,3551359518.8371534
2020-06-09,3549234581.9960938
2020-06-10,3581923119.74905
2020-06-11,3537413961.671062
2020-06-12,3451249903.1830063
2020-06-13,3458727670.9088044
2020-06-14,3452484920.3112607
2020-06-15,3399349794.431633
2020-06-16,3486045700.663225
2020-06-17,3491085620.63452
2020-06-18,3498439610.058956
2020-06-19,3511653349.955058
2020-06-20,3500832732.6690254
2020-06-21,3519949838.3351846
2020-06-22,3568547460.969244
2020-06-23,3733903035.3537335
2020-06-24,3661925099.272124
2020-06-25,3581069840.502857
2020-06-26,3563332186.2896404
2020-06-27,3535504679.742192
2020-06-28,3515872035.1853704
2020-06-29,3537198507.1162405
2020-06-30,3547657213.5336146
2020-07-01,3561236628.848027
2020-07-02,3556251569.085636
2020-07-03,3525649266.003031
2020-07-04,3526137485.9173946
2020-07-05,3516009629.1909285
2020-07-06,3567995266.7383814
2020-07-07,3591074340.493898
2020-07-08,3617836361.1767673
2020-07-09,3615289434.993973
2020-07-10,3564327736.3855543
2020-07-11,3579192373.9855757
2020-07-12,3583043167.9731746
2020-07-13,3594849578.1302757
2020-07-14,3571593026.3476253
2020-07-15,3573061632.289076
2020-07-16,3540613089.8327103
2020-07-17,3545443816.557605
2020-07-18,3553444959.374925
2020-07-19,3544291636.546965
2020-07-20,3554400102.650168
2020-07-21,3606641938.0420365
2020-07-22,3629594620.2117047
2020-07-23,3713454680.724582
2020-07-24,3724471458.8975563
2020-07-25,3747927202.4280186
2020-07-26,3827766974.069527
2020-07-27,4067855394.7219586
2020-07-28,4293510208.9578977
2020-07-29,4341223857.739292
2020-07-30,4328513346.515303
2020-07-31,4401689773.022072
2020-08-01,4559187608.659658
2020-08-02,4459103963.092384
2020-08-03,4436072234.203141
2020-08-04,4447027033.112077
2020-08-05,4530299196.98006
2020-08-06,4645231745.871024
2020-08-07,4656823183.185451
2020-08-08,4640596704.873532
2020-08-09,4636021563.00645
2020-08-10,4767802033.760543
2020-08-11,4686756732.380017
2020-08-12,4636582807.58411
2020-08-13,4676938581.145232
2020-08-14,4834314111.314664
2020-08-15,4881553870.92498
2020-08-16,4875442335.499036
2020-08-17,4951041466.464422
2020-08-18,5011934139.015257
2020-08-19,4873429868.568501
2020-08-20,4863585815.558995
2020-08-21,4860053384.027789
2020-08-22,4780714442.420512
2020-08-23,4805944198.325102
2020-08-24,4851060396.047976
2020-08-25,4774313969.875308
2020-08-26,4769679002.505577
2020-08-27,4750337309.087833
2020-08-28,4786407358.741774
2020-08-29,4815907344.914765
2020-08-30,4856083740.322752
2020-08-31,4923363875.981701
2020-09-01,5008546157.443584
2020-09-02,4933266547.192826
2020-09-03,4712772239.094933
2020-09-04,4446391979.121212
2020-09-05,4395464846.538926
2020-09-06,4362374227.876317
2020-09-07,4340559261.379212
2020-09-08,4342987279.163451
2020-09-09,4353935142.559741
2020-09-10,4428265104.034306
2020-09-11,4415858335.0175905
2020-09-12,4446267343.614591
2020-09-13,4458789926.62716
2020-09-14,4501870697.709211
2020-09-15,4617479283.653974
2020-09-16,4670601480.172827
2020-09-17,4672602632.422144
2020-09-18,4686930870.504317
2020-09-19,4724092064.572019
2020-09-20,4687692308.809544
2020-09-21,4586891451.867388
2020-09-22,4492916246.530183
2020-09-23,4550147964.331604
2020-09-24,4653225903.174519
2020-09-25,4759376008.21658
2020-09-26,4779598235.159277
2020-09-27,4780087410.974058
2020-09-28,4849724384.15838
2020-09-29,4786929896.776277
2020-09-30,4790897462.212805
2020-10-01,4797431697.299677
2020-10-02,4695961374.293916
2020-10-03,4704541550.816954
2020-10-04,4728080125.026279
2020-10-05,4771958818.99927
2020-10-06,4772106776.338239
2020-10-07,4734815652.737716
2020-10-08,4782183099.227792
2020-10-09,4892193344.711742
2020-10-10,5044964013.929878
2020-10-11,5061782719.720424
2020-10-12,5096740737.120428
2020-10-13,5103720285.247386
2020-10-14,5084697918.272817
2020-10-15,5165643595.903938
2020-10-16,5246418586.95982
2020-10-17,5235604547.162832
2020-10-18,5272212278.473602
2020-10-19,5340661367.966597
2020-10-20,5462559928.437969
2020-10-21,5733746369.972365
2020-10-22,5971075205.891491
2020-10-23,5987406362.289397
2020-10-24,6029568593.674988
2020-10-25,6044954966.863422
2020-10-26,6110882238.305112
2020-10-27,6243599592.248244
2020-10-28,6366044984.367719
2020-10-29,6313110502.591523
2020-10-30,6432355048.38673
2020-10-31,6575570399.059451
2020-11-01,6587724192.86956
2020-11-02,6536849691.225624
2020-11-03,6552377535.657944
2020-11-04,6695511762.420492
2020-11-05,7199147359.013837
2020-11-06,7645520184.910036
2020-11-07,7545653807.520239
2020-11-08,7460453335.746794
2020-11-09,7635010101.0804615
2020-11-10,7627848879.145633
2020-11-11,7748609049.277998
2020-11-12,7942782742.726925
2020-11-13,8247754596.844463
2020-11-14,8122818649.9297695
2020-11-15,8104355636.604125
2020-11-16,8332388028.0154705
2020-11-17,8789497052.668394
2020-11-18,9213009640.686977
2020-11-19,9205287487.4631
2020-11-20,9644718269.340689
2020-11-21,9849543846.033104
2020-11-22,9685651084.622585
2020-11-23,9711328757.225563
2020-11-24,9927601462.275917
2020-11-25,10136266236.167757
2020-11-26,9284758515.021574
2020-11-27,9081368794.905249
2020-11-28,9242032384.816648
2020-11-29,9600989143.022987
2020-11-30,10104863550.30141
2020-12-01,10347760742.10788
2020-12-02,10222352905.923481
2020-12-03,10532242039.967777
2020-12-04,10476559746.717625
2020-12-05,10399163455.228792
2020-12-06,10475604408.778576
2020-12-07,10511390570.132233
2020-12-08,10456103586.663517
2020-12-09,10116775468.55549
2020-12-10,10283655628.649797
2020-12-11,10080902565.051722
2020-12-12,10356937251.904762
2020-12-13,10721325325.586514
2020-12-14,10837821274.611351
2020-12-15,11012737822.150702
2020-12-16,11394849558.944117
2020-12-17,12890121475.584595
2020-12-18,13072289228.572987
2020-12-19,13327822595.811268
2020-12-20,13504428619.004053
2020-12-21,13415193321.277554
2020-12-22,13584538157.68831
2020-12-23,14286848120.886063
2020-12-24,14107758270.408411
2020-12-25,14564165629.485569
2020-12-26,15296459272.472971
2020-12-27,16419175495.97681
2020-12-28,16364100043.759375
2020-12-29,16208643016.272358
2020-12-30,17059961074.875233
2020-12-31,17513770155.341225
2021-01-01,17718331471.08307
2021-01-02,18598612429.12114
2021-01-03,20272368386.03247
2021-01-04,19399505598.800144
2021-01-05,19497630008.658638
2021-01-06,21156571731.54365
2021-01-07,23063423581.366825
2021-01-08,24178931415.76752
2021-01-09,24506995415.650696
2021-01-10,24172985912.089375
2021-01-11,20934668637.179386
2021-01-12,21280567463.228195
2021-01-13,21064398324.856453
2021-01-14,23667328518.979626
2021-01-15,23075182853.235256
2021-01-16,22701347542.14385
2021-01-17,21948105048.164986
2021-01-18,22201207011.734703
2021-01-19,23267010494.476658
2021-01-20,22570044091.87449
2021-01-21,21358590729.752483
2021-01-22,20574915654.612934
2021-01-23,20943120623.549255
2021-01-24,20831310808.707386
2021-01-25,21567670655.42174
2021-01-26,20721520169.542385
2021-01-27,20172021418.255573
2021-01-28,20542960980.46832
2021-01-29,22666066652.82389
2021-01-30,22053524074.68967
2021-01-31,21622507999.427666
2021-02-01,21773916838.53745
2021-02-02,22369243288.474415
2021-02-03,23598344488.247196
2021-02-04,24245275539.824013
2021-02-05,24315397812.255215
2021-02-06,25709059160.443886
2021-02-07,25042931375.58783
2021-02-08,26554186464.317272
2021-02-09,30241022537.244785
2021-02-10,29705939216.10924
2021-02-11,29943097101.107826
2021-02-12,30964506141.03942
2021-02-13,30782976211.726604
2021-02-14,31544215749.05868
2021-02-15,31204611387.714497
2021-02-16,31865437118.289677
2021-02-17,33158472066.305836
2021-02-18,33951880731.86464
2021-02-19,34663276587.47422
2021-02-20,36879800494.56396
2021-02-21,37325577287.46814
2021-02-22,35935867959.51185
2021-02-23,32145242434.203064
2021-02-24,32603348494.995853
2021-02-25,32735369129.315296
2021-02-26,30522593928.951916
2021-02-27,30871487244.096237
2021-02-28,29365051436.756214
2021-03-01,31074416043.328754
2021-03-02,31795785402.79722
2021-03-03,32910823709.82696
2021-03-04,32335734561.88989
2021-03-05,31268200252.77065
2021-03-06,31642284636.521503
2021-03-07,32779809895.954857
2021-03-08,33174151138.921833
2021-03-09,35199971008.62545
2021-03-10,36158890485.01115
2021-03-11,36775297888.768654
2021-03-12,37196862056.84052
2021-03-13,38368235779.710785
2021-03-14,39502675688.24403
2021-03-15,37650370703.321365
2021-03-16,36219685462.34195
2021-03-17,36683968932.49036
2021-03-18,38268648934.94894
2021-03-19,38108062367.00226
2021-03-20,38488509131.84135
2021-03-21,37495401450.136154
2021-03-22,37147879802.58809
2021-03-23,35786408669.21572
2021-03-24,36104088898.2836
2021-03-25,34092322350.67791
2021-03-26,34750896401.19048
2021-03-27,36011496725.495285
2021-03-28,36464566665.01909
2021-03-29,37144433439.198875
2021-03-30,38110879074.94735
2021-03-31,38331574113.74797
2021-04-01,38410347486.052925
2021-04-02,38688956476.958015
2021-04-03,38461684620.231155
2021-04-04,37667533289.050354
2021-04-05,38007523520.002975
2021-04-06,38727492764.764114
2021-04-07,37373164329.41261
2021-04-08,37306173586.89454
2021-04-09,37987871553.51671
2021-04-10,39036408249.354
2021-04-11,39033522464.70449
2021-04-12,39257887221.50859
2021-04-13,40506138047.845566
2021-04-14,41449567531.7926
2021-04-15,41069786103.39128
2021-04-16,40690241252.20215
2021-04-17,40498028709.443245
2021-04-18,36808456564.55907
2021-04-19,37076002347.61612
2021-04-20,36352689309.91286
2021-04-21,36232438703.68575
2021-04-22,35154922720.338135
2021-04-23,32618011863.040638
2021-04-24,32711869397.08893
2021-04-25,32425241360.628963
2021-04-26,34538720329.01185
2021-04-27,35576089408.39307
2021-04-28,35739686476.224594
2021-04-29,35184625323.720184
2021-04-30,35984715929.0116
2021-05-01,37653485472.86807
2021-05-02,37112025233.030365
2021-05-03,37748516127.84694
2021-05-04,36122340662.77801
2021-05-05,36445581260.291245
2021-05-06,37186570882.55374
2021-05-07,37257838221.09386
2021-05-08,38140113908.200836
2021-05-09,37828402780.217636
2021-05-10,37710517709.67183
2021-05-11,36390745819.55219
2021-05-12,36504478064.29298
2021-05-13,32518593214.063957
2021-05-14,32709089719.30865
2021-05-15,31885632066.9233
2021-05-16,31110620553.99131
2021-05-17,28920219664.315693
2021-05-18,28770135332.28251
2021-05-19,25682826193.513424
2021-05-20,26019204437.035736
2021-05-21,25550785664.217278
2021-05-22,24457540349.203175
2021-05-23,22879984725.27016
2021-05-24,24089564592.57026
2021-05-25,24822508955.383938
2021-05-26,25559807836.67574
2021-05-27,25272586039.698975
2021-05-28,23877523548.74498
2021-05-29,22976446339.3261
2021-05-30,23098258080.90638
2021-05-31,23504429042.817207
2021-06-01,23807785669.9551
2021-06-02,24269432966.851192
2021-06-03,25077626978.73412
2021-06-04,24186039013.72273
2021-06-05,23833507760.333557
2021-06-06,23394264083.610516
2021-06-07,23379906448.766354
2021-06-08,21439565308.73049
2021-06-09,22630728320.716938
2021-06-10,24108315995.11143
2021-06-11,24078598611.859097
2021-06-12,23303416177.829872
2021-06-13,23643541255.159454
2021-06-14,25805597795.845478
2021-06-15,26150908264.9173
2021-06-16,25686554033.113983
2021-06-17,25128752514.639416
2021-06-18,24114430429.388767
2021-06-19,23264432147.27305
2021-06-20,22836198138.396427
2021-06-21,21645352018.222973
2021-06-22,20840374211.029266
2021-06-23,21972962431.545254
2021-06-24,21924941534.60474
2021-06-25,21751285950.015438
2021-06-26,20509730984.161366
2021-06-27,21470496278.58309
2021-06-28,22426644618.607487
2021-06-29,23099597042.2801
2021-06-30,22731038008.455498
2021-07-01,21946412587.22866
2021-07-02,21652759458.894054
2021-07-03,22298148300.721767
2021-07-04,22926455240.824287
2021-07-05,22187679136.62675
2021-07-06,22208536147.03737
2021-07-07,22455212707.447975
2021-07-08,21406006453.74669
2021-07-09,21541894958.049343
2021-07-10,21918660323.93549
2021-07-11,21963320972.049713
2021-07-12,21918003732.284225
2021-07-13,21362362008.04234
2021-07-14,21101164825.224384
2021-07-15,20897972083.924484
2021-07-16,20621371244.166428
2021-07-17,20519260406.738083
2021-07-18,20646895142.21174
2021-07-19,20267826187.426292
2021-07-20,19419931739.087387
2021-07-21,20228886305.191235
2021-07-22,20874529981.135136
2021-07-23,21087351309.461884
2021-07-24,21986572320.193817
2021-07-25,22288201806.65081
2021-07-26,24786461632.70037
2021-07-27,24437066434.29556
2021-07-28,25820618716.491516
2021-07-29,25849991894.131924
2021-07-30,25674938878.494877
2021-07-31,26979339881.60504
2021-08-01,26927093467.748535
2021-08-02,25711892304.080177
2021-08-03,24996394572.452526
2021-08-04,25092067153.94759
2021-08-05,25510817745.512497
2021-08-06,26759300614.65424
2021-08-07,28207571648.8191
2021-08-08,28708106157.93045
2021-08-09,29074408043.56044
2021-08-10,29562441507.116623
2021-08-11,29829258683.865078
2021-08-12,29135525816.228523
2021-08-13,29860946712.824978
2021-08-14,30535021059.39467
2021-08-15,30082915338.2459
2021-08-16,30406439462.85211
2021-08-17,29814914302.051254
2021-08-18,29250168287.16223
2021-08-19,29273245151.253128
2021-08-20,30877753759.298615
2021-08-21,31747762395.73639
2021-08-22,31655586737.995487
2021-08-23,32269593693.963417
2021-08-24,31699721652.019527
2021-08-25,31245468536.74006
2021-08-26,30700264025.37643
2021-08-27,30900808013.53229
2021-08-28,31676598862.064075
2021-08-29,31512381010.768215
2021-08-30,31179029801.17448
2021-08-31,30662238301.957485
2021-09-01,30852971270.3715
2021-09-02,32104037470.962765
2021-09-03,32293849274.333992
2021-09-04,32403754183.998535
2021-09-05,32535983094.592934
2021-09-06,33465988846.326397
2021-09-07,32486189240.464664
2021-09-08,30014335480.637268
2021-09-09,30083092548.18856
2021-09-10,29801647909.328655
2021-09-11,29409939125.65323
2021-09-12,29542246173.355762
2021-09-13,29069836006.55357
2021-09-14,29796836387.52474
2021-09-15,30782234055.79734
2021-09-16,30995893119.61901
2021-09-17,30813082143.38704
2021-09-18,31210540219.8111
2021-09-19,30910776758.372818
2021-09-20,28952747147.962223
2021-09-21,27553256013.864613
2021-09-22,27483930686.591686
2021-09-23,28522078142.79226
2021-09-24,27953664046.387066
2021-09-25,27582141493.693924
2021-09-26,27696335308.545517
2021-09-27,28161924534.930656
2021-09-28,27155483092.788742
2021-09-29,27089122767.147507
2021-09-30,27947330167.09005
2021-10-01,29712252099.213455
2021-10-02,30939836578.403156
2021-10-03,31058420424.163036
2021-10-04,31129188963.939354
2021-10-05,32349067987.784786
2021-10-06,34145342056.6679
2021-10-07,35185724454.469986
2021-10-08,35198372447.01832
2021-10-09,35371273189.338684
2021-10-10,35678778716.29316
2021-10-11,36642158839.18903
2021-10-12,36659603080.66369
2021-10-13,36212867909.62546
2021-10-14,37264469580.0418
2021-10-15,38682663201.87063
2021-10-16,39620034506.75883
2021-10-17,39330073872.55781
2021-10-18,39922188553.255066
2021-10-19,40474540838.56439
2021-10-20,41945811999.847244
2021-10-21,41601742800.231026
2021-10-22,40229518653.10815
2021-10-23,39506418398.37583
2021-10-24,39314735178.36864
2021-10-25,40456754438.88883
2021-10-26,40709473201.833755
2021-10-27,38655722306.99648
2021-10-28,38914051929.365135
2021-10-29,39767277286.24444
2021-10-30,39818129013.82145
2021-10-31,39470666939.82989
2021-11-01,39532737720.1951
2021-11-02,40322120462.98515
2021-11-03,40533772820.81828
2021-11-04,39933443742.456406
2021-11-05,39718710966.02658
2021-11-06,39378897379.17899
2021-11-07,40105299842.84771
2021-11-08,42417001910.40299
2021-11-09,43604537863.73691
2021-11-10,43199829522.33825
2021-11-11,41972111040.46718
2021-11-12,41499706369.35611
2021-11-13,41366646463.445656
2021-11-14,41630866892.95528
2021-11-15,42058224758.07101
2021-11-16,39340786050.51768
2021-11-17,38711251524.15008
2021-11-18,38171511418.759026
2021-11-19,36892205222.41233
2021-11-20,37874628001.13957
2021-11-21,38212305282.96148
2021-11-22,37044801278.58092
2021-11-23,36699881933.39242
2021-11-24,36592167589.99807
2021-11-25,37506947654.94351
2021-11-26,35957554152.19333
2021-11-27,35239901076.01687
2021-11-28,35183381618.40301
2021-11-29,37050953996.058586
2021-11-30,36927532083.22862
2021-12-01,36953610146.882866
2021-12-02,36511854764.33679
2021-12-03,36029142566.121956
2021-12-04,31712588252.605515
2021-12-05,31687778083.11341
2021-12-06,31457141271.191257
2021-12-07,32866493539.53168
2021-12-08,32383911353.954746
2021-12-09,31645698140.877277
2021-12-10,31061635036.04542
2021-12-11,31175901191.063065
2021-12-12,31876549603.353333
2021-12-13,31118671761.127872
2021-12-14,30374061745.42721
2021-12-15,30989638553.105915
2021-12-16,31308442550.287457
2021-12-17,30343999531.047672
2021-12-18,30027595647.626945
2021-12-19,30367159587.48492
2021-12-20,29914042335.422794
2021-12-21,31155929187.23304
2021-12-22,31585636260.06404
2021-12-23,31622481877.453594
2021-12-24,32883515882.798183
2021-12-25,32743821571.512802
2021-12-26,32303974611.68057
2021-12-27,32875505230.802692
2021-12-28,31530411562.118465
2021-12-29,30673409168.076607
2021-12-30,30328124399.215195
2021-12-31,30431207646.88142
2022-01-01,30304885360.980427
2022-01-02,30403548665.734024
2022-01-03,30146123661.927483
2022-01-04,29869835447.700996
2022-01-05,29557751287.56753
2022-01-06,27742994864.014267
2022-01-07,27039914191.4069
2022-01-08,26825217916.768806
2022-01-09,26965731037.60684
2022-01-10,26780054869.03104
2022-01-11,27133328781.30413
2022-01-12,27764917626.913467
2022-01-13,27921482680.554764
2022-01-14,27493928426.038834
2022-01-15,27750491108.569305
2022-01-16,27711881921.914246
2022-01-17,27379964306.157978
2022-01-18,26973727240.84064
2022-01-19,26945073098.650475
2022-01-20,27157661743.78909
2022-01-21,24928614200.869114
2022-01-22,22856367960.3578
2022-01-23,22778515578.007843
2022-01-24,22595186705.57185
2022-01-25,23474952920.565258
2022-01-26,24129005289.694286
2022-01-27,23391179642.359737
2022-01-28,23810594133.59481
2022-01-29,24320727844.811317
2022-01-30,24403250743.794662
2022-01-31,24127951293.181427
2022-02-01,24757756075.08964
2022-02-02,24474066802.570908
2022-02-03,23657466150.79119
2022-02-04,24769786140.941666
2022-02-05,26658415532.856613
2022-02-06,26718721047.65961
2022-02-07,27667091330.467747
2022-02-08,28202542551.747658
2022-02-09,28213575857.06217
2022-02-10,28475056577.77422
2022-02-11,27761681287.67949
2022-02-12,27198519428.46837
2022-02-13,27193895233.66372
2022-02-14,27162631330.161167
2022-02-15,28180148665.858658
2022-02-16,28255702746.579266
2022-02-17,27453246683.41148
2022-02-18,25978282314.48521
2022-02-19,25740750697.429615
2022-02-20,24931660078.217922
2022-02-21,24762811184.821342
2022-02-22,24058069577.88868
2022-02-23,24557825011.15638
2022-02-24,23231944112.53217
2022-02-25,24935425016.732185
2022-02-26,25205728589.18265
2022-02-27,24914040180.26053
2022-02-28,25176933531.3014
2022-03-01,27969479267.648605
2022-03-02,28239307958.320297
2022-03-03,27666534756.573532
2022-03-04,26330565495.704346
2022-03-05,25105026055.011166
2022-03-06,25052000841.411682
2022-03-07,24552827231.186073
2022-03-08,24759008492.153732
2022-03-09,26570543169.49476
2022-03-10,25443138914.303192
2022-03-11,24996380038.981445
2022-03-12,25075170649.190575
2022-03-13,24951663475.154636
2022-03-14,24792061697.013386
2022-03-15,25008797465.385902
2022-03-16,25750721865.77257
2022-03-17,26232889633.97706
2022-03-18,26238625358.810215
2022-03-19,26804796597.641342
2022-03-20,26698306567.95742
2022-03-21,26341966418.19357
2022-03-22,27171570144.33967
2022-03-23,27084991424.480667
2022-03-24,27714100028.484505
2022-03-25,28353904697.646473
2022-03-26,28430052279.820774
2022-03-27,28743978094.418945
2022-03-28,30251311768.795536
2022-03-29,30436706178.293404
2022-03-30,30261397411.932552
2022-03-31,29884125398.820854
2022-04-01,29115283127.285366
2022-04-02,29729845138.087814
2022-04-03,29627439277.481655
2022-04-04,29475966387.922028
2022-04-05,29677305983.637424
2022-04-06,28616202963.37024
2022-04-07,27819562321.187992
2022-04-08,27758365360.639774
2022-04-09,27181777974.644653
2022-04-10,27371140818.96911
2022-04-11,26457315452.042377
2022-04-12,25582484466.36356
2022-04-13,25887264161.196968
2022-04-14,26078208276.875946
2022-04-15,25754578391.52823
2022-04-16,25876554041.850407
2022-04-17,25837301176.350506
2022-04-18,25371586544.383423
2022-04-19,26242294427.855816
2022-04-20,26522995134.56051
2022-04-21,26680606711.559143
2022-04-22,25689428003.819046
2022-04-23,25380148422.889645
2022-04-24,25379558324.134117
2022-04-25,25102076995.786423
2022-04-26,25405000415.473953
2022-04-27,24822319294.909813
2022-04-28,25317349878.985043
2022-04-29,25036322948.98135
2022-04-30,24674714558.977142
2022-05-01,24373389474.236816
2022-05-02,24719066609.032703
2022-05-03,24466418863.53566
2022-05-04,24783421931.9913
2022-05-05,24622218784.4393
2022-05-06,23112387469.780308
2022-05-07,22935515909.812374
2022-05-08,22107839659.43512
2022-05-09,20925291402.04429
2022-05-10,20020014254.820805
2022-05-11,19575416672.54219
2022-05-12,18209760444.02413
2022-05-13,19274160596.577682
2022-05-14,18783487911.635517
2022-05-15,19242674033.04377
2022-05-16,19180068820.567627
2022-05-17,19354551382.68872
2022-05-18,18935108254.852814
2022-05-19,18861189815.030827
2022-05-20,19068025780.11464
2022-05-21,18744297030.124695
2022-05-22,19019792991.15238
2022-05-23,19245680634.412598
2022-05-24,18710548589.19807
2022-05-25,18999828281.886833
2022-05-26,18819903499.357304
2022-05-27,18479443015.58389
2022-05-28,18456677881.265633
2022-05-29,18623398040.262856
2022-05-30,19512671711.733944
2022-05-31,20252371934.48852
2022-06-01,19862091615.39075
2022-06-02,19149509354.811127
2022-06-03,19142916857.729378
2022-06-04,18944165352.379204
2022-06-05,19016463345.80072
2022-06-06,19900127846.01806
2022-06-07,19143883275.693584
2022-06-08,19458887554.219784
2022-06-09,19295971228.30361
2022-06-10,18918620405.922367
2022-06-11,18424715729.268078
2022-06-12,17654028650.34195
2022-06-13,15512226636.960234
2022-06-14,14157433334.754477
2022-06-15,13631563788.405737
2022-06-16,13695958381.481531
2022-06-17,13197570212.126766
2022-06-18,12351546071.199942
2022-06-19,12279421702.243683
2022-06-20,12964053274.56866
2022-06-21,13394483461.462694
2022-06-22,12956781464.731346
2022-06-23,13073340969.526241
2022-06-24,13439129089.338158
2022-06-25,13563741147.98962
2022-06-26,13639754315.763956
2022-06-27,13430499011.900333
2022-06-28,13215932681.494864
2022-06-29,12849524436.304935
2022-06-30,12344963947.176697
2022-07-01,12437435518.276447
2022-07-02,12250394025.877897
2022-07-03,12207736731.689482
2022-07-04,12419016481.541847
2022-07-05,12733462676.209576
2022-07-06,12845382067.391539
2022-07-07,13224576201.486444
2022-07-08,13847436150.301481
2022-07-09,13769449121.314054
2022-07-10,13477226249.95335
2022-07-11,13055563828.368
2022-07-12,12596329761.005981
2022-07-13,12486818683.873598
2022-07-14,12836959031.294857
2022-07-15,13219563849.931927
2022-07-16,13281533069.812551
2022-07-17,13507163182.637156
2022-07-18,13870232736.940323
2022-07-19,14309706600.821882
2022-07-20,15008339676.908749
2022-07-21,14602571404.462784
2022-07-22,14739225740.046858
2022-07-23,14337957898.325514
2022-07-24,14411489220.536861
2022-07-25,13999768909.260582
2022-07-26,13402859958.32156
2022-07-27,13761956483.515963
2022-07-28,14837555898.462543
2022-07-29,15215863534.208143
2022-07-30,15312983315.021421
2022-07-31,15111927982.819702
2022-08-01,14770240657.094784
2022-08-02,14612861350.304886
2022-08-03,14740093710.310978
2022-08-04,14537428656.103792
2022-08-05,14660336996.431623
2022-08-06,14746970313.87304
2022-08-07,14672765134.312756
2022-08-08,15120623862.735655
2022-08-09,14918341646.243294
2022-08-10,14871110290.689365
2022-08-11,15493619678.322742
2022-08-12,15254993542.816053
2022-08-13,15592066735.515926
2022-08-14,15587793773.728378
2022-08-15,15437863886.907026
2022-08-16,15243403357.962383
2022-08-17,15079816616.464981
2022-08-18,14889551844.146685
2022-08-19,13930376202.65513
2022-08-20,13465626394.08325
2022-08-21,13585149508.165956
2022-08-22,13533418694.991402
2022-08-23,13596350562.43107
2022-08-24,13644465493.891369
2022-08-25,13729797095.675718
2022-08-26,13483746146.041946
2022-08-27,12808261328.468191
2022-08-28,12720731905.982016
2022-08-29,12697639825.34054
2022-08-30,12806485225.41683
2022-08-31,12837408403.90649
2022-09-01,12666539052.275463
2022-09-02,12751731150.065203
2022-09-03,12598960610.30274
2022-09-04,12569552857.520678
2022-09-05,12559729230.692686
2022-09-06,12455613228.575401
2022-09-07,11989953652.193708
2022-09-08,12213158317.50524
2022-09-09,13112136618.702368
2022-09-10,13558187372.31575
2022-09-11,13702961365.318527
2022-09-12,14029944441.904905
2022-09-13,13688534061.710503
2022-09-14,12833815690.559088
2022-09-15,12694050243.227808
2022-09-16,12506376999.682587
2022-09-17,12652085008.914574
2022-09-18,12621432553.931583
2022-09-19,12069999915.86011
2022-09-20,12184539450.552929
2022-09-21,12083868941.773752
2022-09-22,12033628468.47196
2022-09-23,12097530547.270782
2022-09-24,12111429391.955488
2022-09-25,12049849540.383463
2022-09-26,12063318095.250683
2022-09-27,12526611308.934462
2022-09-28,12120868002.272095
2022-09-29,12311696189.959673
2022-09-30,12384507447.870934
2022-10-01,12243227842.230757
2022-10-02,12185077259.785774
2022-10-03,12226113760.633009
2022-10-04,12621730838.93953
2022-10-05,12752425650.249954
2022-10-06,12776136661.345488
2022-10-07,12524846199.08749
2022-10-08,12348059023.333874
2022-10-09,12315510020.547392
2022-10-10,12245156793.703169
2022-10-11,12082320097.719526
2022-10-12,12106437234.299282
2022-10-13,12053459514.851536
2022-10-14,12368147969.433676
2022-10-15,12124387968.511082
2022-10-16,12135417119.308056
2022-10-17,12280717359.076208
2022-10-18,12338976304.701517
2022-10-19,12176503364.447449
2022-10-20,12112722617.423033
2022-10-21,12073070514.87316
2022-10-22,12141928129.732582
2022-10-23,12190513267.756186
2022-10-24,12260817199.878353
2022-10-25,12397722716.807644
2022-10-26,12991233513.191912
2022-10-27,13064250979.822983
2022-10-28,12904928330.92246
2022-10-29,13149923357.120876
2022-10-30,13118138864.298187
2022-10-31,12985843649.521662
2022-11-01,12979817630.508009
2022-11-02,12908354440.14291
2022-11-03,12801821294.828436
2022-11-04,13065886936.127974
2022-11-05,13477972726.148535
2022-11-06,13413608256.581823
2022-11-07,13143004249.765488
2022-11-08,12422049721.109518
2022-11-09,11139718963.790438
2022-11-10,10689923487.63774
2022-11-11,10836030359.460287
2022-11-12,10650506757.00502
2022-11-13,10540209853.638355
2022-11-14,10419080853.95648
2022-11-15,10633907741.078821
2022-11-16,10567823306.4585
2022-11-17,10501429117.324232
2022-11-18,10584761846.611822
2022-11-19,10528205944.640123
2022-11-20,10504742145.458538
2022-11-21,10154960688.865446
2022-11-22,10080515029.22564
2022-11-23,10413650802.932186
2022-11-24,10501822993.45084
2022-11-25,10433848291.171679
2022-11-26,10477248332.92593
2022-11-27,10461799644.910334
2022-11-28,10264514539.555582
2022-11-29,10377329432.299213
2022-11-30,10682517881.688557
2022-12-01,10782701412.098408
2022-12-02,10713589802.616032
2022-12-03,10724288786.815971
2022-12-04,10741208291.181135
2022-12-05,10851010683.614645
2022-12-06,10731973255.651665
2022-12-07,10663049328.60898
2022-12-08,10683201396.99101
2022-12-09,10854927753.47106
2022-12-10,10835244328.418816
2022-12-11,10838509237.103325
2022-12-12,10733056869.104269
2022-12-13,11013176205.534773
2022-12-14,11283672001.282112
2022-12-15,11104107128.438099
2022-12-16,10806460345.669342
2022-12-17,10544860575.78279
2022-12-18,10564036639.953054
2022-12-19,10536507594.920145
2022-12-20,10598223393.58103
2022-12-21,10631767315.369968
2022-12-22,10591026742.897253
2022-12-23,10626029653.480438
2022-12-24,10626320792.40601
2022-12-25,10618396670.522854
2022-12-26,10635335938.300556
2022-12-27,10609853649.0284
2022-12-28,10504915275.273043
2022-12-29,10470946665.260439
2022-12-30,10445061188.778387
2022-12-31,10459271717.622484
2023-01-01,10432006753.769686
2023-01-02,10513189096.787954
2023-01-03,10515948187.878094
2023-01-04,10601691206.75431
2023-01-05,10606588537.15796
2023-01-06,10601012219.028769
2023-01-07,10674247419.037216
2023-01-08,10678401362.03252
2023-01-09,10856737632.869267
2023-01-10,10891252982.01514
2023-01-11,10996475172.889141
2023-01-12,11541674562.771036
2023-01-13,12004553185.988579
2023-01-14,13099942630.639515
2023-01-15,13095925652.21922
2023-01-16,13253242781.39527
2023-01-17,13350601343.936644
2023-01-18,13314737016.526724
2023-01-19,13132354324.054491
2023-01-20,13396365734.036686
2023-01-21,14414380191.023932
2023-01-22,14385886401.227177
2023-01-23,14389361841.507006
2023-01-24,14478697592.328478
2023-01-25,14305523038.168459
2023-01-26,14536565816.907434
2023-01-27,14489015794.116816
2023-01-28,14515014641.24478
2023-01-29,14758205800.68397
2023-01-30,14686349017.779816
2023-01-31,14470192346.261444
2023-02-01,14564587668.75412
2023-02-02,14993663715.98414
2023-02-03,14776046507.586657
2023-02-04,14714195411.889729
2023-02-05,14602811584.417082
2023-02-06,14412464821.982801
2023-02-07,14467530681.563087
2023-02-08,14538550571.473644
2023-02-09,14205122965.757378
2023-02-10,13704710630.69784
2023-02-11,13652732998.603678
2023-02-12,13760166045.72613
2023-02-13,13647333972.545563
2023-02-14,13774584952.93284
2023-02-15,14237521817.978695
2023-02-16,15481252004.56576
2023-02-17,15090777695.418337
2023-02-18,15479905794.788607
2023-02-19,15498227189.691883
2023-02-20,15514067490.264412
2023-02-21,15537645596.618994
2023-02-22,15116552218.441978
2023-02-23,15179460827.123144
2023-02-24,14885268725.271172
2023-02-25,14503120134.702131
2023-02-26,14633445158.713125
2023-02-27,14755300822.168903
2023-02-28,14709046012.407944
2023-03-01,14819769402.353203
2023-03-02,14716735881.618494
2023-03-03,14102639632.51162
2023-03-04,14029293064.738426
2023-03-05,14082925058.363564
2023-03-06,14084724701.630632
2023-03-07,14037651007.063103
2023-03-08,13859722485.86205
2023-03-09,13477532367.049356
2023-03-10,12555857368.515957
2023-03-11,12739379355.12376
2023-03-12,12979634520.827494
2023-03-13,14427215693.320297
2023-03-14,15603267935.476822
2023-03-15,15505776732.9106
2023-03-16,15537736642.71515
2023-03-17,16527964316.42803
2023-03-18,17243094645.956944
2023-03-19,17272211271.580544
2023-03-20,17572031339.314804
2023-03-21,17636676870.073
2023-03-22,17680526866.673317
2023-03-23,17502796530.98043
2023-03-24,17626385798.37543
2023-03-25,17326031991.460705
2023-03-26,17451737480.72685
2023-03-27,17333599585.70819
2023-03-28,16994524418.47785
2023-03-29,17626831400.937016
2023-03-30,17844959255.63649
2023-03-31,17705955798.130356
2023-04-01,17856490776.157436
2023-04-02,17762591994.19387
2023-04-03,17560909960.757515
2023-04-04,17606967502.24897
2023-04-05,17786504538.95934
2023-04-06,17566916350.652218
2023-04-07,17525339774.002064
2023-04-08,17562834693.124706
2023-04-09,17572179731.894283
2023-04-10,17922387531.0468
2023-04-11,18873852018.502075
2023-04-12,18825311697.79116
2023-04-13,18958001920.507427
2023-04-14,19191419480.124195
2023-04-15,19058910684.810665
2023-04-16,19017849449.550297
2023-04-17,18638111138.171913
2023-04-18,18772028598.532486
2023-04-19,18571111891.353077
2023-04-20,17991124667.511707
2023-04-21,17543092503.45521
2023-04-22,17197118647.657726
2023-04-23,17305470839.504482
2023-04-24,17240847389.969322
2023-04-25,17243090413.353065
2023-04-26,18079091948.12272
2023-04-27,18253253510.42984
2023-04-28,18393188912.973198
2023-04-29,18349540088.822838
2023-04-30,18370894370.450657
2023-05-01,17825651475.163055
2023-05-02,17686764160.52694
2023-05-03,17876591535.2106
2023-05-04,18155971493.48395
2023-05-05,18316806234.792095
2023-05-06,18262763768.24291
2023-05-07,18108376769.80486
2023-05-08,17521811945.88149
2023-05-09,17294458544.51117
2023-05-10,17373097300.04436
2023-05-11,17097547608.101871
2023-05-12,16598605792.857885
2023-05-13,16793637211.997366
2023-05-14,16825963109.367004
2023-05-15,17105940607.582403
2023-05-16,16950436351.010935
2023-05-17,16903837437.05299
2023-05-18,17007396276.580442
2023-05-19,16819038233.168842
2023-05-20,16859720649.653728
2023-05-21,16901729666.923903
2023-05-22,16788994509.195156
2023-05-23,17043166095.631626
2023-05-24,16677669105.066723
2023-05-25,16460843861.339767
2023-05-26,16633153706.68495
2023-05-27,16731590821.5051
2023-05-28,17075844304.617134
2023-05-29,17444360835.47075
2023-05-30,17393907744.961433
2023-05-31,17018546083.319178
2023-06-01,16815138745.437263
2023-06-02,16914265984.535517
2023-06-03,16974979643.353966
2023-06-04,16974835745.4792
2023-06-05,16556584117.212633
2023-06-06,16300815472.49723
2023-06-07,16690503318.007483
2023-06-08,16548294058.650848
2023-06-09,16574857782.051231
2023-06-10,16162744239.448112
2023-06-11,16151926243.863014
2023-06-12,16168369394.540953
2023-06-13,16242081127.530144
2023-06-14,16152832923.737873
2023-06-15,15679475845.685392
2023-06-16,16087632218.965975
2023-06-17,16542381874.452112
2023-06-18,16571872227.336378
2023-06-19,16557558667.471834
2023-06-20,16975591330.01309
2023-06-21,18273595462.550354
2023-06-22,18811645138.764534
2023-06-23,18952998434.226105
2023-06-24,19140516388.592045
2023-06-25,19141057739.646015
2023-06-26,18938073821.175934
2023-06-27,19082329533.532738
2023-06-28,18945279796.410572
2023-06-29,18963103302.040897
2023-06-30,19065533072.929653
2023-07-01,19035158143.973125
2023-07-02,19057051561.96701
2023-07-03,19223940344.507828
2023-07-04,19337345114.475945
2023-07-05,19097227714.04861
2023-07-06,19045795470.635685
2023-07-07,18836711248.18288
2023-07-08,18863987714.121105
2023-07-09,18893058823.4422
2023-07-10,18883123183.730522
2023-07-11,19027121833.653236
2023-07-12,19079828087.826637
2023-07-13,19150254236.32835
2023-07-14,19368424250.255272
2023-07-15,18919315759.69774
2023-07-16,18911977129.521435
2023-07-17,18837632650.580853
2023-07-18,18684107755.841408
2023-07-19,18712210285.848156
2023-07-20,18711675337.627464
2023-07-21,18621755196.266483
2023-07-22,18648000638.534546
2023-07-23,18678797968.42793
2023-07-24,18372905932.363613
2023-07-25,18199924055.47893
2023-07-26,18263310068.451168
2023-07-27,18312621286.21364
2023-07-28,18250104098.90137
2023-07-29,18297258490.13661
2023-07-30,18287399723.359295
2023-07-31,18266250970.549408
2023-08-01,18067689649.719677
2023-08-02,18323328413.80158
2023-08-03,18167324613.919987
2023-08-04,18152551849.92199
2023-08-05,18087986594.00248
2023-08-06,18096959702.062202
2023-08-07,18098341590.31085
2023-08-08,18317003640.8469
2023-08-09,18497486287.64997
2023-08-10,18367789587.86862
2023-08-11,18304028482.173656
2023-08-12,18315624304.77485
2023-08-13,18305877558.983192
2023-08-14,18298305670.081615
2023-08-15,18257879205.172832
2023-08-16,18127715561.18137
2023-08-17,17571911259.886326
2023-08-18,16391968900.354153
2023-08-19,16200280415.12818
2023-08-20,16270847994.587366
2023-08-21,16240064921.47157
2023-08-22,16184580569.272196
2023-08-23,16286502429.785795
2023-08-24,16373170651.944298
2023-08-25,16216277051.541166
2023-08-26,16214156278.077871
2023-08-27,16225593603.672771
2023-08-28,16207728084.449326
2023-08-29,16599171410.988276
2023-08-30,17038607385.478876
2023-08-31,16725741599.569336
2023-09-01,16102759422.340427
2023-09-02,16047327604.288485
2023-09-03,16107726591.880714
2023-09-04,16097450514.101675
2023-09-05,15995142064.549416
2023-09-06,15988995876.257896
2023-09-07,16048003489.622831
2023-09-08,16182515517.313334
2023-09-09,16080859597.42422
2023-09-10,16050382385.963594
2023-09-11,15861033340.7072
2023-09-12,16069578430.497282
2023-09-13,16207599966.435106
2023-09-14,16431596261.943026
2023-09-15,16472266811.142387
2023-09-16,16514465785.800697
2023-09-17,16495289825.432236
2023-09-18,16694557429.000944
2023-09-19,16807260880.099274
2023-09-20,16863913398.446203
2023-09-21,16655164741.455404
2023-09-22,16544235809.584337
2023-09-23,16524038741.68715
2023-09-24,16521805590.326143
2023-09-25,16293664946.748713
2023-09-26,16313206320.088268
2023-09-27,16355076347.732891
2023-09-28,16566376305.588503
2023-09-29,16733694182.852032
2023-09-30,16734350005.554913
2023-10-01,16845655188.750164
2023-10-02,17409506024.01157
2023-10-03,17059975303.500181
2023-10-04,17066505997.105232
2023-10-05,17160958004.590067
2023-10-06,17189398894.483467
2023-10-07,17342966584.04694
2023-10-08,17335696527.033558
2023-10-09,17184831867.80515
2023-10-10,17087594844.91499
2023-10-11,16781111832.797956
2023-10-12,16612488523.12988
2023-10-13,16635004719.261843
2023-10-14,16683712284.338682
2023-10-15,16717346326.845676
2023-10-16,17293720355.08123
2023-10-17,17626915528.630234
2023-10-18,17634793248.064274
2023-10-19,17675177320.905083
2023-10-20,18250282012.451656
2023-10-21,18496842722.499985
2023-10-22,18567327593.89146
2023-10-23,19151410657.579414
2023-10-24,21143770931.453056
2023-10-25,21297602196.818478
2023-10-26,21305939796.678764
2023-10-27,21085987819.166557
2023-10-28,21154486142.332634
2023-10-29,21288521393.839565
2023-10-30,21387899936.897503
2023-10-31,21302979227.381126
2023-11-01,21393514995.401543
2023-11-02,21808128705.903187
2023-11-03,21395672050.680508
2023-11-04,21524056072.52269
2023-11-05,21716751462.254673
2023-11-06,21689427728.14502
2023-11-07,21667039696.498333
2023-11-08,21918725664.98911
2023-11-09,22658060870.807346
2023-11-10,22861847755.60511
2023-11-11,22994138468.23907
2023-11-12,22970899477.15403
2023-11-13,22872513556.874954
2023-11-14,22474934332.617737
2023-11-15,22379350716.77165
2023-11-16,22954280837.10813
2023-11-17,22509740786.219948
2023-11-18,22615546883.897972
2023-11-19,22681443939.58413
2023-11-20,23106777965.030106
2023-11-21,23055265384.367096
2023-11-22,22663156701.107986
2023-11-23,23119198055.345272
2023-11-24,23294139248.280983
2023-11-25,23400085866.974342
2023-11-26,23302746867.090546
2023-11-27,23030388309.00636
2023-11-28,23172230561.803375
2023-11-29,23518595050.901485
2023-11-30,23370081760.946022
2023-12-01,23720962042.844486
2023-12-02,24038342628.558857
2023-12-03,24438033305.619644
2023-12-04,25546937233.011955
2023-12-05,26137984271.794064
2023-12-06,27157366671.252308
2023-12-07,26957029064.431976
2023-12-08,26959053016.908478
2023-12-09,27242816677.69019
2023-12-10,27106408556.767513
2023-12-11,26049847196.504433
2023-12-12,25678158564.0005
2023-12-13,25659933411.4064
2023-12-14,26504548499.453903
2023-12-15,26297549357.50709
2023-12-16,26130539908.09524
2023-12-17,25943076059.399017
2023-12-18,25559167259.818672
2023-12-19,26421478381.944435
2023-12-20,26648420513.995617
2023-12-21,27028025323.4177
2023-12-22,27099059566.31808
2023-12-23,27033548053.435772
2023-12-24,27017645804.80548
2023-12-25,26774596247.86356
2023-12-26,26456494735.113834
2023-12-27,26453068291.0829
2023-12-28,26584069860.883675
2023-12-29,26222166870.12849
2023-12-30,25980640912.318985
2023-12-31,26191240766.70356
2024-01-01,26364115450.859043
2024-01-02,27891326730.526043
2024-01-03,27220649648.66332
2024-01-04,26794031123.486744
2024-01-05,27124993849.449722
2024-01-06,27162275035.817863
2024-01-07,27302868959.286095
2024-01-08,27663950425.623
2024-01-09,28916665592.31051
2024-01-10,28375739360.699856
2024-01-11,28967836989.47203
2024-01-12,28794153685.07169
2024-01-13,27202722299.116955
2024-01-14,27183943755.220734
2024-01-15,27020599679.307396
2024-01-16,27355065192.321064
2024-01-17,27272100851.957596
2024-01-18,27435711463.75879
2024-01-19,26729778874.76029
2024-01-20,26936787050.600243
2024-01-21,26993523081.853634
2024-01-22,26421819660.215942
2024-01-23,25456736286.800365
2024-01-24,25579093223.302307
2024-01-25,25522017756.272
2024-01-26,25956004596.18473
2024-01-27,26599132221.253227
2024-01-28,26896708046.79418
2024-01-29,26945437635.748383
2024-01-30,27862683248.38302
2024-01-31,27822450248.958347
2024-02-01,27651198247.58371
2024-02-02,28077455958.65312
2024-02-03,28128626801.954235
2024-02-04,28002164845.337837
2024-02-05,28010592070.10889
2024-02-06,28152132302.662987
2024-02-07,28351361026.467827
2024-02-08,29583952383.874756
2024-02-09,31227014882.0463
2024-02-10,31678807095.75257
2024-02-11,32217638094.508675
2024-02-12,33101366480.0325
2024-02-13,34300143160.418884
2024-02-14,35731602329.76369
2024-02-15,37026655635.19535
2024-02-16,37420773677.745476
2024-02-17,37170947073.23311
2024-02-18,37199339683.614296
2024-02-19,37379697688.91658
2024-02-20,37559493866.48061
2024-02-21,37388374156.4059
2024-02-22,37485944903.63288
2024-02-23,37314481757.411125
2024-02-24,37300762384.649864
2024-02-25,37679314273.65344
2024-02-26,38285292621.593544
2024-02-27,41868274064.79074
2024-02-28,44498529955.088585
2024-02-29,47606709890.34534
2024-03-01,47387644240.35648
2024-03-02,47607729725.19043
2024-03-03,47668398126.88267
2024-03-04,49726354232.99489
2024-03-05,51417866173.989876
2024-03-06,51555100656.269745
2024-03-07,52640686008.05319
2024-03-08,53873507982.10226
2024-03-09,54396494525.301895
2024-03-10,55171837422.176704
2024-03-11,56518150078.22222
2024-03-12,57815873307.30604
2024-03-13,59538665873.82153
2024-03-14,59869791300.56906
2024-03-15,57128996284.11006
2024-03-16,56820288303.9334
2024-03-17,55581449387.33026
2024-03-18,56481824294.77356
2024-03-19,53836770262.41633
2024-03-20,52464963523.615944
2024-03-21,54888383825.02966
2024-03-22,53221259193.97958
2024-03-23,52979881724.54708
2024-03-24,53463540942.23583
2024-03-25,55838998017.09512
2024-03-26,57681661293.43262
2024-03-27,57632377809.43343
2024-03-28,58344027092.26941
2024-03-29,57754689941.72329
2024-03-30,57704133548.174866
2024-03-31,57963271461.68615
2024-04-01,57647469475.24291
2024-04-02,54958035505.76885
2024-04-03,54502397936.2451
2024-04-04,55259657394.181656
2024-04-05,56096248257.52754
2024-04-06,56439201972.657196
2024-04-07,57595319552.41644
2024-04-08,59196414634.65143
2024-04-09,58456242421.30138
2024-04-10,57414173337.80401
2024-04-11,58568523851.32732
2024-04-12,58100983981.68521
2024-04-13,55607049986.23706
2024-04-14,53476318640.378914
2024-04-15,54294460184.733475
2024-04-16,52292681333.690155
2024-04-17,51995784043.41122
2024-04-18,51504311576.75221
2024-04-19,52780796185.49245
2024-04-20,53085707937.620224
2024-04-21,53719575377.990234
2024-04-22,54608003058.46078
2024-04-23,55149467471.96001
2024-04-24,54607733280.58424
2024-04-25,53072398007.86151
2024-04-26,52953825192.15785
2024-04-27,52030152029.515526
2024-04-28,52532760480.49865
2024-04-29,51653624969.791374
2024-04-30,50870083025.261284
2024-05-01,47683411720.28403
2024-05-02,47145834722.606964
2024-05-03,48838240553.2686
2024-05-04,51287603338.74763
2024-05-05,51552593079.821266
2024-05-06,51996011543.544334
2024-05-07,51902250978.872314
2024-05-08,50981349935.5469
2024-05-09,50322376782.76668
2024-05-10,50893661692.25078
2024-05-11,49776187281.139534
2024-05-12,49936170012.74034
2024-05-13,50760094828.75637
2024-05-14,50607878056.81478
2024-05-15,51757991300.32825
2024-05-16,54078803203.51517
2024-05-17,54627282470.333855
2024-05-18,55255047122.9236
2024-05-19,55191376798.37069
2024-05-20,55831440319.60985
2024-05-21,58687206860.218796
2024-05-22,58462901143.001396
2024-05-23,57711108186.75329
2024-05-24,56953197676.988
2024-05-25,57888128291.224556
2024-05-26,57914964554.1096
2024-05-27,57980282776.22558
2024-05-28,57582469170.92151
2024-05-29,57348068837.33134
2024-05-30,57519316779.26905
2024-05-31,57447842896.54451
2024-06-01,57118822408.8826
2024-06-02,57254808628.192215
2024-06-03,58219617023.86237
2024-06-04,58884829478.40318
2024-06-05,61071143280.66177
2024-06-06,61535356151.55751
2024-06-07,61532487248.81641
2024-06-08,60348941577.75499
2024-06-09,60409140908.95393
2024-06-10,60641199164.6526
2024-06-11,58815930599.619225
2024-06-12,59071529300.12818
2024-06-13,58491331489.167595
2024-06-14,57434408419.29475
2024-06-15,57125658678.006966
2024-06-16,57282807977.30995
2024-06-17,56952297768.04277
2024-06-18,56148992295.85382
2024-06-19,55885676207.973885
2024-06-20,55868685058.48387
2024-06-21,54916188097.23563
2024-06-22,54955961311.242325
2024-06-23,54938605078.96521
2024-06-24,52577869364.61973
2024-06-25,52086810361.76354
2024-06-26,52372048158.0213
2024-06-27,52119359421.02091
2024-06-28,52101891296.340645
2024-06-29,51762112710.19154
2024-06-30,52216282843.55626
2024-07-01,53790157624.65784
2024-07-02,53460780614.191666
2024-07-03,51892487254.804565
2024-07-04,49992545639.49257
2024-07-05,47741232351.958115
2024-07-06,48708567134.11165
2024-07-07,49124345087.66949
2024-07-08,48169967055.943634
2024-07-09,49459256808.16965
2024-07-10,50320347745.55444
2024-07-11,50315685398.67212
2024-07-12,49990147323.31732
2024-07-13,50755926744.48771
2024-07-14,52154066959.04315
2024-07-15,54923597092.348785
2024-07-16,56459176918.22169
2024-07-17,57662152521.73185
2024-07-18,57067667435.46188
2024-07-19,57639879321.40682
2024-07-20,59267606783.93238
2024-07-21,59580063570.41596
2024-07-22,60407692256.932365
2024-07-23,60120387898.04329
2024-07-24,59483503511.770615
2024-07-25,58104420668.45016
2024-07-26,60511621449.37064
2024-07-27,61509137566.012344
2024-07-28,61155939799.39029
2024-07-29,61902790208.93819
2024-07-30,58387804601.405655
2024-07-31,59615520887.86369
2024-08-01,57851219723.97747
2024-08-02,57753267522.148056
2024-08-03,55313042082.183945
2024-08-04,54189730294.45599
2024-08-05,48265323235.80517
2024-08-06,49922069553.929
2024-08-07,50429446110.96629
2024-08-08,51839399567.87197
2024-08-09,54609518791.688965
2024-08-10,54518937942.00309
2024-08-11,54377568985.84595
2024-08-12,52855388590.18366
2024-08-13,53539364038.84116
2024-08-14,54071477131.1806
2024-08-15,52427925952.4266
2024-08-16,52289516655.61777
2024-08-17,53119221508.33397
2024-08-18,53486817465.40398
2024-08-19,52611388012.400635
2024-08-20,54018493428.88449
2024-08-21,53715973470.29194
2024-08-22,54668415764.22673
2024-08-23,55424258991.34116
2024-08-24,57808258802.49381
2024-08-25,57780130894.448166
2024-08-26,57704838375.72521
2024-08-27,56662671563.277916
2024-08-28,53715161971.81189
2024-08-29,53882886959.55146
2024-08-30,53395087860.01571
2024-08-31,53354985754.79421
2024-09-01,52684121925.52162
2024-09-02,52449279456.56368
2024-09-03,52620467418.66358
2024-09-04,51162340551.09694
2024-09-05,50755288902.88522
2024-09-06,49193290483.0057
2024-09-07,48188228470.011055
2024-09-08,48271943508.87031
2024-09-09,49311799542.9592
2024-09-10,50679980055.124466
2024-09-11,50665352636.600945
2024-09-12,51542383782.97992
2024-09-13,52125950368.53314
2024-09-14,53469239083.40964
2024-09-15,53444728680.92154
2024-09-16,52227789555.3123
2024-09-17,52957265448.508736
2024-09-18,53956840225.27164
2024-09-19,56073920158.73642
2024-09-20,56837667536.35457
2024-09-21,56739096076.424126
2024-09-22,56626887212.27095
2024-09-23,57254769365.44085
2024-09-24,57163465059.89777
2024-09-25,57594711653.61109
2024-09-26,58017689785.101944
2024-09-27,59666066957.34501
2024-09-28,59862547443.52485
2024-09-29,59823640619.59158
2024-09-30,58876182278.99892
2024-10-01,57713010225.626884
2024-10-02,56005453697.14879
2024-10-03,55454422569.06656
2024-10-04,56084842829.06236
2024-10-05,56604403441.48285
2024-10-06,56752040435.28431
2024-10-07,57854009166.97426
2024-10-08,57173196300.438644
2024-10-09,56671858627.258194
2024-10-10,55331012110.91656
2024-10-11,56039026287.496025
2024-10-12,57390635843.817856
2024-10-13,57317119135.31337
2024-10-14,58942325460.48237
2024-10-15,61104921475.90928
2024-10-16,62718439894.46009
2024-10-17,63008376593.40573
2024-10-18,64208359976.16831
2024-10-19,64439674381.81656
2024-10-20,64551655237.75577
2024-10-21,64605596267.4377
2024-10-22,64108472345.96815
2024-10-23,63373116617.5849
2024-10-24,64295716071.44947
2024-10-25,64774155971.30114
2024-10-26,63971467071.13342
2024-10-27,64407771700.272064
2024-10-28,65935648834.78675
2024-10-29,69247063674.16211
2024-10-30,70824621768.62611
2024-10-31,71006906933.94557
2024-11-01,69203205619.58878
2024-11-02,68970524208.60468
2024-11-03,67983157922.690926
2024-11-04,67690226094.01359
2024-11-05,67703489265.251656
2024-11-06,72427171369.14975
2024-11-07,74711306093.89502
2024-11-08,76828131852.78258
2024-11-09,77060903121.01006
2024-11-10,79618445918.30386
2024-11-11,83423499873.82986
2024-11-12,90173093209.20908
2024-11-13,92020506816.1358
2024-11-14,93193270957.20056
2024-11-15,91783274910.87895
2024-11-16,94011068327.04118
2024-11-17,93292067570.72557
2024-11-18,93560449974.06754
2024-11-19,94791739904.24039
2024-11-20,96967440780.68443
2024-11-21,101492740613.69046
2024-11-22,104521242764.80798
2024-11-23,104178679591.86507
2024-11-24,103096402638.90387
2024-11-25,103021984855.33809
2024-11-26,98609943377.83823
2024-11-27,99348428837.40596
2024-11-28,100834133788.94638
2024-11-29,102303418669.55608
2024-11-30,102353488533.51024
2024-12-01,102434615595.56819
2024-12-02,101964232118.79143
2024-12-03,101617983960.12787
2024-12-04,103269443716.20618
2024-12-05,109034295855.66171
2024-12-06,107048352569.26012
2024-12-07,108197308657.86658
2024-12-08,108178117244.2022
2024-12-09,107131734059.15115
2024-12-10,105821449062.77618
2024-12-11,108037193109.56892
2024-12-12,110651019620.77576
2024-12-13,110821549578.31294
2024-12-14,112073219836.32304
2024-12-15,112939771402.17342
2024-12-16,116522849064.24863
2024-12-17,118734757448.47797
2024-12-18,116557113385.26973
2024-12-19,112354977890.31847
2024-12-20,107294879402.74414
2024-12-21,108639052472.30254
2024-12-22,107209474732.53177
2024-12-23,104982589113.8755
2024-12-24,105878808454.35428
2024-12-25,108875935615.94644
2024-12-26,107039692479.06383
2024-12-27,105781788011.74156
2024-12-28,104671086550.85295
2024-12-29,104699276240.68127
2024-12-30,103088273913.40855
2024-12-31,103112061412.36395
2025-01-01,103279153507.21968
2025-01-02,105857847071.63309
2025-01-03,106802990044.51453
2025-01-04,107750948152.23106
2025-01-05,107792492315.53308
2025-01-06,110845273864.6134
2025-01-07,111985248916.92195
2025-01-08,106530471608.75337
2025-01-09,104136234329.1339
2025-01-10,104712153695.67747
2025-01-11,104930492741.84029
2025-01-12,105105136180.08733
2025-01-13,103141530784.78879
2025-01-14,106017437070.34552
2025-01-15,108130997779.8688
2025-01-16,110742722636.58875
2025-01-17,114644499020.58607
2025-01-18,116054228914.68417
2025-01-19,117172989671.54713
2025-01-20,117178145320.34103
2025-01-21,116981145551.43651
2025-01-22,119336980915.04266
2025-01-23,117532766449.3598
2025-01-24,119700118868.25803
2025-01-25,119355337667.3085
2025-01-26,119583545009.46356
2025-01-27,114783661117.58527
2025-01-28,116664260919.27744
2025-01-29,116721394801.39542
2025-01-30,119910619853.79716
2025-01-31,119463020070.66559
2025-02-01,116979369080.1137
2025-02-02,113839097168.7652
2025-02-03,111061370888.16177
2025-02-04,114210314772.14137
2025-02-05,112666481551.68445
2025-02-06,112190468167.73372
2025-02-07,111989402192.50282
2025-02-08,110735020686.92291
2025-02-09,111033151316.11215
2025-02-10,111775476282.07161
2025-02-11,111814059834.33243
2025-02-12,110379662906.21161
2025-02-13,110537064847.9607
2025-02-14,111119428129.85468
2025-02-15,111675008613.20012
2025-02-16,111340649179.51382
2025-02-17,110064912093.9172
2025-02-18,109329058557.82497
2025-02-19,109684715158.31218
2025-02-20,111239506510.36943
2025-02-21,111641815262.1676
2025-02-22,109984986235.15887
2025-02-23,109604395454.93689
2025-02-24,108334492256.43161
2025-02-25,101296340131.49765
2025-02-26,97983358109.89828
2025-02-27,94713752033.32016
2025-02-28,91066601312.26245
2025-03-01,94356400144.0834
2025-03-02,97534239948.07538
2025-03-03,101494685127.64651
2025-03-04,94025257980.82341
2025-03-05,98221781317.51
2025-03-06,100438644009.53348
2025-03-07,97670221017.1918
2025-03-08,95351340717.576
2025-03-09,93608149381.66177
2025-03-10,89213051620.05164
2025-03-11,88783865088.22545
2025-03-12,90324133091.44592
2025-03-13,90131566998.59949
2025-03-14,90707561274.56726
2025-03-15,92032916834.59557
2025-03-16,91451167837.58319
2025-03-17,91215845128.62941
2025-03-18,90564298288.67787
2025-03-19,92053743865.52794
2025-03-20,93840925622.99051
2025-03-21,92619708610.40549
2025-03-22,92657592508.13026
2025-03-23,93059775408.60886
2025-03-24,96121229371.08658
2025-03-25,96270251524.36307
2025-03-26,96396160753.14438
2025-03-27,96271160917.00989
2025-03-28,94271839097.83528
2025-03-29,91960584407.59476
2025-03-30,91537129813.26338
2025-03-31,90944873764.94333
2025-04-01,92606076362.52438
2025-04-02,94053371985.71939
2025-04-03,91553307685.3162
2025-04-04,91976254885.9928
2025-04-05,92063788906.77469
2025-04-06,90840153531.38297
2025-04-07,85663775344.68568
2025-04-08,86998686580.10931
2025-04-09,85553883779.5177
2025-04-10,88987661974.23674
2025-04-11,89563700220.29239
2025-04-12,91927854551.13504
2025-04-13,92569882685.2842
2025-04-14,92607939080.467
2025-04-15,93135441972.21451
2025-04-16,91971474287.71533
2025-04-17,92578228881.80777
2025-04-18,92697820309.13684
2025-04-19,93112352211.95416
2025-04-20,92836940592.20673
2025-04-21,95412591971.18935
2025-04-22,98171347107.13754
2025-04-23,103661767203.70575
2025-04-24,103993387841.19312
2025-04-25,105728642517.46922
2025-04-26,106096899240.99251
2025-04-27,105772049382.60844
2025-04-28,106138437857.30132
2025-04-29,107450433147.84274
2025-04-30,106989745080.3219
2025-05-01,108423761929.04092
2025-05-02,110290816330.88448
2025-05-03,109619106930.14973
2025-05-04,108855501351.27972
2025-05-05,107937240705.09885
2025-05-06,108429731599.99097
2025-05-07,111046304109.85127
2025-05-08,114523016940.04836
2025-05-09,118478320385.96014
2025-05-10,118894413835.5198
2025-05-11,119826430572.85986
2025-05-12,119452472321.52084
2025-05-13,118980989837.7619
2025-05-14,119467927124.48921
2025-05-15,118671974692.20403
2025-05-16,120070870785.34854
2025-05-17,119351617509.33206
2025-05-18,120296423447.30559
2025-05-19,120760956495.54492
2025-05-20,123113898951.46472
2025-05-21,125342185709.83246
2025-05-22,130177093179.06903
2025-05-23,130277704529.75644
2025-05-24,128219253901.63116
2025-05-25,127246884787.30188
2025-05-26,129354906750.3978
2025-05-27,129610314072.61894
2025-05-28,128675669563.14062
2025-05-29,127954594331.76173
2025-05-30,125207727453.50626
2025-05-31,123573785759.8862
2025-06-01,124161510010.56027
2025-06-02,123746962435.65236
2025-06-03,124653943332.33673
2025-06-04,124365541651.55011
2025-06-05,123301945083.98743
2025-06-06,122155038567.87927
2025-06-07,124103230987.19788
2025-06-08,124872189607.02287
2025-06-09,126156506779.58557
2025-06-10,129544038885.55661
2025-06-11,130007389952.4282
2025-06-12,127757098922.91089
2025-06-13,124741564026.52103
2025-06-14,125072269853.73763
2025-06-15,125384539809.8731
2025-06-16,127504020395.97502
2025-06-17,126472181530.56775
2025-06-18,125459313117.36066
2025-06-19,125368273259.90929
2025-06-20,125723001879.75667
2025-06-21,124147985146.39862
2025-06-22,121760984943.76408
2025-06-23,122280348981.901
2025-06-24,127036905636.96008
2025-06-25,129416940455.18417
2025-06-26,130654054000.22862
2025-06-27,130376017931.319
2025-06-28,130630902944.40044
2025-06-29,131030023247.60869
2025-06-30,131802326834.8916
2025-07-01,130187962990.26332
2025-07-02,131149066989.55394
2025-07-03,133879738509.25224
2025-07-04,132940927236.54716
2025-07-05,132291329993.16905
2025-07-06,132581563638.32298
2025-07-07,133544030509.16782
2025-07-08,133499748870.66458
2025-07-09,134505285363.42337
2025-07-10,137941995571.52585
2025-07-11,145875442746.37802
2025-07-12,146168931153.67505
2025-07-13,146886260945.3587
2025-07-14,151029182208.34177
2025-07-15,147246657672.18243
2025-07-16,148982025338.46597
2025-07-17,149863354934.03735
2025-07-18,150803041267.2766
2025-07-19,149641161180.66602
2025-07-20,149658631871.10657
2025-07-21,149995772727.92993
2025-07-22,150224535768.55743
2025-07-23,150159564410.53937
2025-07-24,150415534552.3627
2025-07-25,147775996710.47565
2025-07-26,149564473096.55646
2025-07-27,150376108424.37787
2025-07-28,150905899632.4618
2025-07-29,150308501567.94485
2025-07-30,149849826285.91437
2025-07-31,150198938414.45184
2025-08-01,146573347026.83664
2025-08-02,144339927363.5692
2025-08-03,144849358717.167
2025-08-04,146865190070.68668
2025-08-05,146231480297.09955
2025-08-06,146625758567.19452
2025-08-07,148592649622.16348
2025-08-08,150349744390.41177
2025-08-09,150450962506.86572
2025-08-10,152071096387.83673
2025-08-11,155344330554.86426
2025-08-12,153885482119.3987
2025-08-13,155770323105.5822
2025-08-14,156259968388.83264
2025-08-15,153361505640.3534
2025-08-16,152566935981.14636
2025-08-17,149887782751.5032
2025-08-18,147444516010.81934
2025-08-19,146106292371.90964
2025-08-20,145484253038.1465
2025-08-21,145266227337.68378
2025-08-22,146139673036.4767
2025-08-23,148100247107.13663
2025-08-24,146821103512.8584
2025-08-25,143827984358.5575
2025-08-26,140205412261.1836
2025-08-27,142215310939.25787
2025-08-28,143571805277.81296
2025-08-29,141205463137.5163
2025-08-30,139164594344.3364
2025-08-31,139601041510.99512
2025-09-01,137476489953.9398
2025-09-02,139739482487.16406
2025-09-03,142128056837.84143
2025-09-04,142088517176.31094
2025-09-05,143278304922.1935
2025-09-06,142130166937.0524
2025-09-07,146509696234.929
2025-09-08,141837857288.70032
2025-09-09,142850677007.07205
2025-09-10,146072610688.56506
2025-09-11,149016941972.9407
2025-09-12,151316347556.60825
2025-09-13,151829618224.70013
2025-09-14,151683382780.87805
2025-09-15,151666950643.46964
2025-09-16,150040546458.37814
2025-09-17,151360403761.16025
2025-09-18,153040412373.95004
2025-09-19,152205117285.70508
2025-09-20,155788654544.54163
2025-09-21,155557643354.844
2025-09-22,152543398026.28864
2025-09-23,151809012060.6924
2025-09-24,152524673295.9068
2025-09-25,150691585396.431
2025-09-26,148739022034.90503
2025-09-27,148756121905.7373
2025-09-28,143871851312.26047
2025-09-29,148323139863.06635
2025-09-30,146971024307.0887
2025-10-01,150083096622.84424
2025-10-02,156083128104.671
2025-10-03,158740783576.89056
2025-10-04,160398546787.01746
2025-10-05,161958662579.96915
2025-10-06,163608217770.1369
2025-10-07,162999383013.75873
2025-10-08,161623321986.6326
2025-10-09,161154190521.97678
2025-10-10,159108417174.46976
2025-10-11,148439487036.37662
2025-10-12,148760903567.53778
2025-10-13,152618163813.9048
2025-10-14,149927923759.82144
2025-10-15,149336814608.9659
2025-10-16,147110333585.90088
2025-10-17,141873027906.4726
2025-10-18,141891769915.52283
2025-10-19,142958516418.8384
2025-10-20,146544002668.14352
2025-10-21,145887154299.1536
2025-10-22,144370385882.54712
2025-10-23,146413435887.6201
2025-10-24,148512015762.6067
2025-10-25,149359648662.65222
2025-10-26,151014521660.5048
2025-10-27,154419216913.58624
2025-10-28,153452225328.0741
2025-10-29,151414246765.98425
2025-10-30,147496518571.80777
2025-10-31,148391563488.5356
2025-11-01,149015908567.98956
2025-11-02,149429222540.46133
2025-11-03,146094454221.74902
2025-11-04,141322216052.88486
2025-11-05,139193165648.5692
2025-11-06,139923584459.372
2025-11-07,138646586443.4056
2025-11-08,139649917028.4071
2025-11-09,140156815127.989
2025-11-10,144683339707.48535
2025-11-11,143275065933.78876
2025-11-12,141573665852.06647
2025-11-13,139682343102.04214
2025-11-14,133837889312.21146
2025-11-15,132120372534.16977
2025-11-16,123685787069.42087
2025-11-17,122027528259.77625
2025-11-18,118776830187.25018
2025-11-19,118173404387.07101
2025-11-20,117632662532.5146
2025-11-21,110330515751.39244
2025-11-22,109740239051.85413
2025-11-23,112279908752.77887
2025-11-24,113851021770.44046
2025-11-25,114854208955.13031
2025-11-26,115937894881.75673
2025-11-27,120311496707.20401
2025-11-28,120554527801.28688
2025-11-29,119893415566.29419
2025-11-30,120453139185.44975
2025-12-01,114358875034.12622
2025-12-02,117249918570.75798
2025-12-03,123314180643.79643
2025-12-04,123503010538.00671
2025-12-05,121428895889.18385
2025-12-06,119383316196.90117
2025-12-07,120322824465.08148
2025-12-08,121159270540.23744
2025-12-09,123039299651.8093
2025-12-10,122951062537.30106
2025-12-11,122593729082.85078
2025-12-12,122282914259.06822
2025-12-13,121396742466.55664
2025-12-14,119953371663.49545
2025-12-15,117361588291.57938
2025-12-16,117741175229.982
2025-12-17,117314420725.41351
2025-12-18,117803080616.33905
2025-12-19,119716594128.86569
2025-12-20,119924225186.45819
2025-12-21,120373283649.23648
2025-12-22,120867785624.73257
2025-12-23,119100859385.92108
2025-12-24,119120063795.35275
2025-12-25,119897011986.2973
2025-12-26,119722866286.07808
2025-12-27,119527549500.04918
2025-12-28,120422068334.61765
2025-12-29,119439016511.04253
2025-12-30,120586462109.23923
2025-12-31,120744800838.82448
2026-01-01,121121427211.50533
2026-01-02,123554817686.3182
2026-01-03,124443178090.85211
2026-01-04,126181322118.66736
2026-01-05,129422831021.13046
2026-01-06,129474311008.48125
2026-01-07,127694780483.29842
2026-01-08,127109472863.7912
2026-01-09,127004401197.89551
2026-01-10,127059277583.8823
2026-01-11,127732997265.56789
2026-01-12,128117455303.00674
2026-01-13,132000935977.90125
2026-01-14,136990559451.56155
2026-01-15,137270743131.70923
2026-01-16,136567046519.2504
2026-01-17,136488653603.26517
2026-01-18,135219902648.50937
2026-01-19,132867104688.97595
2026-01-20,128980422341.17563
2026-01-21,128664961376.43889
2026-01-22,129091333198.65065
2026-01-23,129031598955.68858
2026-01-24,128579480099.27309
2026-01-25,126361558777.44843
2026-01-26,126979966777.07285
2026-01-27,127722650314.56259
2026-01-28,128508544530.44998
2026-01-29,122678707065.54114
2026-01-30,120861481773.40295
2026-01-31,115888115986.3435
2026-02-01,112175872107.72871
2026-02-02,113594168826.25171
2026-02-03,112161351249.8336
2026-02-04,107762375148.79225
2026-02-05,97883991339.64471
2026-02-06,101479957662.59073
2026-02-07,101619349401.205
2026-02-08,104165333942.19661
2026-02-09,103125545082.13567
2026-02-10,101816254994.56546
2026-02-11,99804658691.7105
2026-02-12,99213086765.6837
2026-02-13,102089375903.4058
2026-02-14,104283552379.37526
2026-02-15,103527212728.25964
