date,fees
2018-01-01,7192315.024382861
2018-01-02,10116512.685158072
2018-01-03,11977248.890864763
2018-01-04,14270913.753259575
2018-01-05,12865438.134191394
2018-01-06,11833815.948059388
2018-01-07,10909463.086022383
2018-01-08,10837892.457546985
2018-01-09,11669457.155559227
2018-01-10,10120986.39931988
2018-01-11,10293734.749150364
2018-01-12,9383935.113091674
2018-01-13,7650389.714618134
2018-01-14,7080967.060482771
2018-01-15,5980574.83633801
2018-01-16,6922093.995806348
2018-01-17,7810480.477098801
2018-01-18,7724109.524182018
2018-01-19,6517290.610119411
2018-01-20,5025522.410068841
2018-01-21,3774103.7002189346
2018-01-22,3427389.289817653
2018-01-23,3224781.587093087
2018-01-24,3182338.2989815027
2018-01-25,2439317.094612934
2018-01-26,2395863.317079197
2018-01-27,1962808.2628351762
2018-01-28,1733285.6868377374
2018-01-29,1617139.4868740162
2018-01-30,1601356.3004694507
2018-01-31,1640634.1796069832
2018-02-01,1941348.7138901507
2018-02-02,2422666.4638977656
2018-02-03,1321602.7769456932
2018-02-04,925655.9503057776
2018-02-05,1190664.0806556246
2018-02-06,1266722.053241816
2018-02-07,940194.4056270559
2018-02-08,722231.2517109335
2018-02-09,764414.1082545639
2018-02-10,761394.1274417128
2018-02-11,506166.237624276
2018-02-12,623527.982308483
2018-02-13,584125.4198022541
2018-02-14,601116.4808567101
2018-02-15,648014.6916828465
2018-02-16,591617.3408007666
2018-02-17,535349.6278413774
2018-02-18,469169.00382470945
2018-02-19,565237.349996084
2018-02-20,600777.5011528201
2018-02-21,405751.33571688965
2018-02-22,377258.0127633817
2018-02-23,761804.7805247282
2018-02-24,936341.2857680041
2018-02-25,401953.84110183956
2018-02-26,478327.79250896774
2018-02-27,541314.4638585834
2018-02-28,530774.4786319444
2018-03-01,565302.0909220631
2018-03-02,466272.002494786
2018-03-03,431118.48125577066
2018-03-04,377718.3507934048
2018-03-05,513287.4364804632
2018-03-06,399500.4969437
2018-03-07,348366.0025421195
2018-03-08,335672.6028060389
2018-03-09,323242.7160785615
2018-03-10,358063.82723319874
2018-03-11,376792.0372257201
2018-03-12,308998.67449582985
2018-03-13,559224.894789382
2018-03-14,307702.59940618346
2018-03-15,306339.3757201069
2018-03-16,252633.32846829353
2018-03-17,173487.62597398748
2018-03-18,208182.08883550283
2018-03-19,265960.85585238616
2018-03-20,280115.4100324915
2018-03-21,278306.57449753734
2018-03-22,242214.44770265993
2018-03-23,231713.27611183806
2018-03-24,187639.25198841037
2018-03-25,171535.35728160964
2018-03-26,220905.05446932538
2018-03-27,215591.55535863555
2018-03-28,191074.15832335877
2018-03-29,193860.3061964932
2018-03-30,177705.8439820877
2018-03-31,140024.99807049902
2018-04-01,124984.88516412773
2018-04-02,151467.70761170037
2018-04-03,187574.03247273923
2018-04-04,169893.85407070405
2018-04-05,167703.75414273585
2018-04-06,228900.06442999528
2018-04-07,187020.91987244497
2018-04-08,146802.12463992916
2018-04-09,152001.41169182802
2018-04-10,156995.4954311224
2018-04-11,157570.52584078218
2018-04-12,279831.5370469601
2018-04-13,285297.9487258622
2018-04-14,187645.05280707887
2018-04-15,200712.4190705899
2018-04-16,206642.67688406323
2018-04-17,205793.83161255583
2018-04-18,205010.24388858007
2018-04-19,229056.24077798097
2018-04-20,246679.23043280834
2018-04-21,252199.7593470937
2018-04-22,190633.9086524758
2018-04-23,258748.4112932434
2018-04-24,635563.9920174507
2018-04-25,809557.1500211658
2018-04-26,623290.5207655206
2018-04-27,497357.9252924924
2018-04-28,387996.1359243357
2018-04-29,325336.12811366835
2018-04-30,337749.34777853114
2018-05-01,286595.6122236598
2018-05-02,354751.1494927303
2018-05-03,376320.95033509086
2018-05-04,379394.01509574894
2018-05-05,314261.2911280865
2018-05-06,299802.2769661931
2018-05-07,334168.04196817236
2018-05-08,313774.80689148256
2018-05-09,282366.7831767972
2018-05-10,239603.06415271817
2018-05-11,324556.3765448008
2018-05-12,240749.63346113169
2018-05-13,202671.96073534104
2018-05-14,306635.65473803773
2018-05-15,320586.99636365945
2018-05-16,269974.42114759923
2018-05-17,435488.26680328394
2018-05-18,575345.7814747065
2018-05-19,257067.24853596883
2018-05-20,210989.961196293
2018-05-21,261420.77278890525
2018-05-22,212439.7270366943
2018-05-23,232887.55994954502
2018-05-24,225039.6438037588
2018-05-25,226977.35672369253
2018-05-26,165002.81154126793
2018-05-27,142656.29442026856
2018-05-28,207102.84183278095
2018-05-29,213379.72220412642
2018-05-30,167265.8759678663
2018-05-31,161543.51969821713
2018-06-01,152547.430424457
2018-06-02,123187.15516480237
2018-06-03,116946.71965838646
2018-06-04,154577.91300012585
2018-06-05,140240.75862803805
2018-06-06,147989.1302329048
2018-06-07,157376.29524624947
2018-06-08,135272.43866476743
2018-06-09,138715.15283627907
2018-06-10,113023.6914957312
2018-06-11,169739.90776459558
2018-06-12,144185.03682631213
2018-06-13,236985.4447924966
2018-06-14,186166.67514496978
2018-06-15,148602.89721415154
2018-06-16,106526.29519393122
2018-06-17,150772.49793280108
2018-06-18,117009.82959530846
2018-06-19,562245.5927335912
2018-06-20,1364933.9658477665
2018-06-21,491910.7964691926
2018-06-22,419727.3062935074
2018-06-23,197039.393187602
2018-06-24,166502.17152417812
2018-06-25,216468.16552154996
2018-06-26,196323.02869817926
2018-06-27,196716.920509305
2018-06-28,159696.12853787662
2018-06-29,169459.59104506907
2018-06-30,150275.47473781198
2018-07-01,106011.45060225713
2018-07-02,154867.65655548757
2018-07-03,181300.12416746464
2018-07-04,141390.74983437138
2018-07-05,129225.019999354
2018-07-06,143310.11465025815
2018-07-07,112008.4133241463
2018-07-08,104830.09638114666
2018-07-09,132473.59884689064
2018-07-10,144099.78267254075
2018-07-11,130284.85612761788
2018-07-12,116095.91033309355
2018-07-13,122063.32584578695
2018-07-14,93771.02028387257
2018-07-15,97012.02808339758
2018-07-16,159191.0712830865
2018-07-17,182161.43680146817
2018-07-18,233441.4561723939
2018-07-19,214556.73587597543
2018-07-20,169276.76847054742
2018-07-21,128236.05685114938
2018-07-22,109254.09649128854
2018-07-23,201260.04744311905
2018-07-24,249664.0115337002
2018-07-25,218470.91462352852
2018-07-26,189348.212396808
2018-07-27,168804.25698076515
2018-07-28,137208.5242071484
2018-07-29,128462.66217483202
2018-07-30,201192.7080871357
2018-07-31,197967.39749027512
2018-08-01,162014.86997364284
2018-08-02,190092.10597902804
2018-08-03,172060.94181533108
2018-08-04,120516.67578805538
2018-08-05,95908.51232510638
2018-08-06,122941.94030121637
2018-08-07,124941.17606454657
2018-08-08,129890.58385798098
2018-08-09,135524.78830912468
2018-08-10,125887.96867174655
2018-08-11,95501.4561561898
2018-08-12,80719.27564653577
2018-08-13,125182.26185484703
2018-08-14,164349.5672746779
2018-08-15,138914.40707235545
2018-08-16,151726.16865530322
2018-08-17,163407.7749092227
2018-08-18,105006.06257732416
2018-08-19,110380.3699942573
2018-08-20,181495.19414933288
2018-08-21,160079.69380085918
2018-08-22,153817.13900713774
2018-08-23,125911.15203022782
2018-08-24,128029.67899291866
2018-08-25,141881.97271727366
2018-08-26,187066.63184138812
2018-08-27,225687.39430567328
2018-08-28,319929.7189700415
2018-08-29,166638.1571718371
2018-08-30,169289.03382523032
2018-08-31,177491.83148138374
2018-09-01,138540.9307012765
2018-09-02,119100.17897676938
2018-09-03,144607.9091102049
2018-09-04,177411.17356254638
2018-09-05,215309.53973961016
2018-09-06,203331.56053491996
2018-09-07,178639.57745229686
2018-09-08,116326.22194151033
2018-09-09,115012.0586605737
2018-09-10,126005.9084842468
2018-09-11,146139.93523152536
2018-09-12,151391.96736168023
2018-09-13,131662.44290792695
2018-09-14,137923.3119198655
2018-09-15,102524.18943321523
2018-09-16,85037.65760193329
2018-09-17,109112.60451374699
2018-09-18,120681.17371916202
2018-09-19,109119.77198012215
2018-09-20,118554.3526939541
2018-09-21,172983.22446551188
2018-09-22,125872.43959097363
2018-09-23,97158.1122906015
2018-09-24,102296.59456591924
2018-09-25,130870.51811620819
2018-09-26,130121.06389147707
2018-09-27,158589.76465238107
2018-09-28,191865.85316632068
2018-09-29,126221.3178442342
2018-09-30,102226.16280423806
2018-10-01,144008.80201565864
2018-10-02,167830.4681664168
2018-10-03,138853.39367466402
2018-10-04,123082.00967547958
2018-10-05,141274.4834547174
2018-10-06,115828.66721867833
2018-10-07,86042.14133130897
2018-10-08,111745.2803699828
2018-10-09,110560.12475516097
2018-10-10,102909.69003810632
2018-10-11,114819.63063865353
2018-10-12,115943.15013805647
2018-10-13,83891.74151186319
2018-10-14,78587.0435370368
2018-10-15,153816.62000429575
2018-10-16,128186.82431063644
2018-10-17,125084.26639246686
2018-10-18,117701.43817009087
2018-10-19,114496.3731158886
2018-10-20,93581.26408568701
2018-10-21,81386.07022677134
2018-10-22,108757.05784431324
2018-10-23,107340.50755048696
2018-10-24,109806.60493568734
2018-10-25,113276.29128487088
2018-10-26,115889.66652864602
2018-10-27,84564.99490950092
2018-10-28,107032.1549086855
2018-10-29,123362.1767775798
2018-10-30,118856.46867438279
2018-10-31,106020.48718527677
2018-11-01,111390.42910117829
2018-11-02,117744.40799038854
2018-11-03,86827.32733978164
2018-11-04,81520.85251389355
2018-11-05,119896.48789618003
2018-11-06,124213.00520004124
2018-11-07,133721.0075960552
2018-11-08,136292.4357427074
2018-11-09,143854.49812005524
2018-11-10,107052.68723664603
2018-11-11,90979.41286145111
2018-11-12,122918.45249933623
2018-11-13,115560.8721705264
2018-11-14,149481.4889930744
2018-11-15,219791.52790466914
2018-11-16,207160.50037457977
2018-11-17,120668.14532342933
2018-11-18,101710.77794565738
2018-11-19,195418.72587500745
2018-11-20,308735.3949106247
2018-11-21,230442.48675553966
2018-11-22,168566.2880871071
2018-11-23,161876.92809470423
2018-11-24,121472.09980839571
2018-11-25,129319.72219045002
2018-11-26,145916.66465203193
2018-11-27,143286.7020045375
2018-11-28,165302.02410328476
2018-11-29,192886.1520338447
2018-11-30,163507.60970546334
2018-12-01,130368.27734746167
2018-12-02,95877.63334970172
2018-12-03,120735.2642078793
2018-12-04,124226.68651811591
2018-12-05,98711.1492125615
2018-12-06,98718.53527848228
2018-12-07,106330.10620240284
2018-12-08,67646.03469791745
2018-12-09,59768.43715679165
2018-12-10,78884.31067174113
2018-12-11,78790.4790369237
2018-12-12,76868.32456571466
2018-12-13,72772.7938027517
2018-12-14,80722.48807566545
2018-12-15,59197.95312842318
2018-12-16,47769.1325872492
2018-12-17,73544.6948277312
2018-12-18,97164.46334924111
2018-12-19,121436.09397256661
2018-12-20,112310.77434100078
2018-12-21,119075.36157185226
2018-12-22,74365.45350388053
2018-12-23,60896.11957029745
2018-12-24,92574.75690715395
2018-12-25,68743.11380729354
2018-12-26,61362.758301313406
2018-12-27,60691.74589781534
2018-12-28,69266.60311726668
2018-12-29,57853.636529166426
2018-12-30,52997.4343954682
2018-12-31,58742.37568652877
2019-01-01,42604.672062213656
2019-01-02,69855.56450076328
2019-01-03,72387.83564000494
2019-01-04,74700.08820163766
2019-01-05,46474.34220931154
2019-01-06,66604.70441536463
2019-01-07,95256.73492169281
2019-01-08,83234.16004999256
2019-01-09,96249.55205752571
2019-01-10,93658.88987534259
2019-01-11,88129.96550897566
2019-01-12,61615.089680854064
2019-01-13,49560.74461405909
2019-01-14,72940.00194829288
2019-01-15,75650.19294270761
2019-01-16,90226.40323190385
2019-01-17,85048.14505680525
2019-01-18,75258.55825420193
2019-01-19,64589.39860602961
2019-01-20,51044.22796221527
2019-01-21,70334.33770746626
2019-01-22,74640.78332006918
2019-01-23,80617.6073166669
2019-01-24,81970.52250766335
2019-01-25,88490.98505460528
2019-01-26,70845.36703643216
2019-01-27,56522.52009082281
2019-01-28,82933.36141273884
2019-01-29,79018.96484806563
2019-01-30,73388.23993330226
2019-01-31,99650.85681685277
2019-02-01,114711.92608437099
2019-02-02,65987.68736199745
2019-02-03,50923.472710633774
2019-02-04,59193.28159053293
2019-02-05,59719.708104616075
2019-02-06,74214.94823823514
2019-02-07,56820.59499188757
2019-02-08,76622.10278516354
2019-02-09,65106.18150954289
2019-02-10,50065.69421693585
2019-02-11,84024.29712326426
2019-02-12,124703.22358287958
2019-02-13,128653.79706959552
2019-02-14,93978.77538502522
2019-02-15,95308.23670467202
2019-02-16,81021.8767816459
2019-02-17,70268.1451580542
2019-02-18,114279.631697142
2019-02-19,143261.7647156942
2019-02-20,150171.6423580971
2019-02-21,136599.44856091557
2019-02-22,155022.89648927018
2019-02-23,104691.76333470191
2019-02-24,110622.0691892762
2019-02-25,148602.18226569577
2019-02-26,136541.77734821674
2019-02-27,124557.0643160575
2019-02-28,115597.425932902
2019-03-01,116327.53147270433
2019-03-02,96719.30088482126
2019-03-03,81409.05155385633
2019-03-04,105666.3295074771
2019-03-05,111812.42205399083
2019-03-06,148385.8478106665
2019-03-07,147737.23212335957
2019-03-08,133366.94053058015
2019-03-09,96743.46431577035
2019-03-10,74887.74097884097
2019-03-11,118983.19533259272
2019-03-12,122125.72467090306
2019-03-13,139336.25156624016
2019-03-14,145625.7703883512
2019-03-15,122177.95836213625
2019-03-16,89624.46148469273
2019-03-17,66803.84822330838
2019-03-18,89201.79126005751
2019-03-19,89537.75938924802
2019-03-20,110038.73536602898
2019-03-21,141528.90405115753
2019-03-22,108293.7651048462
2019-03-23,71956.0106314776
2019-03-24,62601.66654142917
2019-03-25,114689.03613402479
2019-03-26,143426.12238824274
2019-03-27,193818.53514423614
2019-03-28,192625.2238098819
2019-03-29,260487.49268383635
2019-03-30,224373.13395803643
2019-03-31,183075.56556996494
2019-04-01,256436.48302410194
2019-04-02,556675.7346747234
2019-04-03,704238.5114078897
2019-04-04,756720.1642131578
2019-04-05,575832.6380497825
2019-04-06,407622.9997792048
2019-04-07,442716.7434672419
2019-04-08,687563.8313983617
2019-04-09,594415.1446169377
2019-04-10,593458.1168459868
2019-04-11,581935.3292107184
2019-04-12,511121.7410503276
2019-04-13,335939.2673844751
2019-04-14,295692.89022752154
2019-04-15,397998.0052262469
2019-04-16,399198.4170961548
2019-04-17,402641.5475922985
2019-04-18,381996.44651714625
2019-04-19,414154.13122240664
2019-04-20,308329.17479031207
2019-04-21,267219.56736627175
2019-04-22,377348.5244000098
2019-04-23,536235.4012352979
2019-04-24,712452.9954046534
2019-04-25,490655.8121415471
2019-04-26,484291.7276589385
2019-04-27,286089.6065433056
2019-04-28,252132.33101801123
2019-04-29,368947.05421023536
2019-04-30,452453.414039505
2019-05-01,351395.9310411047
2019-05-02,352719.6680101075
2019-05-03,465811.34493626794
2019-05-04,351888.175071184
2019-05-05,361473.2323470512
2019-05-06,436179.07049954036
2019-05-07,539242.1651673754
2019-05-08,669112.9017517108
2019-05-09,659736.7595453265
2019-05-10,788275.7624760957
2019-05-11,908178.1995284761
2019-05-12,723747.5215210854
2019-05-13,875835.0702916314
2019-05-14,1060183.6574451693
2019-05-15,1575848.4553717382
2019-05-16,1799770.5623602543
2019-05-17,1668903.0589801553
2019-05-18,984035.7247123452
2019-05-19,1026542.2733578961
2019-05-20,1484491.3963834106
2019-05-21,1611421.109623557
2019-05-22,1354840.0071968578
2019-05-23,1289045.7536434627
2019-05-24,1530699.0105465937
2019-05-25,1029771.1954829077
2019-05-26,827600.9918347303
2019-05-27,1668993.2566525957
2019-05-28,1683873.167207307
2019-05-29,1618400.100357627
2019-05-30,1564163.66209593
2019-05-31,1758326.8277779112
2019-06-01,1363736.7359756646
2019-06-02,1035652.9176412988
2019-06-03,1626497.9070439837
2019-06-04,1674363.9456464464
2019-06-05,1245512.5895185194
2019-06-06,955662.6650369513
2019-06-07,855784.9990159696
2019-06-08,582702.2223703078
2019-06-09,483014.0789218973
2019-06-10,814918.1236422721
2019-06-11,873414.9531090645
2019-06-12,886750.6384021621
2019-06-13,900555.8919288884
2019-06-14,1022800.1338747554
2019-06-15,694038.3775207569
2019-06-16,667662.6508984441
2019-06-17,1097053.966118825
2019-06-18,1059801.4551394565
2019-06-19,982032.896834149
2019-06-20,1067654.7092303524
2019-06-21,1277265.4924682972
2019-06-22,1311129.7367211413
2019-06-23,881088.3463740123
2019-06-24,1127731.617889754
2019-06-25,1430087.5658410355
2019-06-26,2392132.130625255
2019-06-27,2236868.4555995804
2019-06-28,2251366.184133089
2019-06-29,1302206.6963733358
2019-06-30,1142363.9605467673
2019-07-01,1350501.7756544887
2019-07-02,1275891.3597970088
2019-07-03,1134662.2607182309
2019-07-04,941513.5378301349
2019-07-05,833897.4994643478
2019-07-06,570938.5961895306
2019-07-07,521690.5773171388
2019-07-08,827085.5521273569
2019-07-09,894085.8059545965
2019-07-10,1041966.4987479594
2019-07-11,903594.3912559506
2019-07-12,795942.5565449111
2019-07-13,506778.7821514736
2019-07-14,418925.3589171027
2019-07-15,697425.5211680408
2019-07-16,598069.7978911999
2019-07-17,622914.1524565977
2019-07-18,766924.4338596737
2019-07-19,749179.1827734238
2019-07-20,539251.877104211
2019-07-21,398322.88022244984
2019-07-22,557302.4907379687
2019-07-23,513983.38052064046
2019-07-24,489072.2128486097
2019-07-25,554776.3798951525
2019-07-26,458025.975516709
2019-07-27,312165.2052388506
2019-07-28,252344.07509861627
2019-07-29,378006.67076725175
2019-07-30,576282.2805074053
2019-07-31,539535.8190476055
2019-08-01,484209.67661197024
2019-08-02,470531.7764806466
2019-08-03,296519.6915866146
2019-08-04,215988.7765927191
2019-08-05,499429.3957723226
2019-08-06,527225.9111971413
2019-08-07,847845.3449748766
2019-08-08,846028.8735510298
2019-08-09,774375.6122895762
2019-08-10,449605.9106441474
2019-08-11,350492.88785574876
2019-08-12,575248.8879362042
2019-08-13,818760.6689946055
2019-08-14,587969.0280844047
2019-08-15,554412.0806322368
2019-08-16,530036.2349516625
2019-08-17,361758.43832470174
2019-08-18,300763.13416236354
2019-08-19,454029.48575519474
2019-08-20,501628.48514440627
2019-08-21,528737.7823849341
2019-08-22,546888.4931939614
2019-08-23,430728.0329009203
2019-08-24,305273.6439767531
2019-08-25,217733.8666686843
2019-08-26,342812.21091590205
2019-08-27,345539.0432426243
2019-08-28,330353.7133194425
2019-08-29,321711.74358802265
2019-08-30,330441.6272512233
2019-08-31,230934.43759631587
2019-09-01,195191.15582988513
2019-09-02,296903.00483142165
2019-09-03,413956.35958593996
2019-09-04,394865.2568743874
2019-09-05,387853.48407498706
2019-09-06,387080.55721274443
2019-09-07,279513.06185276364
2019-09-08,226265.90230539785
2019-09-09,337646.8026911425
2019-09-10,378009.82440698845
2019-09-11,353018.9231282722
2019-09-12,306964.4564848411
2019-09-13,285198.43500145903
2019-09-14,217596.4196278122
2019-09-15,188006.4685542892
2019-09-16,300440.3843377586
2019-09-17,353448.40508083586
2019-09-18,346679.9180585823
2019-09-19,374704.5293931933
2019-09-20,326097.4331343296
2019-09-21,233939.2823290947
2019-09-22,206120.750351164
2019-09-23,312279.4673756428
2019-09-24,334719.4182727781
2019-09-25,361708.3605951395
2019-09-26,264359.15813654603
2019-09-27,280392.92945525923
2019-09-28,190533.6254130247
2019-09-29,169364.59447229712
2019-09-30,339232.85301093594
2019-10-01,403809.08988015394
2019-10-02,310626.71099954075
2019-10-03,309752.9573896537
2019-10-04,226781.22663639786
2019-10-05,155870.29066940292
2019-10-06,130117.77276298552
2019-10-07,202135.64842468096
2019-10-08,226271.3739895614
2019-10-09,260330.8446614682
2019-10-10,286524.7414162631
2019-10-11,230373.65557982592
2019-10-12,172504.0001747621
2019-10-13,134131.15902575396
2019-10-14,198836.46642323723
2019-10-15,211710.54731207638
2019-10-16,233391.99651914867
2019-10-17,205261.12069219226
2019-10-18,198482.97191101068
2019-10-19,145538.90397933294
2019-10-20,130048.76669131232
2019-10-21,169618.5322052724
2019-10-22,178733.61634028927
2019-10-23,232050.37303444018
2019-10-24,215285.63012382635
2019-10-25,312223.2140687851
2019-10-26,441103.3039746904
2019-10-27,322788.38389449276
2019-10-28,350969.6818332633
2019-10-29,333674.2226067106
2019-10-30,308646.51013758796
2019-10-31,324571.06163548393
2019-11-01,371070.0708436779
2019-11-02,257597.81088103013
2019-11-03,239920.4522406824
2019-11-04,452889.5362790832
2019-11-05,406726.9750994454
2019-11-06,361136.7023753271
2019-11-07,366412.33204491594
2019-11-08,359653.5563912631
2019-11-09,259383.02084208868
2019-11-10,215840.12286473077
2019-11-11,258077.20060813165
2019-11-12,252359.74265789875
2019-11-13,300970.77821589465
2019-11-14,256452.92754459343
2019-11-15,251432.96327162077
2019-11-16,194850.54312425517
2019-11-17,179369.63054614028
2019-11-18,228261.77492243514
2019-11-19,279718.6111115191
2019-11-20,221533.1587503451
2019-11-21,281329.5001086497
2019-11-22,291873.4066306319
2019-11-23,157509.38556779025
2019-11-24,118009.66738421092
2019-11-25,229100.87884654166
2019-11-26,285369.307733822
2019-11-27,253402.25816476787
2019-11-28,194683.5254106288
2019-11-29,252522.4280995412
2019-11-30,205762.9264069381
2019-12-01,162252.11011612896
2019-12-02,190699.31861970155
2019-12-03,185629.96618655068
2019-12-04,213022.4935057883
2019-12-05,171378.92428818514
2019-12-06,188521.03754008058
2019-12-07,135307.94481502855
2019-12-08,108896.7076427088
2019-12-09,160317.52490863917
2019-12-10,167988.1724466682
2019-12-11,177087.36692881104
2019-12-12,162475.71387678056
2019-12-13,162856.39011754244
2019-12-14,108804.17326915283
2019-12-15,145354.59295885928
2019-12-16,152949.45092551064
2019-12-17,151942.1316238642
2019-12-18,199933.5026451393
2019-12-19,205389.0850335024
2019-12-20,183064.83916393874
2019-12-21,118616.70728528702
2019-12-22,95879.45066953138
2019-12-23,138423.24727063364
2019-12-24,127953.93984939036
2019-12-25,94605.12266012009
2019-12-26,136327.6485818099
2019-12-27,124052.77657784849
2019-12-28,100877.41902240418
2019-12-29,93233.14380470254
2019-12-30,115143.32916095365
2019-12-31,106791.33005147989
2020-01-01,71728.92585191638
2020-01-02,95967.78081879667
2020-01-03,119651.19225365044
2020-01-04,90511.36857904914
2020-01-05,87369.94639645795
2020-01-06,158507.66258842975
2020-01-07,208263.46700998108
2020-01-08,248058.20006466046
2020-01-09,233270.04086088244
2020-01-10,266399.5100175796
2020-01-11,147290.40443008128
2020-01-12,118743.88508000283
2020-01-13,142999.03913713357
2020-01-14,230798.9437593748
2020-01-15,276605.3587772049
2020-01-16,208015.50138937143
2020-01-17,216272.22429653062
2020-01-18,158236.02633470364
2020-01-19,143544.17360803654
2020-01-20,153147.2739696511
2020-01-21,179024.99139707402
2020-01-22,187862.5374977428
2020-01-23,177051.0668561436
2020-01-24,135763.70225120438
2020-01-25,95118.54312039872
2020-01-26,90882.55613331006
2020-01-27,175696.96567578902
2020-01-28,214260.89190147404
2020-01-29,189482.03113627134
2020-01-30,186827.8123726903
2020-01-31,209723.24388523656
2020-02-01,163684.13935728246
2020-02-02,158274.85607712498
2020-02-03,200449.9765504246
2020-02-04,217986.16228876158
2020-02-05,244038.66479384116
2020-02-06,264141.56518086785
2020-02-07,308855.03354285203
2020-02-08,211036.97274183217
2020-02-09,201159.0201729121
2020-02-10,272776.13799240167
2020-02-11,355615.6288377702
2020-02-12,386285.2945178157
2020-02-13,362635.86372609757
2020-02-14,332026.13137172133
2020-02-15,282459.9158028288
2020-02-16,214777.08500302103
2020-02-17,245984.85289224153
2020-02-18,305312.92161861673
2020-02-19,302292.7685144885
2020-02-20,267075.0368397451
2020-02-21,227746.17632199413
2020-02-22,176987.83912792767
2020-02-23,165321.76304639797
2020-02-24,221699.6460888694
2020-02-25,229379.84220516347
2020-02-26,257880.76161045447
2020-02-27,236737.3594219634
2020-02-28,229114.02558816446
2020-02-29,158264.133035765
2020-03-01,123775.7117806655
2020-03-02,204292.0457601508
2020-03-03,216434.88819525082
2020-03-04,212461.7452801538
2020-03-05,220292.2459198823
2020-03-06,243311.66378631056
2020-03-07,165033.78011457087
2020-03-08,129806.83709725578
2020-03-09,202881.54754614498
2020-03-10,220924.20031361672
2020-03-11,234585.96851647025
2020-03-12,304301.965963961
2020-03-13,467332.36476104
2020-03-14,275655.9215664052
2020-03-15,239173.272119177
2020-03-16,309832.33285440685
2020-03-17,335501.71729350166
2020-03-18,315972.8470275247
2020-03-19,422393.45500742766
2020-03-20,495585.9711742018
2020-03-21,289347.674847001
2020-03-22,195370.97828705667
2020-03-23,332014.5074049241
2020-03-24,301132.0577387359
2020-03-25,304005.7668707897
2020-03-26,372484.61634023505
2020-03-27,266012.30349664454
2020-03-28,180269.08815919908
2020-03-29,124588.29167547855
2020-03-30,168036.9556874646
2020-03-31,186622.2209639896
2020-04-01,177596.65310727488
2020-04-02,170295.39591895847
2020-04-03,173883.8836898812
2020-04-04,114347.28391863687
2020-04-05,92652.84833850987
2020-04-06,153192.84339921802
2020-04-07,182252.01590813498
2020-04-08,166396.77229297764
2020-04-09,169932.07626711504
2020-04-10,142695.5012751505
2020-04-11,94600.65702744544
2020-04-12,88934.0398317533
2020-04-13,114821.22194540597
2020-04-14,154145.7719433095
2020-04-15,175973.0111310337
2020-04-16,202200.95425311328
2020-04-17,179686.0756727557
2020-04-18,139516.64668459905
2020-04-19,110972.92209334603
2020-04-20,150682.30209628912
2020-04-21,159941.01325929555
2020-04-22,180404.06342972946
2020-04-23,303605.9491594708
2020-04-24,277791.057268696
2020-04-25,209678.7531122429
2020-04-26,159443.41838144942
2020-04-27,218300.98253935255
2020-04-28,215647.0848282277
2020-04-29,452319.6684086907
2020-04-30,918546.9794247443
2020-05-01,972465.4976892669
2020-05-02,611879.4197991549
2020-05-03,509145.90495756327
2020-05-04,595778.3698313828
2020-05-05,647321.6764987037
2020-05-06,626763.0712195568
2020-05-07,879575.9593221156
2020-05-08,1022468.0898556174
2020-05-09,832886.6141190522
2020-05-10,553809.4250381036
2020-05-11,762419.0599342509
2020-05-12,965078.348111462
2020-05-13,1010574.2154055369
2020-05-14,1426297.4398049263
2020-05-15,1506048.538447911
2020-05-16,1015499.8022905901
2020-05-17,972917.2659190322
2020-05-18,1591306.5902836425
2020-05-19,1779760.1973597289
2020-05-20,1831813.98796664
2020-05-21,1825580.5867551437
2020-05-22,1448659.3118729647
2020-05-23,990699.9283268786
2020-05-24,641234.0885381785
2020-05-25,820642.6257891075
2020-05-26,711323.933319174
2020-05-27,714655.1762261029
2020-05-28,843320.3082235777
2020-05-29,887181.6996021941
2020-05-30,661242.6239263421
2020-05-31,577735.0339265341
2020-06-01,810695.7501773697
2020-06-02,931800.0508479469
2020-06-03,792495.8506476171
2020-06-04,609814.5615940226
2020-06-05,539628.9739281186
2020-06-06,308499.51935502095
2020-06-07,256408.29897668667
2020-06-08,407755.0233175472
2020-06-09,343550.7845475833
2020-06-10,379053.165286489
2020-06-11,359912.2838029015
2020-06-12,283317.1720622484
2020-06-13,199648.1531179053
2020-06-14,152310.08068893428
2020-06-15,322405.9583343502
2020-06-16,481936.7613678591
2020-06-17,452279.034632822
2020-06-18,414367.0857793475
2020-06-19,468197.34745137516
2020-06-20,280901.2748767145
2020-06-21,232267.63591449946
2020-06-22,349976.0964624427
2020-06-23,440911.5691444462
2020-06-24,393417.6360344493
2020-06-25,371118.3052428934
2020-06-26,312048.02480719023
2020-06-27,210962.7031853676
2020-06-28,180047.60412131762
2020-06-29,306736.3425378499
2020-06-30,393185.68811017985
2020-07-01,579923.5926680615
2020-07-02,509409.4658920575
2020-07-03,487915.83283356944
2020-07-04,291070.1852231725
2020-07-05,228180.79279853543
2020-07-06,344811.1900199486
2020-07-07,376892.88457532733
2020-07-08,449783.27713646763
2020-07-09,508715.10592771455
2020-07-10,449461.17220994225
2020-07-11,301956.5714366534
2020-07-12,228580.68177648142
2020-07-13,378116.0911925969
2020-07-14,582143.4442594538
2020-07-15,591961.6738602995
2020-07-16,714094.4562474001
2020-07-17,707832.932480482
2020-07-18,699664.9965981592
2020-07-19,423026.1525535884
2020-07-20,720119.6311616338
2020-07-21,959867.191057259
2020-07-22,1363160.503977128
2020-07-23,1294692.2218380778
2020-07-24,1186083.6518778594
2020-07-25,863057.0154396897
2020-07-26,759201.9664102023
2020-07-27,1327789.3276611485
2020-07-28,2045450.3542777419
2020-07-29,1937392.2415658622
2020-07-30,2000475.7489954552
2020-07-31,1944003.7526030946
2020-08-01,1514849.5216497488
2020-08-02,1180110.4283958245
2020-08-03,1461850.992360895
2020-08-04,1245703.4693486502
2020-08-05,1595842.094393622
2020-08-06,2309147.8285638057
2020-08-07,1587713.485163388
2020-08-08,926749.6073711418
2020-08-09,732149.2721676676
2020-08-10,1585673.0584807133
2020-08-11,1728996.54462802
2020-08-12,1447863.5996418179
2020-08-13,1288826.2782601537
2020-08-14,1254915.2652106583
2020-08-15,801052.7284193205
2020-08-16,719604.2465869365
2020-08-17,1002764.0389607948
2020-08-18,1889557.6636222245
2020-08-19,1731623.3287139456
2020-08-20,1549715.767824751
2020-08-21,1567306.3840497402
2020-08-22,1091823.975918017
2020-08-23,688464.9117886903
2020-08-24,922475.348165919
2020-08-25,1021707.4046094137
2020-08-26,1243633.9091894694
2020-08-27,1388817.2332285307
2020-08-28,1190330.5059059493
2020-08-29,756084.0087403457
2020-08-30,750097.0564339188
2020-08-31,1068459.2604763664
2020-09-01,1498031.0811779937
2020-09-02,1456107.8577800079
2020-09-03,1369679.7485972291
2020-09-04,1629952.04019898
2020-09-05,1220211.5222909101
2020-09-06,725764.7146553434
2020-09-07,1001943.8886964452
2020-09-08,851127.5145061753
2020-09-09,912486.8336585588
2020-09-10,1141667.4961961973
2020-09-11,987665.4206106979
2020-09-12,606692.7249914736
2020-09-13,506954.99436308997
2020-09-14,804615.3669045508
2020-09-15,832085.7233899408
2020-09-16,850695.0251585807
2020-09-17,776057.1322903668
2020-09-18,758457.9511525333
2020-09-19,527059.318790928
2020-09-20,360577.1554772673
2020-09-21,640028.4551029825
2020-09-22,780857.562726599
2020-09-23,982673.4680658962
2020-09-24,884990.8444679022
2020-09-25,824223.8003644479
2020-09-26,446619.84649425594
2020-09-27,404615.55105929554
2020-09-28,605416.036878193
2020-09-29,899241.9677244306
2020-09-30,1023405.486407261
2020-10-01,1084392.8958773182
2020-10-02,1295281.5645055785
2020-10-03,758369.9168677155
2020-10-04,595764.6910423157
2020-10-05,1059973.18948818
2020-10-06,1201775.9129466661
2020-10-07,1185998.0392863592
2020-10-08,1123053.1496806487
2020-10-09,1225630.6095725629
2020-10-10,856083.0398399234
2020-10-11,582885.3628381719
2020-10-12,863972.0459543788
2020-10-13,846380.4367290097
2020-10-14,835359.4466961795
2020-10-15,899852.3570043915
2020-10-16,726059.034459616
2020-10-17,402741.5529106108
2020-10-18,419036.72525469714
2020-10-19,594289.985270655
2020-10-20,913900.6374440403
2020-10-21,1493782.2797463455
2020-10-22,2162541.0522539183
2020-10-23,1861876.9509860866
2020-10-24,1229900.4775914252
2020-10-25,849838.504741505
2020-10-26,1453546.492594639
2020-10-27,2625007.3632290824
2020-10-28,3010753.166159014
2020-10-29,3484561.4517905386
2020-10-30,3551436.2807657057
2020-10-31,3638083.9226886355
2020-11-01,2440068.163490399
2020-11-02,2840050.9051046846
2020-11-03,4047439.9141298323
2020-11-04,2891310.681268663
2020-11-05,4050778.1492660022
2020-11-06,3730573.9221485327
2020-11-07,2003964.8430541903
2020-11-08,1482852.0716696703
2020-11-09,2180049.1971070166
2020-11-10,2365714.540814334
2020-11-11,1687578.22067791
2020-11-12,1672874.2287221053
2020-11-13,1641932.5906177885
2020-11-14,952142.2973503068
2020-11-15,678283.3308484413
2020-11-16,1394945.7960605542
2020-11-17,1598218.7067544502
2020-11-18,1740891.4236510727
2020-11-19,1684300.6556013206
2020-11-20,1422307.8514040234
2020-11-21,876655.1261927912
2020-11-22,588951.7050211859
2020-11-23,1038220.9363676717
2020-11-24,1647254.7531344336
2020-11-25,1849499.049859741
2020-11-26,1779502.855075331
2020-11-27,1443467.4390434448
2020-11-28,1006797.0020921443
2020-11-29,724362.45132488
2020-11-30,1418118.0101991578
2020-12-01,2740140.8229246787
2020-12-02,2525073.7403993
2020-12-03,2833444.3225341383
2020-12-04,2035297.9589537007
2020-12-05,1332993.8541541572
2020-12-06,935480.8091962003
2020-12-07,1314360.040768811
2020-12-08,1323721.8280242987
2020-12-09,1345168.6737428687
2020-12-10,1330078.1049040717
2020-12-11,1273024.1076822497
2020-12-12,951420.0964502735
2020-12-13,751520.1444520326
2020-12-14,1140880.6794841022
2020-12-15,1361270.5363848447
2020-12-16,1703376.547973175
2020-12-17,3717155.8463437594
2020-12-18,4519409.1995234545
2020-12-19,2862887.9547895147
2020-12-20,1728947.283110065
2020-12-21,3164909.3039227123
2020-12-22,3165345.549261814
2020-12-23,3334102.0051855138
2020-12-24,2528794.145084091
2020-12-25,2281706.0590535384
2020-12-26,1843883.1520692029
2020-12-27,2430759.9281393085
2020-12-28,2700062.5416489793
2020-12-29,2902967.2655460266
2020-12-30,3032065.0805602833
2020-12-31,3296111.941343471
2021-01-01,1436572.3770332977
2021-01-02,2563426.845573593
2021-01-03,2852570.694612238
2021-01-04,3425901.827895225
2021-01-05,3863758.8547228253
2021-01-06,4746658.526064058
2021-01-07,4821293.586199703
2021-01-08,5529508.819515758
2021-01-09,4455234.678978323
2021-01-10,3530785.8032518397
2021-01-11,4794981.891884649
2021-01-12,5597155.706172165
2021-01-13,5115701.07179635
2021-01-14,5548014.110333947
2021-01-15,5414135.159633482
2021-01-16,3208249.7419080976
2021-01-17,2374212.231689602
2021-01-18,3098400.848068476
2021-01-19,3521761.0422979333
2021-01-20,3326738.802942931
2021-01-21,3715326.031202043
2021-01-22,3777724.5121147973
2021-01-23,2461640.026957427
2021-01-24,1857535.8684656522
2021-01-25,3259725.1690601422
2021-01-26,2663992.1368048796
2021-01-27,2529910.399630968
2021-01-28,2845732.2717059376
2021-01-29,5717724.931335573
2021-01-30,4735382.434261191
2021-01-31,3324329.666006862
2021-02-01,4266341.802041307
2021-02-02,5273424.935999888
2021-02-03,5033317.415815388
2021-02-04,6144167.809608197
2021-02-05,5467086.4838927705
2021-02-06,4646872.0754377665
2021-02-07,3288828.605829416
2021-02-08,6213193.4531739
2021-02-09,9146000.997004524
2021-02-10,7541903.366825571
2021-02-11,8862648.33402806
2021-02-12,9596609.092053607
2021-02-13,6777131.022720503
2021-02-14,5065031.2771167755
2021-02-15,5910182.0523269735
2021-02-16,5909790.748109861
2021-02-17,7384758.415742292
2021-02-18,7643680.582428623
2021-02-19,9011349.803228976
2021-02-20,8333776.367818999
2021-02-21,6637851.382179073
2021-02-22,7170729.397860413
2021-02-23,8925330.674027352
2021-02-24,9448033.251341075
2021-02-25,7167665.929777436
2021-02-26,6930512.088998434
2021-02-27,4866408.958594505
2021-02-28,3732363.282270467
2021-03-01,6065905.7062187595
2021-03-02,6443351.519836828
2021-03-03,6711519.155021187
2021-03-04,5504127.666376579
2021-03-05,5614332.088924746
2021-03-06,3818760.6297611836
2021-03-07,3655051.6574320067
2021-03-08,4738205.380819013
2021-03-09,5751029.820885165
2021-03-10,6177083.975836832
2021-03-11,6419083.055409247
2021-03-12,6723067.650941436
2021-03-13,7167494.082879611
2021-03-14,5255019.937893008
2021-03-15,6305187.6616488965
2021-03-16,6272082.805034315
2021-03-17,6246800.259352906
2021-03-18,7948609.444563791
2021-03-19,6775990.097964975
2021-03-20,4883798.744401371
2021-03-21,3506581.5772527824
2021-03-22,4622722.215127246
2021-03-23,4439422.307761369
2021-03-24,4330882.079447214
2021-03-25,4330639.6391519485
2021-03-26,4470971.1990214065
2021-03-27,3720187.452231787
2021-03-28,3232320.1509641195
2021-03-29,4654169.892764701
2021-03-30,5667552.403098102
2021-03-31,6026507.127986781
2021-04-01,5291957.749313358
2021-04-02,5280457.642149396
2021-04-03,4789585.9564812
2021-04-04,3912760.1770704254
2021-04-05,5545273.525775187
2021-04-06,6178629.853821334
2021-04-07,5672406.471542848
2021-04-08,5317625.007339003
2021-04-09,6768264.148699754
2021-04-10,5397423.981857047
2021-04-11,3778436.8900232906
2021-04-12,5498194.761561907
2021-04-13,6473997.294112975
2021-04-14,8553383.994967666
2021-04-15,9811075.402029743
2021-04-16,8629345.079361724
2021-04-17,9859220.630310329
2021-04-18,12086925.458016548
2021-04-19,12025554.40420743
2021-04-20,16991338.13674308
2021-04-21,13860074.883355567
2021-04-22,15562991.531220488
2021-04-23,13805568.21049485
2021-04-24,8442460.172225641
2021-04-25,5695921.665641216
2021-04-26,9055031.392851144
2021-04-27,8925602.86735859
2021-04-28,7450905.936061954
2021-04-29,7762683.154972494
2021-04-30,8280807.2620366905
2021-05-01,5903679.380836081
2021-05-02,4808820.584516177
2021-05-03,6344482.126921396
2021-05-04,5314179.397364669
2021-05-05,5738134.632573169
2021-05-06,6188758.906309387
2021-05-07,5986704.427558734
2021-05-08,5126164.224743786
2021-05-09,4076652.9792367695
2021-05-10,5647025.1471964875
2021-05-11,4656404.612174166
2021-05-12,3849578.44953396
2021-05-13,3591630.7514929217
2021-05-14,3655990.210433551
2021-05-15,2921827.009393069
2021-05-16,2426809.04537422
2021-05-17,3335620.385254853
2021-05-18,2894204.3542729
2021-05-19,4576083.285658211
2021-05-20,5357043.064576232
2021-05-21,4891911.374596736
2021-05-22,3841381.467543384
2021-05-23,2847407.5427546464
2021-05-24,3740663.480418032
2021-05-25,3279179.897713765
2021-05-26,3067698.1435700743
2021-05-27,2554866.160210792
2021-05-28,2483112.6386169135
2021-05-29,1648906.44267973
2021-05-30,1307678.6957119012
2021-05-31,1698507.7116554389
2021-06-01,1734091.8568512392
2021-06-02,1926987.4632770913
2021-06-03,1952891.7230432022
2021-06-04,1564035.826039617
2021-06-05,1053643.0271666707
2021-06-06,809103.9438230138
2021-06-07,1155955.0850608265
2021-06-08,1182796.2753846606
2021-06-09,1251995.370950448
2021-06-10,1711255.424764357
2021-06-11,1517958.5336454147
2021-06-12,1265820.4895907843
2021-06-13,908695.6226793132
2021-06-14,1529971.205239491
2021-06-15,1564349.9502852322
2021-06-16,1497512.3657354587
2021-06-17,1198056.0924265082
2021-06-18,1114679.5383869382
2021-06-19,876496.7536955831
2021-06-20,813133.2073500243
2021-06-21,1276954.5109117227
2021-06-22,1553745.2615473527
2021-06-23,1888799.066708147
2021-06-24,1664927.2471600976
2021-06-25,1410065.366482736
2021-06-26,941938.1779246241
2021-06-27,905395.0857364956
2021-06-28,1854125.9456449102
2021-06-29,1911783.1967716843
2021-06-30,2149382.7699819254
2021-07-01,2484606.703061104
2021-07-02,2103695.272825897
2021-07-03,2056096.8002020614
2021-07-04,1537193.6775682375
2021-07-05,1613133.734432817
2021-07-06,1607592.10004806
2021-07-07,1284272.2771788165
2021-07-08,964228.7808510042
2021-07-09,913048.2365918253
2021-07-10,646973.7389055736
2021-07-11,635820.5715274484
2021-07-12,955339.4335056872
2021-07-13,1036888.7262822179
2021-07-14,819115.5230566398
2021-07-15,720837.648096296
2021-07-16,542879.2050346641
2021-07-17,398387.1288803392
2021-07-18,385048.2229369247
2021-07-19,587587.116393823
2021-07-20,534189.0637016475
2021-07-21,468326.68622673344
2021-07-22,460554.4656072265
2021-07-23,646381.2262295546
2021-07-24,438513.64827703976
2021-07-25,345113.1016716615
2021-07-26,681528.3922690885
2021-07-27,628109.6972151798
2021-07-28,622440.5331425781
2021-07-29,599468.6880670043
2021-07-30,611125.3598910016
2021-07-31,468682.95010345435
2021-08-01,383694.1117180758
2021-08-02,529537.3187464763
2021-08-03,490982.8018689363
2021-08-04,599114.138201608
2021-08-05,607908.1880802925
2021-08-06,609059.8438611616
2021-08-07,463859.7398794366
2021-08-08,430409.83687109075
2021-08-09,626870.2754599534
2021-08-10,637018.3127190287
2021-08-11,605513.5078851732
2021-08-12,571480.2200397934
2021-08-13,1125160.650272029
2021-08-14,513067.83661101665
2021-08-15,457500.6185981304
2021-08-16,751826.1611320092
2021-08-17,697047.819437883
2021-08-18,693759.9540244173
2021-08-19,603434.2243271735
2021-08-20,774677.2410355351
2021-08-21,558840.1436506003
2021-08-22,572595.8351924163
2021-08-23,709940.3725955934
2021-08-24,719266.0446339243
2021-08-25,630004.1047976792
2021-08-26,546692.7972036612
2021-08-27,584859.8427943819
2021-08-28,523736.23869680415
2021-08-29,427398.63078621647
2021-08-30,590810.9662129062
2021-08-31,650407.2242422384
2021-09-01,866211.6345388672
2021-09-02,985343.2534233418
2021-09-03,920486.5892740964
2021-09-04,599871.8092292069
2021-09-05,541816.1192690422
2021-09-06,907300.3788959675
2021-09-07,867344.95589224
2021-09-08,677782.8895922453
2021-09-09,656866.2827481647
2021-09-10,632313.8556679587
2021-09-11,489777.82685922255
2021-09-12,395705.8683023967
2021-09-13,689241.8857735023
2021-09-14,699144.9646951435
2021-09-15,821998.7264565533
2021-09-16,803711.5122095485
2021-09-17,707527.0436010149
2021-09-18,559570.2010237317
2021-09-19,390713.3224575049
2021-09-20,596206.9103669757
2021-09-21,596781.079224451
2021-09-22,611004.490587485
2021-09-23,619968.1454627579
2021-09-24,689686.0358797288
2021-09-25,366406.45964318403
2021-09-26,366823.88032887626
2021-09-27,535014.0195335608
2021-09-28,560123.4688016152
2021-09-29,469876.981531149
2021-09-30,647996.3891861618
2021-10-01,782991.6215005869
2021-10-02,521919.27808678034
2021-10-03,482583.51361893077
2021-10-04,675817.4264392622
2021-10-05,790183.4771032035
2021-10-06,998507.6080307759
2021-10-07,1452143.8135043625
2021-10-08,1116285.7390531607
2021-10-09,809608.4093214563
2021-10-10,696677.9766652015
2021-10-11,1192352.246469646
2021-10-12,1075233.2653075613
2021-10-13,967406.7559694474
2021-10-14,935842.2482634585
2021-10-15,1253852.0299063285
2021-10-16,959621.7098427356
2021-10-17,698524.9185664627
2021-10-18,981704.9091438142
2021-10-19,968221.2591586139
2021-10-20,1241623.5687098538
2021-10-21,1268136.284856491
2021-10-22,986645.7360264151
2021-10-23,686220.4910462559
2021-10-24,549413.9304448518
2021-10-25,886676.8510793514
2021-10-26,831801.4322109817
2021-10-27,735675.9053393021
2021-10-28,788871.3802922118
2021-10-29,975114.749307707
2021-10-30,644200.1458194394
2021-10-31,552651.729136148
2021-11-01,935695.0982442
2021-11-02,1106838.2541160285
2021-11-03,1005825.9006809036
2021-11-04,1009301.8562431122
2021-11-05,1072897.9365957042
2021-11-06,663798.5021785044
2021-11-07,608337.2408186024
2021-11-08,1088580.3861010692
2021-11-09,1562204.6363591985
2021-11-10,1198092.2239480691
2021-11-11,1011203.7399614232
2021-11-12,959082.4020867733
2021-11-13,691441.3401744965
2021-11-14,569272.1402992996
2021-11-15,809408.0762242263
2021-11-16,784605.1583049896
2021-11-17,816011.632973383
2021-11-18,670421.5067526052
2021-11-19,771740.7040610035
2021-11-20,778993.561664575
2021-11-21,545895.342639138
2021-11-22,694023.0600325551
2021-11-23,709647.3523487782
2021-11-24,801842.5354382741
2021-11-25,875116.7515919415
2021-11-26,784457.9274155765
2021-11-27,460505.6799950207
2021-11-28,421299.0107970743
2021-11-29,644065.0090240253
2021-11-30,720599.9254908857
2021-12-01,1175494.033029227
2021-12-02,1066829.7974200225
2021-12-03,714416.552763735
2021-12-04,858073.8027386061
2021-12-05,1076294.8447808912
2021-12-06,655379.7271167792
2021-12-07,576716.499736227
2021-12-08,522844.31961704727
2021-12-09,576517.3233373304
2021-12-10,548130.8097815934
2021-12-11,390517.4716457816
2021-12-12,327343.44448518567
2021-12-13,604125.6194843883
2021-12-14,566991.6941454188
2021-12-15,568751.6313571857
2021-12-16,499395.4500991332
2021-12-17,602119.3633233194
2021-12-18,412734.35859692283
2021-12-19,326878.08887316886
2021-12-20,518163.32281799405
2021-12-21,584642.4963263944
2021-12-22,529038.3725379764
2021-12-23,558803.0238029694
2021-12-24,614120.3014232789
2021-12-25,421637.24635821505
2021-12-26,394283.10018282663
2021-12-27,668142.3767241156
2021-12-28,852403.7012487573
2021-12-29,763140.6502529822
2021-12-30,833127.0973069796
2021-12-31,837101.8165223418
2022-01-01,445323.12654163816
2022-01-02,438687.9549222404
2022-01-03,539246.597702991
2022-01-04,610241.6331860627
2022-01-05,691358.9126412581
2022-01-06,658376.9006113132
2022-01-07,593961.4100676661
2022-01-08,404796.57487873296
2022-01-09,329269.4950333832
2022-01-10,479658.8347384075
2022-01-11,500927.066976891
2022-01-12,512847.7443433836
2022-01-13,444728.82196293847
2022-01-14,416944.3755746846
2022-01-15,321107.9884158598
2022-01-16,274532.53863127495
2022-01-17,384469.1426726946
2022-01-18,401744.15226042905
2022-01-19,361553.1540229316
2022-01-20,404781.933838989
2022-01-21,443454.9175704076
2022-01-22,392067.1763794251
2022-01-23,279001.34459925984
2022-01-24,427959.1463998368
2022-01-25,401414.4768975876
2022-01-26,442048.76733459794
2022-01-27,434288.8853100338
2022-01-28,474428.65525750356
2022-01-29,471441.6179840235
2022-01-30,400760.34276087146
2022-01-31,502120.94623611646
2022-02-01,571090.4702840336
2022-02-02,454264.78073456883
2022-02-03,393902.4349679119
2022-02-04,581628.423027396
2022-02-05,586212.004928937
2022-02-06,436121.8204640804
2022-02-07,638720.4366307086
2022-02-08,640807.7991414255
2022-02-09,647063.0615602455
2022-02-10,854265.0669062748
2022-02-11,710659.7586973787
2022-02-12,523000.07511686446
2022-02-13,367879.08990275423
2022-02-14,475848.10321727226
2022-02-15,556274.4791713444
2022-02-16,444474.40392257896
2022-02-17,402300.06363468745
2022-02-18,377239.6184436841
2022-02-19,276242.95724360226
2022-02-20,220605.02921232244
2022-02-21,354123.58165985433
2022-02-22,350881.39246708044
2022-02-23,301487.1834387665
2022-02-24,393175.2176335621
2022-02-25,452162.03035004635
2022-02-26,263293.38762701716
2022-02-27,262395.0519752719
2022-02-28,403751.0606153616
2022-03-01,863866.9142466559
2022-03-02,1287138.5677215715
2022-03-03,862171.3901242033
2022-03-04,600627.4049356201
2022-03-05,444381.2559638086
2022-03-06,363559.90383185825
2022-03-07,429531.88250227354
2022-03-08,409955.4856423181
2022-03-09,472817.2919201672
2022-03-10,459785.2881840236
2022-03-11,427769.69523767085
2022-03-12,306722.6589703363
2022-03-13,256331.6564437794
2022-03-14,409058.0169601942
2022-03-15,386092.0173746725
2022-03-16,420922.54529277835
2022-03-17,430883.1359857178
2022-03-18,443262.5398936763
2022-03-19,339550.2196129773
2022-03-20,266646.249768598
2022-03-21,389680.4261231875
2022-03-22,458256.28601148556
2022-03-23,463413.980689903
2022-03-24,499807.5524300929
2022-03-25,572271.6264103602
2022-03-26,364347.8863082415
2022-03-27,349288.6060263262
2022-03-28,508257.51844411343
2022-03-29,472662.87135421135
2022-03-30,525825.5302840789
2022-03-31,755723.9291989534
2022-04-01,908221.4552451369
2022-04-02,593556.2307578549
2022-04-03,484586.26869947
2022-04-04,585162.5676053393
2022-04-05,496570.41514449636
2022-04-06,444552.7899496503
2022-04-07,436878.24313824216
2022-04-08,485415.64450783987
2022-04-09,348810.69811809226
2022-04-10,288724.74801154743
2022-04-11,416129.97836557904
2022-04-12,430786.7846904751
2022-04-13,488807.07507148257
2022-04-14,442001.18327135744
2022-04-15,359725.2975994199
2022-04-16,259972.0252645324
2022-04-17,212272.35192633528
2022-04-18,347751.51442590146
2022-04-19,388827.87645178096
2022-04-20,368278.330766598
2022-04-21,440650.2793239084
2022-04-22,436078.8933304556
2022-04-23,324531.57204096945
2022-04-24,265301.0452566525
2022-04-25,519024.823438571
2022-04-26,431213.2333683537
2022-04-27,438088.5380194336
2022-04-28,448008.96043552505
2022-04-29,526622.4079928097
2022-04-30,395665.1116425485
2022-05-01,301178.12724637176
2022-05-02,410681.6397805086
2022-05-03,364966.54177141184
2022-05-04,500839.19053134014
2022-05-05,817944.6870630257
2022-05-06,612592.0852050513
2022-05-07,490245.32932340505
2022-05-08,417004.8661639049
2022-05-09,598962.5926766484
2022-05-10,541139.4026854082
2022-05-11,624959.6811673293
2022-05-12,863865.7202148025
2022-05-13,924434.5536932439
2022-05-14,772832.7536280659
2022-05-15,510066.55663470004
2022-05-16,628809.0741689352
2022-05-17,576834.4846281484
2022-05-18,475876.19002554123
2022-05-19,519227.1419124178
2022-05-20,500298.9130168467
2022-05-21,354806.55945174216
2022-05-22,353501.8349509511
2022-05-23,461556.4554665218
2022-05-24,479534.00080046314
2022-05-25,575952.6601364708
2022-05-26,517277.7260283144
2022-05-27,500007.63759611326
2022-05-28,343837.5219702327
2022-05-29,293826.8953081294
2022-05-30,423364.5026501446
2022-05-31,436689.3493844237
2022-06-01,561255.0086105141
2022-06-02,595167.7708396238
2022-06-03,537625.8031270698
2022-06-04,375646.7321854039
2022-06-05,282798.0826570061
2022-06-06,398485.34623703937
2022-06-07,368332.89110106544
2022-06-08,327281.62575415825
2022-06-09,303187.7711605482
2022-06-10,394941.5265599898
2022-06-11,320057.3308859574
2022-06-12,259858.8095199275
2022-06-13,634052.3804805384
2022-06-14,580415.7934109537
2022-06-15,580486.1874310295
2022-06-16,476811.55071120604
2022-06-17,446513.7023884622
2022-06-18,398784.44623816427
2022-06-19,264005.1241135577
2022-06-20,312842.83199224476
2022-06-21,337656.3010213874
2022-06-22,338825.0502902188
2022-06-23,312421.7154446092
2022-06-24,343619.55641920416
2022-06-25,288092.17993106315
2022-06-26,268205.07923148683
2022-06-27,298610.4974606636
2022-06-28,285939.51659330406
2022-06-29,270953.55693251285
2022-06-30,324783.8207094848
2022-07-01,351259.70143439475
2022-07-02,256260.88142603743
2022-07-03,193090.08312498083
2022-07-04,274686.58173808904
2022-07-05,398315.14030227246
2022-07-06,503567.1509268265
2022-07-07,528178.7394681261
2022-07-08,499589.6522816259
2022-07-09,341805.2489557365
2022-07-10,265658.6162905692
2022-07-11,306938.8118234972
2022-07-12,335965.8106175972
2022-07-13,465643.26357226854
2022-07-14,648401.0030116136
2022-07-15,541997.9317011151
2022-07-16,387362.36206962063
2022-07-17,329055.3873148638
2022-07-18,499663.01184337336
2022-07-19,623530.8551230198
2022-07-20,597838.8474974849
2022-07-21,560153.0621170894
2022-07-22,493580.0793621283
2022-07-23,302718.85032329755
2022-07-24,241467.02554964044
2022-07-25,270036.9477810648
2022-07-26,309266.38464375504
2022-07-27,278307.80107806134
2022-07-28,384519.77338374034
2022-07-29,361750.93482430506
2022-07-30,295153.8393371262
2022-07-31,255925.4910698396
2022-08-01,337185.139121332
2022-08-02,349825.2168360409
2022-08-03,356087.00255772367
2022-08-04,398439.0757819171
2022-08-05,455076.06961046194
2022-08-06,311462.7641147991
2022-08-07,257571.99918354358
2022-08-08,369810.9319156221
2022-08-09,532314.6708073085
2022-08-10,456581.72442561825
2022-08-11,446611.1304808673
2022-08-12,422001.5219104539
2022-08-13,282694.908011273
2022-08-14,193045.11006715553
2022-08-15,254285.4548461691
2022-08-16,282033.50045572285
2022-08-17,354636.1320869211
2022-08-18,347449.4959439791
2022-08-19,289660.5463929766
2022-08-20,191431.11312001213
2022-08-21,171253.20370830994
2022-08-22,225600.22110130027
2022-08-23,247754.43485503658
2022-08-24,209235.0790445947
2022-08-25,235571.18832474115
2022-08-26,229406.03931230647
2022-08-27,176336.27537613164
2022-08-28,147354.51559929596
2022-08-29,223565.17959962977
2022-08-30,239654.809129568
2022-08-31,261428.26570193673
2022-09-01,296628.90637972276
2022-09-02,364470.03212208115
2022-09-03,287665.1952959168
2022-09-04,209162.3702147033
2022-09-05,278022.8471762549
2022-09-06,288387.31360358023
2022-09-07,284964.4266056391
2022-09-08,297355.1637383502
2022-09-09,374181.81538263545
2022-09-10,269491.50713135616
2022-09-11,222156.1997814762
2022-09-12,289854.56903150876
2022-09-13,314096.12257947534
2022-09-14,346765.3564698102
2022-09-15,340965.69182444166
2022-09-16,376991.9615714052
2022-09-17,339157.5076714097
2022-09-18,236670.16864498876
2022-09-19,256667.82003693987
2022-09-20,278157.9345273322
2022-09-21,259688.20128578276
2022-09-22,251515.04924308736
2022-09-23,304043.83146000886
2022-09-24,212279.4938739654
2022-09-25,197760.21657279826
2022-09-26,278021.92761888134
2022-09-27,320806.640494735
2022-09-28,272893.4868441767
2022-09-29,291038.0047773547
2022-09-30,322998.49868535507
2022-10-01,237806.97168759676
2022-10-02,172192.0615935625
2022-10-03,225244.2645167425
2022-10-04,208631.1829356509
2022-10-05,185685.91911652117
2022-10-06,202997.09156724435
2022-10-07,206043.90862555234
2022-10-08,129723.89604005686
2022-10-09,115374.42901514804
2022-10-10,154948.02648743463
2022-10-11,168545.71825946987
2022-10-12,180620.59478093826
2022-10-13,286709.7231575667
2022-10-14,287447.1118153791
2022-10-15,177338.19767595362
2022-10-16,158278.5511297834
2022-10-17,255187.70375242844
2022-10-18,323535.82197632495
2022-10-19,320115.48982063733
2022-10-20,243273.53989417225
2022-10-21,226128.17931889504
2022-10-22,178128.75839499655
2022-10-23,151809.45885679158
2022-10-24,230875.77645817996
2022-10-25,337574.5459788898
2022-10-26,489228.9914451799
2022-10-27,352022.8643717279
2022-10-28,385556.03229082143
2022-10-29,305045.77555726847
2022-10-30,262630.67590504873
2022-10-31,315792.01860997523
2022-11-01,306357.62442142743
2022-11-02,337182.83609872806
2022-11-03,382407.19372715434
2022-11-04,415761.24907865055
2022-11-05,340936.7822023631
2022-11-06,287746.5407336534
2022-11-07,327263.46902234864
2022-11-08,406116.7555501316
2022-11-09,392990.9605143338
2022-11-10,428221.7566131522
2022-11-11,374588.08260676713
2022-11-12,271828.4180694465
2022-11-13,267537.0194530599
2022-11-14,380347.12482064817
2022-11-15,613347.6509677931
2022-11-16,592855.3838364702
2022-11-17,577501.7364978297
2022-11-18,730567.9268932737
2022-11-19,452176.59791466215
2022-11-20,316970.6348925209
2022-11-21,401141.3985104083
2022-11-22,433108.9523437207
2022-11-23,479138.478629518
2022-11-24,464087.37170654035
2022-11-25,447035.9241284524
2022-11-26,389288.150889369
2022-11-27,292655.96251587546
2022-11-28,372141.47266095626
2022-11-29,382238.12636246555
2022-11-30,466140.8630764353
2022-12-01,497593.70620471553
2022-12-02,491667.56992624915
2022-12-03,390610.3686870679
2022-12-04,289770.4992023674
2022-12-05,362073.08239606273
2022-12-06,384412.37697606767
2022-12-07,308790.6767519894
2022-12-08,256386.7578232626
2022-12-09,235948.89039411145
2022-12-10,209938.75964658314
2022-12-11,140096.42300212485
2022-12-12,216675.13031840776
2022-12-13,235122.1177743328
2022-12-14,268822.5342965037
2022-12-15,352810.1882226201
2022-12-16,275394.4563418068
2022-12-17,292982.7470904216
2022-12-18,193897.01006875178
2022-12-19,296740.2354797154
2022-12-20,305047.9978251385
2022-12-21,277968.21226174454
2022-12-22,288364.7291343337
2022-12-23,291739.49055412726
2022-12-24,297195.54071512964
2022-12-25,230875.33879064434
2022-12-26,296464.14740564115
2022-12-27,398372.0431793588
2022-12-28,341995.5494321519
2022-12-29,342571.606058989
2022-12-30,361872.1941509724
2022-12-31,201470.01939347872
2023-01-01,118185.32333285398
2023-01-02,147139.2766192299
2023-01-03,212270.22177139405
2023-01-04,249023.09800775154
2023-01-05,240215.67592182997
2023-01-06,223908.10480957144
2023-01-07,142334.04430208274
2023-01-08,115799.485152103
2023-01-09,186850.8227995609
2023-01-10,194586.98495728188
2023-01-11,223586.09068171307
2023-01-12,311595.5312554949
2023-01-13,331530.06747068564
2023-01-14,294815.53700080747
2023-01-15,166401.74719252266
2023-01-16,218141.1727338181
2023-01-17,273880.68420362513
2023-01-18,333544.7981290144
2023-01-19,342035.70722945576
2023-01-20,444077.86821561464
2023-01-21,371822.1971200442
2023-01-22,312790.0258742106
2023-01-23,343047.0435112264
2023-01-24,382786.59221194347
2023-01-25,300110.63223048876
2023-01-26,278508.0334394068
2023-01-27,330138.2179651078
2023-01-28,267362.6201409045
2023-01-29,201415.89291483216
2023-01-30,257916.1543564624
2023-01-31,430702.27240152145
2023-02-01,524289.8267317901
2023-02-02,514527.9693757381
2023-02-03,570830.553861385
2023-02-04,475108.89171283366
2023-02-05,320713.9677987217
2023-02-06,419900.4546980112
2023-02-07,517196.04261229205
2023-02-08,422087.2150541097
2023-02-09,470263.3408750241
2023-02-10,581042.2114948631
2023-02-11,485666.57991386845
2023-02-12,418519.3438421704
2023-02-13,529040.958891535
2023-02-14,573601.617943372
2023-02-15,859259.7609911808
2023-02-16,742895.856281442
2023-02-17,657054.1614998747
2023-02-18,491579.2289300544
2023-02-19,373793.39402022527
2023-02-20,443111.8665204799
2023-02-21,422924.98522541526
2023-02-22,445509.50078611966
2023-02-23,455624.4801983449
2023-02-24,429505.6851707594
2023-02-25,369564.88500933687
2023-02-26,354582.18616860395
2023-02-27,532768.471598034
2023-02-28,597839.8335028907
2023-03-01,610667.6225911448
2023-03-02,561701.2720794748
2023-03-03,623830.258449764
2023-03-04,451136.9830550459
2023-03-05,392626.86494730186
2023-03-06,538578.0868098595
2023-03-07,569682.7370077947
2023-03-08,570077.7829604911
2023-03-09,912782.863895522
2023-03-10,887470.2772459099
2023-03-11,559364.7682497303
2023-03-12,472084.8103320732
2023-03-13,631723.1944652409
2023-03-14,920256.3621893234
2023-03-15,823533.7158046908
2023-03-16,840418.8596390365
2023-03-17,1167644.4910513724
2023-03-18,946795.2400906592
2023-03-19,804895.8607228321
2023-03-20,828441.3405920672
2023-03-21,816457.7025323049
2023-03-22,970370.4112524333
2023-03-23,1113092.157599371
2023-03-24,1223153.1982745493
2023-03-25,846592.899501689
2023-03-26,613353.2151947133
2023-03-27,629448.4055444868
2023-03-28,764566.3174391923
2023-03-29,781847.477329668
2023-03-30,771818.1429055303
2023-03-31,928131.2612800825
2023-04-01,898386.2827872535
2023-04-02,690868.0702778095
2023-04-03,770630.7437717061
2023-04-04,953192.6764494111
2023-04-05,903809.6225073333
2023-04-06,923122.6520659083
2023-04-07,754575.7493005156
2023-04-08,612377.3972702565
2023-04-09,479327.88276224706
2023-04-10,645789.7507539608
2023-04-11,939871.8176285863
2023-04-12,735784.8813637181
2023-04-13,788563.1366602922
2023-04-14,845184.9525300224
2023-04-15,642513.6404609901
2023-04-16,483299.4698489198
2023-04-17,614018.0055233019
2023-04-18,618355.8459811782
2023-04-19,602784.9450547684
2023-04-20,600147.448977699
2023-04-21,657666.1658139087
2023-04-22,456661.9361743783
2023-04-23,377517.404743528
2023-04-24,565645.2414678656
2023-04-25,757427.7340873927
2023-04-26,938212.6899920313
2023-04-27,1231368.1091645884
2023-04-28,1345873.2175158649
2023-04-29,1251453.094690312
2023-04-30,1398999.2260635304
2023-05-01,1948237.157322883
2023-05-02,3270646.8644992337
2023-05-03,3600262.0737440195
2023-05-04,3273394.0462885625
2023-05-05,3984273.200476733
2023-05-06,5258568.773510036
2023-05-07,11556704.992490368
2023-05-08,17597242.22225508
2023-05-09,12154588.857348323
2023-05-10,9391089.216686267
2023-05-11,5253023.2207611585
2023-05-12,4646148.8046638025
2023-05-13,2915367.5348212407
2023-05-14,2379579.14435648
2023-05-15,2445429.2439532727
2023-05-16,3053859.6370065585
2023-05-17,2550382.1096388353
2023-05-18,2869515.5850472813
2023-05-19,3133264.8986586183
2023-05-20,2308196.239213993
2023-05-21,1913148.5646218315
2023-05-22,1906997.2280808631
2023-05-23,1898699.8156170298
2023-05-24,1708609.6994955507
2023-05-25,2432219.541960736
2023-05-26,2613819.5203236667
2023-05-27,1666890.3238343878
2023-05-28,1758822.4273823276
2023-05-29,1974566.9222197651
2023-05-30,2213420.8860536967
2023-05-31,1869696.0547191326
2023-06-01,1881332.128577912
2023-06-02,2039821.064838592
2023-06-03,1196432.683218506
2023-06-04,1051422.9104704342
2023-06-05,1496001.2706795577
2023-06-06,2256873.4049218874
2023-06-07,2571455.0632809424
2023-06-08,1843513.9895778047
2023-06-09,1939102.3933318118
2023-06-10,1283426.101912624
2023-06-11,909910.5587249029
2023-06-12,1101416.685035217
2023-06-13,963636.4622974009
2023-06-14,1001014.7219678233
2023-06-15,1048692.9915338731
2023-06-16,1201183.9177409264
2023-06-17,1063456.0609508979
2023-06-18,803065.9210455387
2023-06-19,836498.5389311325
2023-06-20,1052844.6612855007
2023-06-21,1321112.8451791266
2023-06-22,1329913.1631180146
2023-06-23,1228707.2273438792
2023-06-24,1030515.7495664428
2023-06-25,894908.2486417871
2023-06-26,980791.6364963526
2023-06-27,971671.3526478566
2023-06-28,898730.0701745143
2023-06-29,1129046.1426688225
2023-06-30,1057766.3741540518
2023-07-01,778045.5469958929
2023-07-02,727452.7685482956
2023-07-03,793552.2979860267
2023-07-04,698063.0902331119
2023-07-05,655272.0902089378
2023-07-06,591523.4318406031
2023-07-07,583555.2380433708
2023-07-08,446101.7156774901
2023-07-09,397764.64630346396
2023-07-10,493758.86702556175
2023-07-11,519092.12394765107
2023-07-12,586608.100872812
2023-07-13,618152.3401987554
2023-07-14,687389.0144687016
2023-07-15,507207.453754337
2023-07-16,466562.38748172583
2023-07-17,519235.4654083787
2023-07-18,569763.0441217984
2023-07-19,543455.7314295935
2023-07-20,677793.8123877983
2023-07-21,686048.6647283622
2023-07-22,1365245.3231302346
2023-07-23,767934.8003795254
2023-07-24,771908.4882933365
2023-07-25,521816.78929469106
2023-07-26,552574.9529294403
2023-07-27,608487.5457463786
2023-07-28,596799.8183292064
2023-07-29,473942.8435983147
2023-07-30,501553.4983585854
2023-07-31,487016.86663798284
2023-08-01,545850.6198036313
2023-08-02,608752.2107835978
2023-08-03,678078.2110691963
2023-08-04,654923.5226556837
2023-08-05,613090.5654106287
2023-08-06,491146.4709406105
2023-08-07,662038.9334890208
2023-08-08,866975.5790468244
2023-08-09,801436.977401787
2023-08-10,724495.7082477448
2023-08-11,689808.310752642
2023-08-12,571224.6440849429
2023-08-13,394842.697359781
2023-08-14,534717.5825676556
2023-08-15,532734.2436546474
2023-08-16,518694.04295056197
2023-08-17,501919.1210730033
2023-08-18,573026.4196473495
2023-08-19,435933.6805619947
2023-08-20,392017.7151527849
2023-08-21,432945.0352125713
2023-08-22,489722.1068466255
2023-08-23,511267.6669486928
2023-08-24,456275.89167257614
2023-08-25,469726.7054994289
2023-08-26,418263.0057487037
2023-08-27,351385.0272599144
2023-08-28,443151.4983573774
2023-08-29,586532.073479572
2023-08-30,524680.3419121552
2023-08-31,688130.2468435719
2023-09-01,675041.9448004004
2023-09-02,601407.2072962406
2023-09-03,516418.0979340958
2023-09-04,575374.5347510534
2023-09-05,629059.6104572603
2023-09-06,779127.3692108283
2023-09-07,826895.3319355921
2023-09-08,928892.236405541
2023-09-09,842192.4974515806
2023-09-10,1215825.9886493452
2023-09-11,821790.0096090445
2023-09-12,802632.6417466941
2023-09-13,816301.5325222207
2023-09-14,819759.4693088167
2023-09-15,868767.4606969592
2023-09-16,709118.9457263838
2023-09-17,750735.1303633049
2023-09-18,1251730.604183895
2023-09-19,1277851.6091628652
2023-09-20,1284666.1230184913
2023-09-21,1257574.064912554
2023-09-22,1222192.8221916514
2023-09-23,1370667.6473713294
2023-09-24,973504.6614193232
2023-09-25,877466.7137650033
2023-09-26,724459.479331703
2023-09-27,836197.0221681562
2023-09-28,783610.2652886652
2023-09-29,790373.8721602493
2023-09-30,581349.7968580557
2023-10-01,529360.2522897867
2023-10-02,753259.1003939849
2023-10-03,798133.8160213804
2023-10-04,732416.1445303366
2023-10-05,732507.2516213553
2023-10-06,1190081.1329970926
2023-10-07,1160912.4535592953
2023-10-08,430249.6364029972
2023-10-09,548553.006347168
2023-10-10,471560.6956806381
2023-10-11,579805.6531193721
2023-10-12,662123.8349349033
2023-10-13,593812.6147711993
2023-10-14,365734.17808489274
2023-10-15,309399.6646250262
2023-10-16,585609.2634738365
2023-10-17,552597.6094182549
2023-10-18,541268.3860920795
2023-10-19,535511.6245075918
2023-10-20,597800.3477190798
2023-10-21,480140.78003600234
2023-10-22,371459.2319417034
2023-10-23,560297.0552554486
2023-10-24,1297141.424153725
2023-10-25,1410587.1245989103
2023-10-26,995239.122913233
2023-10-27,866176.8010732777
2023-10-28,662610.9429959155
2023-10-29,469740.5227216005
2023-10-30,625151.2941990712
2023-10-31,632391.7765655091
2023-11-01,761590.5900229466
2023-11-02,806301.4312040852
2023-11-03,1147970.0585353281
2023-11-04,2786960.2808048967
2023-11-05,2498931.8584584594
2023-11-06,2607705.0551594417
2023-11-07,3121197.0675585056
2023-11-08,4226338.05200157
2023-11-09,9141022.490276089
2023-11-10,6110465.787089041
2023-11-11,4246748.289480143
2023-11-12,4291561.392521994
2023-11-13,3934601.647041394
2023-11-14,3604112.46039784
2023-11-15,5080741.397215278
2023-11-16,11492391.284024743
2023-11-17,9012513.086707452
2023-11-18,11589826.095780982
2023-11-19,7505475.346915301
2023-11-20,6662356.472711707
2023-11-21,6202016.92402828
2023-11-22,5756628.421686567
2023-11-23,8241252.986116364
2023-11-24,3691084.01505521
2023-11-25,3484733.5683779595
2023-11-26,3042077.561630755
2023-11-27,3332074.786701537
2023-11-28,2979065.6866908455
2023-11-29,2407059.267864574
2023-11-30,2660655.4708021246
2023-12-01,3836786.2751080464
2023-12-02,2510187.8453619354
2023-12-03,5669619.577675356
2023-12-04,6306335.072962111
2023-12-05,10439401.979623951
2023-12-06,12858918.87401153
2023-12-07,7549527.164578407
2023-12-08,6743052.630153523
2023-12-09,6130479.786381435
2023-12-10,5024933.594426802
2023-12-11,5669939.658260814
2023-12-12,4715821.800005307
2023-12-13,8446645.451698037
2023-12-14,14370658.390318474
2023-12-15,17687167.493623443
2023-12-16,23673581.000282325
2023-12-17,22775921.585754007
2023-12-18,16678290.292979814
2023-12-19,18430999.91731604
2023-12-20,18609818.91374014
2023-12-21,17774165.51659994
2023-12-22,14278681.820993615
2023-12-23,8877964.715040259
2023-12-24,7700029.501322712
2023-12-25,7369901.671010072
2023-12-26,7134751.833482829
2023-12-27,11665069.2024049
2023-12-28,9877884.735571636
2023-12-29,8904186.10248802
2023-12-30,11158685.729094358
2023-12-31,14957241.55849833
2024-01-01,9712464.048610004
2024-01-02,6411686.075537105
2024-01-03,6262771.118583379
2024-01-04,5639519.080339397
2024-01-05,5156092.2318814
2024-01-06,3837068.085777918
2024-01-07,3348027.2449993156
2024-01-08,5863714.312818672
2024-01-09,5169087.337441809
2024-01-10,3919801.4136053766
2024-01-11,4690860.614520073
2024-01-12,4617375.797336917
2024-01-13,5431116.031411861
2024-01-14,9157637.333081597
2024-01-15,4999533.742996665
2024-01-16,5362589.348123829
2024-01-17,4467806.232330154
2024-01-18,5004741.964466392
2024-01-19,3501598.4103681277
2024-01-20,3004615.5533323754
2024-01-21,2973536.2386887083
2024-01-22,3002463.0049413396
2024-01-23,3525844.7658332014
2024-01-24,2429252.182872838
2024-01-25,2561370.8025467503
2024-01-26,2312184.025763549
2024-01-27,2451116.8028623248
2024-01-28,2338557.90564676
2024-01-29,2411611.6599285747
2024-01-30,2214423.6034095427
2024-01-31,2122410.9868457294
2024-02-01,2461404.216187911
2024-02-02,2838503.590698894
2024-02-03,7613178.64831313
2024-02-04,4193050.2073442345
2024-02-05,2764655.684896903
2024-02-06,2288045.2516254573
2024-02-07,3233308.2121775057
2024-02-08,2402279.4282479947
2024-02-09,2579534.139577588
2024-02-10,1967590.4733539477
2024-02-11,1381703.9527191569
2024-02-12,3362032.248361455
2024-02-13,2358796.167616342
2024-02-14,2805888.6602046243
2024-02-15,2002951.0901414747
2024-02-16,1712057.6246357067
2024-02-17,1495308.33906809
2024-02-18,1288466.4550895826
2024-02-19,1508996.8754358168
2024-02-20,1662874.0266485098
2024-02-21,1634588.0688608433
2024-02-22,1449477.2154826086
2024-02-23,1567206.5334998777
2024-02-24,1338421.42107547
2024-02-25,1258483.8058340098
2024-02-26,1750542.5718775336
2024-02-27,2745765.9012215994
2024-02-28,3750274.8385756956
2024-02-29,4613765.136863444
2024-03-01,3693034.039290419
2024-03-02,2607424.4540101644
2024-03-03,2909067.383217775
2024-03-04,5645502.004556134
2024-03-05,6635639.324410718
2024-03-06,4464388.471908561
2024-03-07,3491617.477352794
2024-03-08,3282650.775819564
2024-03-09,2788562.948201238
2024-03-10,2524125.6147268726
2024-03-11,2959896.656607539
2024-03-12,2758841.13684667
2024-03-13,2605595.0768913976
2024-03-14,2410591.972033112
2024-03-15,2581188.9871172425
2024-03-16,2494602.30760441
2024-03-17,1746519.2846412472
2024-03-18,2834853.043148803
2024-03-19,2861492.3847014955
2024-03-20,2254657.0860523577
2024-03-21,2496114.5808391157
2024-03-22,2377394.8812027923
2024-03-23,1579235.0342790543
2024-03-24,1433764.0098002327
2024-03-25,1946468.8822625494
2024-03-26,2221469.575827148
2024-03-27,2106833.8688795753
2024-03-28,2135007.9208944067
2024-03-29,2049560.0139153316
2024-03-30,2083072.8901881354
2024-03-31,1998404.021768492
2024-04-01,1901577.4523173529
2024-04-02,1472122.0189152749
2024-04-03,1824575.7900804612
2024-04-04,1580028.794633386
2024-04-05,1409523.9894149788
2024-04-06,1239094.3234178682
2024-04-07,1507619.254543869
2024-04-08,2372166.6392117287
2024-04-09,3267453.302291202
2024-04-10,4925400.644524368
2024-04-11,7317682.597963169
2024-04-12,10573314.591234384
2024-04-13,6794439.22965828
2024-04-14,5007697.48286333
2024-04-15,9833120.206644861
2024-04-16,6043040.290248445
2024-04-17,7357495.9327565655
2024-04-18,6861008.783033825
2024-04-19,7483021.9775039265
2024-04-20,81618712.69830643
2024-04-21,22343033.233641297
2024-04-22,16973374.291524634
2024-04-23,29123017.587382387
2024-04-24,16629736.578378914
2024-04-25,6815530.147286659
2024-04-26,6172230.230565139
2024-04-27,4007018.975911516
2024-04-28,3354567.902668654
2024-04-29,2899080.414718401
2024-04-30,2755003.3172488865
2024-05-01,2202315.1458765673
2024-05-02,2091790.9721506184
2024-05-03,2146370.0528881415
2024-05-04,2929232.203619655
2024-05-05,7952222.325421193
2024-05-06,2557052.882730594
2024-05-07,2240744.040265308
2024-05-08,1852692.092397881
2024-05-09,1929997.92551421
2024-05-10,1900555.3745607028
2024-05-11,2237696.11275874
2024-05-12,1340716.1952360966
2024-05-13,1663205.4256785924
2024-05-14,1342597.1385346896
2024-05-15,1508997.6797979164
2024-05-16,1481188.9999841924
2024-05-17,1450258.7320115208
2024-05-18,1192647.8323188408
2024-05-19,1083636.402594355
2024-05-20,1262259.2958185808
2024-05-21,2002051.626589148
2024-05-22,1471288.6181629265
2024-05-23,2033680.490631032
2024-05-24,1590061.388420516
2024-05-25,1461290.5340905767
2024-05-26,1335357.933633334
2024-05-27,1536416.607422009
2024-05-28,1231522.6406036636
2024-05-29,2630637.476513265
2024-05-30,2560937.5879861163
2024-05-31,4676315.59392063
2024-06-01,2994334.1099398434
2024-06-02,2379937.4214367014
2024-06-03,3009712.657860756
2024-06-04,2486356.8294215496
2024-06-05,4020712.746428923
2024-06-06,4660707.067608588
2024-06-07,21675284.51179206
2024-06-08,10780098.081763737
2024-06-09,5125796.405336908
2024-06-10,4568842.359503764
2024-06-11,2984477.639063664
2024-06-12,3178492.669039135
2024-06-13,3837831.8001808445
2024-06-14,3462001.2172131063
2024-06-15,2979755.773074092
2024-06-16,2463638.9465900753
2024-06-17,1819237.3324352026
2024-06-18,2426927.8153151087
2024-06-19,2105382.07500812
2024-06-20,2080142.9717242946
2024-06-21,1766218.221355726
2024-06-22,1335809.5953222308
2024-06-23,939667.627850858
2024-06-24,1187143.7402976102
2024-06-25,1352140.0035545
2024-06-26,1295962.8893145584
2024-06-27,1114444.193829369
2024-06-28,1097772.4322882185
2024-06-29,986443.2214762353
2024-06-30,841956.8035040288
2024-07-01,1153052.9830356406
2024-07-02,1068975.0396759515
2024-07-03,973305.2782133287
2024-07-04,965299.2577650191
2024-07-05,835248.1869223651
2024-07-06,903397.5290299352
2024-07-07,688619.6723088429
2024-07-08,837696.5147731204
2024-07-09,766371.253352566
2024-07-10,931706.5269152065
2024-07-11,712620.7609973145
2024-07-12,712475.7561669021
2024-07-13,1149165.2203421115
2024-07-14,806348.7678056478
2024-07-15,855977.654830453
2024-07-16,802129.8433315606
2024-07-17,900096.9877977266
2024-07-18,642975.4972712887
2024-07-19,809367.2248364303
2024-07-20,684369.68647486
2024-07-21,671755.7287093945
2024-07-22,927433.4400715943
2024-07-23,740093.3770280659
2024-07-24,669731.0015407435
2024-07-25,702189.8029663579
2024-07-26,704723.7642772278
2024-07-27,695785.0231275187
2024-07-28,556759.399766533
2024-07-29,725593.223648154
2024-07-30,643271.4379935545
2024-07-31,686410.514594477
2024-08-01,616034.9388832018
2024-08-02,538393.2540652647
2024-08-03,499747.96925996826
2024-08-04,422592.0124213163
2024-08-05,499030.52506172116
2024-08-06,459015.03234603425
2024-08-07,433513.32524707797
2024-08-08,557103.5891589564
2024-08-09,524409.2553629432
2024-08-10,411454.983111233
2024-08-11,387209.1567294675
2024-08-12,491412.7398174547
2024-08-13,488387.9719194602
2024-08-14,468191.6745499096
2024-08-15,496542.92598949483
2024-08-16,523508.90670761006
2024-08-17,430446.1577949817
2024-08-18,421910.3714805475
2024-08-19,528353.0201495937
2024-08-20,588646.9744279679
2024-08-21,518453.0379856659
2024-08-22,6054753.712223463
2024-08-23,628762.4913120577
2024-08-24,481471.5955122908
2024-08-25,451732.12062164734
2024-08-26,534774.4573154928
2024-08-27,463653.58155607036
2024-08-28,455186.98836215853
2024-08-29,486476.4314764644
2024-08-30,474040.97130308533
2024-08-31,372963.01215069793
2024-09-01,370407.73961021134
2024-09-02,449816.2302895542
2024-09-03,487159.22253484704
2024-09-04,450662.2304286247
2024-09-05,602966.3662978716
2024-09-06,410943.3716544669
2024-09-07,354816.8691747635
2024-09-08,346516.4420241374
2024-09-09,393779.18548067077
2024-09-10,401161.2287265451
2024-09-11,381146.9054493795
2024-09-12,484120.4843257248
2024-09-13,454384.4689892075
2024-09-14,395935.42949754396
2024-09-15,374689.6535727463
2024-09-16,377389.00045607146
2024-09-17,497287.65819056006
2024-09-18,431285.59725008975
2024-09-19,625882.2219219847
2024-09-20,600555.3257627584
2024-09-21,385323.5399547775
2024-09-22,336452.8814682274
2024-09-23,489976.7308951804
2024-09-24,448593.72588996124
2024-09-25,419891.28725684655
2024-09-26,555619.8853854708
2024-09-27,728398.698962263
2024-09-28,663139.4497988467
2024-09-29,494625.54117485526
2024-09-30,463565.7213907063
2024-10-01,481267.35269894183
2024-10-02,416500.71921864693
2024-10-03,463892.8028336084
2024-10-04,444325.68332884525
2024-10-05,750800.6318862704
2024-10-06,612966.9419711735
2024-10-07,790927.9990220983
2024-10-08,1044886.3280514632
2024-10-09,922727.7387102813
2024-10-10,1520001.0257941647
2024-10-11,2785881.0157071664
2024-10-12,2832078.197113123
2024-10-13,1553108.1362476777
2024-10-14,1693134.8182810643
2024-10-15,1728179.5811406549
2024-10-16,3442627.5406083134
2024-10-17,4134314.831660403
2024-10-18,1718442.1998458963
2024-10-19,1066856.9277826848
2024-10-20,933366.4685211602
2024-10-21,1180591.3098423497
2024-10-22,1730011.0231531095
2024-10-23,1589093.3113894784
2024-10-24,3241409.3761171363
2024-10-25,2442396.556766687
2024-10-26,706134.0930022387
2024-10-27,559731.3397384766
2024-10-28,530822.7135825044
2024-10-29,835775.0102393855
2024-10-30,678728.557116137
2024-10-31,4615826.215456576
2024-11-01,577683.3089419396
2024-11-02,492919.05597257125
2024-11-03,367872.39084202965
2024-11-04,426586.6941629425
2024-11-05,450609.10145963746
2024-11-06,626219.6655610395
2024-11-07,504898.72497717984
2024-11-08,609094.4510285225
2024-11-09,1011351.9809642051
2024-11-10,871771.0753600274
2024-11-11,1348795.9995572953
2024-11-12,1764238.1403097017
2024-11-13,2075299.1366201786
2024-11-14,2158662.102329606
2024-11-15,3767174.218688749
2024-11-16,1652644.2873658931
2024-11-17,850684.940685745
2024-11-18,1586460.1723975227
2024-11-19,2253392.028175056
2024-11-20,2003397.634462207
2024-11-21,2255954.839467986
2024-11-22,1861682.5091823174
2024-11-23,1347854.3499337991
2024-11-24,920704.8089297764
2024-11-25,1065093.3050675804
2024-11-26,1581985.596862798
2024-11-27,960138.6446763879
2024-11-28,1315714.8168319075
2024-11-29,1273129.0742129725
2024-11-30,976957.2425002719
2024-12-01,1964473.4775577616
2024-12-02,1838974.131260523
2024-12-03,1485489.5327241179
2024-12-04,1171483.5877792316
2024-12-05,1388546.4636243419
2024-12-06,1420144.0865903674
2024-12-07,1902298.8261100072
2024-12-08,1540643.5372366963
2024-12-09,1554773.6996401513
2024-12-10,1534700.7483780514
2024-12-11,1914703.7564312364
2024-12-12,1968875.6445798778
2024-12-13,1462286.3329310387
2024-12-14,1215729.658012991
2024-12-15,1001767.7925950193
2024-12-16,1307636.733136723
2024-12-17,1350632.2385515585
2024-12-18,1316002.7610798078
2024-12-19,2238124.813997556
2024-12-20,1483540.5330741243
2024-12-21,1039752.4089180666
2024-12-22,787856.3202226415
2024-12-23,1025520.3971278075
2024-12-24,944686.0046123359
2024-12-25,764343.5841629426
2024-12-26,738994.9964338344
2024-12-27,650691.5466890371
2024-12-28,538775.4356406381
2024-12-29,605547.3844575981
2024-12-30,655190.5241725171
2024-12-31,553695.4346538442
2025-01-01,449236.72549026046
2025-01-02,537632.9768720903
2025-01-03,601462.8522941043
2025-01-04,582743.6101551824
2025-01-05,581263.6189332631
2025-01-06,676409.4743296589
2025-01-07,704039.200928364
2025-01-08,719910.0662787157
2025-01-09,674824.6609136891
2025-01-10,653459.3346072446
2025-01-11,515467.2170638653
2025-01-12,462301.1639203278
2025-01-13,734643.1191564221
2025-01-14,632086.6636608487
2025-01-15,753602.0046666404
2025-01-16,735149.1840913247
2025-01-17,937021.0624787952
2025-01-18,643991.8626950014
2025-01-19,656554.390211312
2025-01-20,1258958.068201448
2025-01-21,1085944.927337479
2025-01-22,794752.7949663759
2025-01-23,707727.2290030437
2025-01-24,677884.5472413623
2025-01-25,569455.2448196295
2025-01-26,430501.4781192458
2025-01-27,625693.2851576781
2025-01-28,478646.5000683235
2025-01-29,500430.1191701405
2025-01-30,520865.4982590722
2025-01-31,506121.8918568267
2025-02-01,480590.28633785713
2025-02-02,445303.7402049206
2025-02-03,619758.757991205
2025-02-04,496282.1491315664
2025-02-05,529568.2557987979
2025-02-06,512572.14151915244
2025-02-07,516770.4202002092
2025-02-08,436457.47350835195
2025-02-09,337305.05815106427
2025-02-10,446225.33720816445
2025-02-11,503429.6177914153
2025-02-12,453646.6072491523
2025-02-13,548138.6259297407
2025-02-14,462506.06077026733
2025-02-15,370532.97843273287
2025-02-16,415197.5652811823
2025-02-17,591080.1954308181
2025-02-18,449117.7518099737
2025-02-19,495047.70340769505
2025-02-20,526021.7998915095
2025-02-21,543901.5375029102
2025-02-22,615303.5717153164
2025-02-23,1108148.3072277498
2025-02-24,1267970.4198916322
2025-02-25,1011594.8883815988
2025-02-26,914871.3498976347
2025-02-27,710498.5219220424
2025-02-28,553478.3622083014
2025-03-01,499775.2697428657
2025-03-02,522503.35190628644
2025-03-03,522257.1809828033
2025-03-04,458144.78119883395
2025-03-05,438525.2958620839
2025-03-06,465839.0104062762
2025-03-07,492609.9661523496
2025-03-08,374766.86413443665
2025-03-09,356195.0043304099
2025-03-10,419109.56323490187
2025-03-11,499545.04824596894
2025-03-12,435597.5289736051
2025-03-13,450882.9937090514
2025-03-14,457439.3839140242
2025-03-15,416270.43078761076
2025-03-16,340378.65451672155
2025-03-17,393887.1403303236
2025-03-18,373076.1978008455
2025-03-19,459117.88146911305
2025-03-20,461057.0312231195
2025-03-21,424014.1041178173
2025-03-22,821916.455354663
2025-03-23,512877.62327054783
2025-03-24,538876.7077623397
2025-03-25,1146927.6019866613
2025-03-26,841769.9081149963
2025-03-27,461220.9341708731
2025-03-28,515863.8447729814
2025-03-29,347542.5062148618
2025-03-30,259293.63205659474
2025-03-31,404845.29913790035
2025-04-01,371117.71840211155
2025-04-02,365884.93063157995
2025-04-03,480806.03501467116
2025-04-04,465791.631226295
2025-04-05,360752.6828787725
2025-04-06,337602.69544471917
2025-04-07,522026.8489820277
2025-04-08,601494.0507672279
2025-04-09,464392.5777119859
2025-04-10,417144.03972801374
2025-04-11,640612.8656553593
2025-04-12,462532.02924103633
2025-04-13,354640.5075156912
2025-04-14,535302.1095292009
2025-04-15,475267.36445061374
2025-04-16,493588.6431486229
2025-04-17,510597.0032071637
2025-04-18,446950.3554317722
2025-04-19,542991.2513143887
2025-04-20,466251.09558779234
2025-04-21,573710.2655147455
2025-04-22,587347.6741572701
2025-04-23,1056941.2638782333
2025-04-24,842209.0947289881
2025-04-25,579123.2868420649
2025-04-26,417498.24973928864
2025-04-27,486145.0910223006
2025-04-28,629843.8297031035
2025-04-29,582006.0454001891
2025-04-30,621234.0666102963
2025-05-01,531532.9348877233
2025-05-02,540434.9838316642
2025-05-03,380371.88345859887
2025-05-04,320938.54614155006
2025-05-05,484146.37411456264
2025-05-06,506467.8154348408
2025-05-07,645102.1943821688
2025-05-08,674278.0650841587
2025-05-09,707053.1410866241
2025-05-10,464308.8746139177
2025-05-11,356583.7362034106
2025-05-12,1331868.6577247344
2025-05-13,653420.6164253857
2025-05-14,746883.775159765
2025-05-15,563128.0583615854
2025-05-16,1266000.7896524095
2025-05-17,742686.9775702637
2025-05-18,628086.6925421178
2025-05-19,726649.8932317902
2025-05-20,792551.1262147338
2025-05-21,866284.4093575556
2025-05-22,885116.9535282971
2025-05-23,652081.3750015202
2025-05-24,563490.5985146553
2025-05-25,444049.4146763503
2025-05-26,562263.9553019287
2025-05-27,619426.8301696756
2025-05-28,866698.2662975289
2025-05-29,557804.426833563
2025-05-30,615887.4320801583
2025-05-31,421975.23093065294
2025-06-01,367681.10608867684
2025-06-02,505627.0628052197
2025-06-03,507087.88792008796
2025-06-04,494528.7247510008
2025-06-05,495655.07681529725
2025-06-06,462810.0894223265
2025-06-07,346992.2064175797
2025-06-08,334746.92596984725
2025-06-09,551772.8032539773
2025-06-10,589389.386484601
2025-06-11,517813.64712277014
2025-06-12,515288.5150429823
2025-06-13,692272.2621260134
2025-06-14,322671.37333028304
2025-06-15,277543.87036722497
2025-06-16,525678.4805060652
2025-06-17,655199.5826693755
2025-06-18,728006.9839162875
2025-06-19,531508.9161182622
2025-06-20,544171.3020688089
2025-06-21,357197.76398753346
2025-06-22,280430.4956528151
2025-06-23,516193.1936698844
2025-06-24,652746.7386455421
2025-06-25,516479.8296586974
2025-06-26,810364.2638159023
2025-06-27,475954.5248058098
2025-06-28,413438.40904669545
2025-06-29,309624.4048512869
2025-06-30,453061.6730562157
2025-07-01,442369.55605141044
2025-07-02,487558.3014545642
2025-07-03,465876.54137360345
2025-07-04,364210.0624853785
2025-07-05,332438.7346036184
2025-07-06,438442.7315107873
2025-07-07,437819.59337690676
2025-07-08,495315.10616419784
2025-07-09,550813.1944773064
2025-07-10,576624.9073113576
2025-07-11,648657.2538972304
2025-07-12,469440.9202598431
2025-07-13,491845.55398512667
2025-07-14,688640.0020069468
2025-07-15,491214.1959073278
2025-07-16,539036.8838092333
2025-07-17,755991.516351874
2025-07-18,544570.1877082521
2025-07-19,512686.73063768836
2025-07-20,370495.4240022382
2025-07-21,500972.0054148399
2025-07-22,520707.0821086488
2025-07-23,497365.0255131247
2025-07-24,1162378.874240858
2025-07-25,623543.0935498705
2025-07-26,498458.61595790205
2025-07-27,491970.8513625826
2025-07-28,496548.5006407838
2025-07-29,597815.0367633961
2025-07-30,494101.7557518362
2025-07-31,459325.41025638056
2025-08-01,617238.6291801931
2025-08-02,461748.3040354975
2025-08-03,335790.53674190765
2025-08-04,383738.96951552684
2025-08-05,419311.328886446
2025-08-06,676229.175263973
2025-08-07,610618.5256417213
2025-08-08,660592.2242737764
2025-08-09,523669.0416203159
2025-08-10,369461.75445862993
2025-08-11,529010.88993604
2025-08-12,507054.10693819996
2025-08-13,536479.76039034
2025-08-14,516251.4313524299
2025-08-15,423368.7958737
2025-08-16,352890.39201507013
2025-08-17,293230.99397061
2025-08-18,390454.9790418
2025-08-19,372377.0402331801
2025-08-20,388320.32044452004
2025-08-21,347913.07538364
2025-08-22,401861.00363605004
2025-08-23,313161.8929413801
2025-08-24,252617.88833324998
2025-08-25,318615.78894152003
2025-08-26,353926.03060705995
2025-08-27,412146.1777282801
2025-08-28,363188.03119137004
2025-08-29,379065.74663828005
2025-08-30,350432.28691328
2025-08-31,324749.37423998
2025-09-01,1040827.7421146198
2025-09-02,553456.9667676
2025-09-03,696117.55395336
2025-09-04,545468.0529826501
2025-09-05,647310.57887277
2025-09-06,384430.6863330699
2025-09-07,362491.2717782399
2025-09-08,449728.36641881993
2025-09-09,518767.54200629995
2025-09-10,460037.71990625
2025-09-11,456046.4193446
2025-09-12,561060.1345911701
2025-09-13,494381.81507088
2025-09-14,359456.3193134
2025-09-15,509555.06474654016
2025-09-16,486263.77987200004
2025-09-17,528111.5335815599
2025-09-18,429623.43774408
2025-09-19,424941.1307976009
2025-09-20,380637.32399395923
2025-09-21,346378.0985878705
2025-09-22,381391.921753715
2025-09-23,312913.3071831592
2025-09-24,326170.61779585545
2025-09-25,357259.7646792023
2025-09-26,444784.3394672734
2025-09-27,281372.58502007276
2025-09-28,246187.4161324257
2025-09-29,380323.61091729195
2025-09-30,360140.92160059296
2025-10-01,430709.8044962274
2025-10-02,499432.4222390477
2025-10-03,627411.8296611498
2025-10-04,485704.36289686576
2025-10-05,332646.6770189245
2025-10-06,550736.6799909292
2025-10-07,491419.6507298811
2025-10-08,416824.25711572217
2025-10-09,462039.5732138747
2025-10-10,456178.5269842622
2025-10-11,399027.92843217956
2025-10-12,280892.7914367547
2025-10-13,330759.28984283115
2025-10-14,308784.8478824982
2025-10-15,328570.57443890226
2025-10-16,342392.33852512785
2025-10-17,391194.5575839729
2025-10-18,273736.1163742835
2025-10-19,242427.1616980539
2025-10-20,324177.43261635455
2025-10-21,320278.09648105205
2025-10-22,311633.7290951757
2025-10-23,295172.28207614535
2025-10-24,322489.9739306363
2025-10-25,242226.4843983652
2025-10-26,233189.84524662647
2025-10-27,322175.4700514916
2025-10-28,331608.5249670159
2025-10-29,287046.08974521485
2025-10-30,310380.13468337327
2025-10-31,380547.39520275436
2025-11-01,271634.44774348626
2025-11-02,231150.0177600283
2025-11-03,332896.16696995555
2025-11-04,402014.2233808701
2025-11-05,434577.58273364697
2025-11-06,337253.51061085495
2025-11-07,348825.95072499075
2025-11-08,266998.3000566123
2025-11-09,240279.9224988759
2025-11-10,408798.642681583
2025-11-11,276953.58808696317
2025-11-12,264760.4384409223
2025-11-13,295506.9302842678
2025-11-14,324539.3840196812
2025-11-15,245165.39687463
2025-11-16,246177.03366484336
2025-11-17,411923.4967956855
2025-11-18,345826.5900371721
2025-11-19,304192.1222422463
2025-11-20,274980.6690949903
2025-11-21,309464.1010205813
2025-11-22,249601.99191099143
2025-11-23,201391.70078982168
2025-11-24,227945.67716321556
2025-11-25,274126.6381204494
2025-11-26,262122.56224098327
2025-11-27,266721.2669670513
2025-11-28,261001.4709289244
2025-11-29,202667.50327185972
2025-11-30,192848.83858643915
2025-12-01,353798.05276879907
2025-12-02,356301.3545379927
2025-12-03,333718.1949171192
2025-12-04,297356.5174439316
2025-12-05,319059.509242059
2025-12-06,214702.19189062624
2025-12-07,179517.0052167553
2025-12-08,236555.43197613294
2025-12-09,276350.53039460245
2025-12-10,247438.95166881528
2025-12-11,244873.39512207455
2025-12-12,256243.27760232196
2025-12-13,197359.19644687578
2025-12-14,170326.08250458172
2025-12-15,240116.6345502556
2025-12-16,238999.0715037613
2025-12-17,242098.80379896797
2025-12-18,234277.27178372108
2025-12-19,289075.9132485528
2025-12-20,193364.2169915261
2025-12-21,166465.02891289486
2025-12-22,225658.08809995247
2025-12-23,223047.51416188016
2025-12-24,239854.85463861184
2025-12-25,182113.9510211027
2025-12-26,206554.08247024321
2025-12-27,186030.7426317113
2025-12-28,187660.6824802303
2025-12-29,239228.85145868856
2025-12-30,262834.1564746798
2025-12-31,276151.29560645384
2026-01-01,198271.4539378443
2026-01-02,241564.14839576982
2026-01-03,237380.49393686655
2026-01-04,218945.56133163164
2026-01-05,261817.50233185265
2026-01-06,258930.88570714206
2026-01-07,237168.65292029444
2026-01-08,229954.4645619447
2026-01-09,236309.9468055081
2026-01-10,184118.1326110824
2026-01-11,174366.56196717988
2026-01-12,216314.17254112885
2026-01-13,281149.02496578306
2026-01-14,298093.5449324244
2026-01-15,310868.80021492677
2026-01-16,316886.9800915963
2026-01-17,222457.21784130478
2026-01-18,174777.6989001385
2026-01-19,211281.31515647616
2026-01-20,242161.2720584207
2026-01-21,239962.2098180157
2026-01-22,204523.12854016013
2026-01-23,224758.31732507958
2026-01-24,179721.07446569018
2026-01-25,166856.96289120964
2026-01-26,209910.5616052208
2026-01-27,205536.81721642107
2026-01-28,255976.18475225926
2026-01-29,231704.04133000568
2026-01-30,281927.0924544055
2026-01-31,239379.18308642236
2026-02-01,194003.7344565963
2026-02-02,269215.4409979222
2026-02-03,249238.28853960655
2026-02-04,235439.18294164175
2026-02-05,351530.31317600154
2026-02-06,440129.10202628677
2026-02-07,191805.85950208554
2026-02-08,157458.83841097026
2026-02-09,204926.53791536216
2026-02-10,178549.77775150738
2026-02-11,196511.9069001759
2026-02-12,168886.70384996594
2026-02-13,190305.85719188862
2026-02-14,152307.38946571178
2026-02-15,127224.84277063498
2026-02-16,152721.4562512464
2026-02-17,154567.04089290925
2026-02-18,153273.85639477492
2026-02-19,157785.2098777861
2026-02-20,176092.86677410078
2026-02-21,146808.17652481576
2026-02-22,126999.27008174938
2026-02-23,168217.2301157962
2026-02-24,172718.45806097955
2026-02-25,198028.67485986958
2026-02-26,231477.0125738048
2026-02-27,198678.7287674141
2026-02-28,169366.3497115494
2026-03-01,167753.4511047499
2026-03-02,183096.14002464508
2026-03-03,184812.71119435268
2026-03-04,220236.02271157785
2026-03-05,195204.17304991122
2026-03-06,199467.95925486775
2026-03-07,148795.0399475402
2026-03-08,129706.32728016112
2026-03-09,172288.39617370837
2026-03-10,188491.15112043743
2026-03-11,196553.7755759235
2026-03-12,189923.4951134573
2026-03-13,237487.53341588014
2026-03-14,146287.19464179405
2026-03-15,143093.23772317267
2026-03-16,190349.8312611857
2026-03-17,227611.64773972688
2026-03-18,186518.91578146184
2026-03-19,206087.20444013207
2026-03-20,192115.96069389372
2026-03-21,184468.00216660902
2026-03-22,140736.65677661312
2026-03-23,173721.44498470827
2026-03-24,176312.52204046774
2026-03-25,189135.30309480027
2026-03-26,162908.1901165431
2026-03-27,177301.5237908352
2026-03-28,123664.19246700902
2026-03-29,107813.44219664668
2026-03-30,166733.24061593178
2026-03-31,168679.27400563873
2026-04-01,173761.82857087755
2026-04-02,170373.18939251362
2026-04-03,175018.13962793341
2026-04-04,137936.57647083385
2026-04-05,111231.01693219955
2026-04-06,149825.70107650114
2026-04-07,169926.98114569034
2026-04-08,173766.91013396106
2026-04-09,172236.03398795245
2026-04-10,195026.3419241571
2026-04-11,144649.40797668873
2026-04-12,124740.39351134925
2026-04-13,172472.1603593698
2026-04-14,187282.0258626323
2026-04-15,202602.43470970695
2026-04-16,194763.92232657765
2026-04-17,269454.3446930935
2026-04-18,159491.10313420638
2026-04-19,130058.91832896946
2026-04-20,199712.9009794746
2026-04-21,187714.52578280566
2026-04-22,258029.71870290273
2026-04-23,216151.75500770443
2026-04-24,191176.5237458628
2026-04-25,153262.12509900756
2026-04-26,138213.70574925368
2026-04-27,177635.51343445724
2026-04-28,202302.67890457297
2026-04-29,218613.93944876132
2026-04-30,302996.98447711533
2026-05-01,259994.38012816128
2026-05-02,189625.62159620316
2026-05-03,157613.11437669003
