date,gross_emissions_native
2018-01-01,1950.0
2018-01-02,2137.5
2018-01-03,1962.5
2018-01-04,2100.0
2018-01-05,1787.5
2018-01-06,2100.0
2018-01-07,2025.0
2018-01-08,2075.0
2018-01-09,2050.0
2018-01-10,2075.0
2018-01-11,2412.5
2018-01-12,2225.0
2018-01-13,1862.5
2018-01-14,1937.5
2018-01-15,1875.0
2018-01-16,1987.5
2018-01-17,2087.5
2018-01-18,2162.5
2018-01-19,2062.5
2018-01-20,2225.0
2018-01-21,2337.5
2018-01-22,2087.5
2018-01-23,2212.5
2018-01-24,2200.0
2018-01-25,1975.0
2018-01-26,1937.5
2018-01-27,1962.5
2018-01-28,1975.0
2018-01-29,1850.0
2018-01-30,2087.5
2018-01-31,1462.5
2018-02-01,2000.0
2018-02-02,2100.0
2018-02-03,1975.0
2018-02-04,2225.0
2018-02-05,2312.5
2018-02-06,2125.0
2018-02-07,1762.5
2018-02-08,1637.5
2018-02-09,1687.5
2018-02-10,1787.5
2018-02-11,1887.5
2018-02-12,2075.0
2018-02-13,2050.0
2018-02-14,2237.5
2018-02-15,1637.5
2018-02-16,1962.5
2018-02-17,1862.5
2018-02-18,2025.0
2018-02-19,2025.0
2018-02-20,1762.5
2018-02-21,2112.5
2018-02-22,1862.5
2018-02-23,1850.0
2018-02-24,1812.5
2018-02-25,2137.5
2018-02-26,1762.5
2018-02-27,2000.0
2018-02-28,1937.5
2018-03-01,2062.5
2018-03-02,1950.0
2018-03-03,2250.0
2018-03-04,1850.0
2018-03-05,1862.5
2018-03-06,1950.0
2018-03-07,1962.5
2018-03-08,2025.0
2018-03-09,1825.0
2018-03-10,1750.0
2018-03-11,1912.5
2018-03-12,2012.5
2018-03-13,1975.0
2018-03-14,1800.0
2018-03-15,1800.0
2018-03-16,1950.0
2018-03-17,1862.5
2018-03-18,1887.5
2018-03-19,1937.5
2018-03-20,1587.5
2018-03-21,1900.0
2018-03-22,1787.5
2018-03-23,1662.5
2018-03-24,1950.0
2018-03-25,1687.5
2018-03-26,1875.0
2018-03-27,1900.0
2018-03-28,1687.5
2018-03-29,1900.0
2018-03-30,2025.0
2018-03-31,1600.0
2018-04-01,2025.0
2018-04-02,1950.0
2018-04-03,2037.5
2018-04-04,1837.5
2018-04-05,1950.0
2018-04-06,1725.0
2018-04-07,2250.0
2018-04-08,2012.5
2018-04-09,1837.5
2018-04-10,2050.0
2018-04-11,2012.5
2018-04-12,1925.0
2018-04-13,2062.5
2018-04-14,1712.5
2018-04-15,2037.5
2018-04-16,1762.5
2018-04-17,2025.0
2018-04-18,2000.0
2018-04-19,2225.0
2018-04-20,1712.5
2018-04-21,1987.5
2018-04-22,2000.0
2018-04-23,1912.5
2018-04-24,1987.5
2018-04-25,1537.5
2018-04-26,1762.5
2018-04-27,1775.0
2018-04-28,1600.0
2018-04-29,1975.0
2018-04-30,1937.5
2018-05-01,1975.0
2018-05-02,1750.0
2018-05-03,1887.5
2018-05-04,1725.0
2018-05-05,2012.5
2018-05-06,1712.5
2018-05-07,1875.0
2018-05-08,1737.5
2018-05-09,2000.0
2018-05-10,1925.0
2018-05-11,1587.5
2018-05-12,2062.5
2018-05-13,1850.0
2018-05-14,1650.0
2018-05-15,1825.0
2018-05-16,2237.5
2018-05-17,1650.0
2018-05-18,1850.0
2018-05-19,1925.0
2018-05-20,1800.0
2018-05-21,1962.5
2018-05-22,1887.5
2018-05-23,2025.0
2018-05-24,1787.5
2018-05-25,2200.0
2018-05-26,2025.0
2018-05-27,2050.0
2018-05-28,1950.0
2018-05-29,1737.5
2018-05-30,2175.0
2018-05-31,2125.0
2018-06-01,2075.0
2018-06-02,1900.0
2018-06-03,2037.5
2018-06-04,2287.5
2018-06-05,2187.5
2018-06-06,1837.5
2018-06-07,1787.5
2018-06-08,1812.5
2018-06-09,1787.5
2018-06-10,1587.5
2018-06-11,1750.0
2018-06-12,1812.5
2018-06-13,1787.5
2018-06-14,1912.5
2018-06-15,1912.5
2018-06-16,2075.0
2018-06-17,1962.5
2018-06-18,2050.0
2018-06-19,1937.5
2018-06-20,1937.5
2018-06-21,2125.0
2018-06-22,1887.5
2018-06-23,2000.0
2018-06-24,2137.5
2018-06-25,1962.5
2018-06-26,1825.0
2018-06-27,1512.5
2018-06-28,1962.5
2018-06-29,1887.5
2018-06-30,1762.5
2018-07-01,1837.5
2018-07-02,1762.5
2018-07-03,1450.0
2018-07-04,1675.0
2018-07-05,1712.5
2018-07-06,2000.0
2018-07-07,1950.0
2018-07-08,1975.0
2018-07-09,1700.0
2018-07-10,1862.5
2018-07-11,1687.5
2018-07-12,1762.5
2018-07-13,1787.5
2018-07-14,1662.5
2018-07-15,1662.5
2018-07-16,1500.0
2018-07-17,1987.5
2018-07-18,2175.0
2018-07-19,2137.5
2018-07-20,1925.0
2018-07-21,1712.5
2018-07-22,2275.0
2018-07-23,2075.0
2018-07-24,1987.5
2018-07-25,2212.5
2018-07-26,2062.5
2018-07-27,2087.5
2018-07-28,1812.5
2018-07-29,2125.0
2018-07-30,1675.0
2018-07-31,1837.5
2018-08-01,1875.0
2018-08-02,1912.5
2018-08-03,2075.0
2018-08-04,2200.0
2018-08-05,2000.0
2018-08-06,1637.5
2018-08-07,1887.5
2018-08-08,1962.5
2018-08-09,1862.5
2018-08-10,2200.0
2018-08-11,2125.0
2018-08-12,1937.5
2018-08-13,1875.0
2018-08-14,1700.0
2018-08-15,2012.5
2018-08-16,1975.0
2018-08-17,1900.0
2018-08-18,2000.0
2018-08-19,1812.5
2018-08-20,1875.0
2018-08-21,1850.0
2018-08-22,2000.0
2018-08-23,1862.5
2018-08-24,1825.0
2018-08-25,1687.5
2018-08-26,2162.5
2018-08-27,2312.5
2018-08-28,1912.5
2018-08-29,1737.5
2018-08-30,1925.0
2018-08-31,1937.5
2018-09-01,1887.5
2018-09-02,1800.0
2018-09-03,1800.0
2018-09-04,1575.0
2018-09-05,1650.0
2018-09-06,1875.0
2018-09-07,1900.0
2018-09-08,1875.0
2018-09-09,2037.5
2018-09-10,1687.5
2018-09-11,1762.5
2018-09-12,2100.0
2018-09-13,1850.0
2018-09-14,1650.0
2018-09-15,1750.0
2018-09-16,1737.5
2018-09-17,1687.5
2018-09-18,1775.0
2018-09-19,1950.0
2018-09-20,1925.0
2018-09-21,1800.0
2018-09-22,1937.5
2018-09-23,1875.0
2018-09-24,1850.0
2018-09-25,2112.5
2018-09-26,1737.5
2018-09-27,1787.5
2018-09-28,1925.0
2018-09-29,1900.0
2018-09-30,2037.5
2018-10-01,1975.0
2018-10-02,1712.5
2018-10-03,1812.5
2018-10-04,1875.0
2018-10-05,1625.0
2018-10-06,1562.5
2018-10-07,1775.0
2018-10-08,1687.5
2018-10-09,1625.0
2018-10-10,1800.0
2018-10-11,1987.5
2018-10-12,1650.0
2018-10-13,1762.5
2018-10-14,1425.0
2018-10-15,2025.0
2018-10-16,1687.5
2018-10-17,1725.0
2018-10-18,1725.0
2018-10-19,1775.0
2018-10-20,1787.5
2018-10-21,1725.0
2018-10-22,1937.5
2018-10-23,1925.0
2018-10-24,1412.5
2018-10-25,1712.5
2018-10-26,1787.5
2018-10-27,1700.0
2018-10-28,1750.0
2018-10-29,1825.0
2018-10-30,1925.0
2018-10-31,2037.5
2018-11-01,1925.0
2018-11-02,1787.5
2018-11-03,2012.5
2018-11-04,1537.5
2018-11-05,1800.0
2018-11-06,1600.0
2018-11-07,1625.0
2018-11-08,1512.5
2018-11-09,1587.5
2018-11-10,1637.5
2018-11-11,1825.0
2018-11-12,1750.0
2018-11-13,1500.0
2018-11-14,1687.5
2018-11-15,1587.5
2018-11-16,1575.0
2018-11-17,1812.5
2018-11-18,1537.5
2018-11-19,1575.0
2018-11-20,1650.0
2018-11-21,1312.5
2018-11-22,1525.0
2018-11-23,1562.5
2018-11-24,1787.5
2018-11-25,1587.5
2018-11-26,1387.5
2018-11-27,1637.5
2018-11-28,1475.0
2018-11-29,1312.5
2018-11-30,1262.5
2018-12-01,1550.0
2018-12-02,1425.0
2018-12-03,1425.0
2018-12-04,1725.0
2018-12-05,1625.0
2018-12-06,1687.5
2018-12-07,1425.0
2018-12-08,1587.5
2018-12-09,1600.0
2018-12-10,1550.0
2018-12-11,1562.5
2018-12-12,1500.0
2018-12-13,1637.5
2018-12-14,1825.0
2018-12-15,1862.5
2018-12-16,1437.5
2018-12-17,2000.0
2018-12-18,1600.0
2018-12-19,1862.5
2018-12-20,1687.5
2018-12-21,1750.0
2018-12-22,2187.5
2018-12-23,2200.0
2018-12-24,1900.0
2018-12-25,1987.5
2018-12-26,1962.5
2018-12-27,2175.0
2018-12-28,2087.5
2018-12-29,1725.0
2018-12-30,2200.0
2018-12-31,1937.5
2019-01-01,1862.5
2019-01-02,1887.5
2019-01-03,1937.5
2019-01-04,1862.5
2019-01-05,2037.5
2019-01-06,1762.5
2019-01-07,1762.5
2019-01-08,2112.5
2019-01-09,2050.0
2019-01-10,1950.0
2019-01-11,1850.0
2019-01-12,1725.0
2019-01-13,1712.5
2019-01-14,1862.5
2019-01-15,1650.0
2019-01-16,1662.5
2019-01-17,1587.5
2019-01-18,1725.0
2019-01-19,1662.5
2019-01-20,1962.5
2019-01-21,1875.0
2019-01-22,1625.0
2019-01-23,1825.0
2019-01-24,2025.0
2019-01-25,1725.0
2019-01-26,1875.0
2019-01-27,1712.5
2019-01-28,1812.5
2019-01-29,1825.0
2019-01-30,1700.0
2019-01-31,1937.5
2019-02-01,1975.0
2019-02-02,1800.0
2019-02-03,1725.0
2019-02-04,1837.5
2019-02-05,1837.5
2019-02-06,2050.0
2019-02-07,2175.0
2019-02-08,2037.5
2019-02-09,1875.0
2019-02-10,1750.0
2019-02-11,1812.5
2019-02-12,1600.0
2019-02-13,1912.5
2019-02-14,1762.5
2019-02-15,1587.5
2019-02-16,1875.0
2019-02-17,1987.5
2019-02-18,1937.5
2019-02-19,1950.0
2019-02-20,1625.0
2019-02-21,1487.5
2019-02-22,2025.0
2019-02-23,1787.5
2019-02-24,1712.5
2019-02-25,1787.5
2019-02-26,2012.5
2019-02-27,1762.5
2019-02-28,1875.0
2019-03-01,2025.0
2019-03-02,1650.0
2019-03-03,1825.0
2019-03-04,1712.5
2019-03-05,1862.5
2019-03-06,1600.0
2019-03-07,1775.0
2019-03-08,1825.0
2019-03-09,1725.0
2019-03-10,1700.0
2019-03-11,1775.0
2019-03-12,1787.5
2019-03-13,1687.5
2019-03-14,1937.5
2019-03-15,1912.5
2019-03-16,2037.5
2019-03-17,1825.0
2019-03-18,2012.5
2019-03-19,2175.0
2019-03-20,2012.5
2019-03-21,1787.5
2019-03-22,2012.5
2019-03-23,1812.5
2019-03-24,1875.0
2019-03-25,1850.0
2019-03-26,1675.0
2019-03-27,1862.5
2019-03-28,1825.0
2019-03-29,1837.5
2019-03-30,1737.5
2019-03-31,1737.5
2019-04-01,1700.0
2019-04-02,1962.5
2019-04-03,1775.0
2019-04-04,1750.0
2019-04-05,1975.0
2019-04-06,1737.5
2019-04-07,1762.5
2019-04-08,1850.0
2019-04-09,1650.0
2019-04-10,1850.0
2019-04-11,1962.5
2019-04-12,1887.5
2019-04-13,1687.5
2019-04-14,1525.0
2019-04-15,1812.5
2019-04-16,1812.5
2019-04-17,1725.0
2019-04-18,1862.5
2019-04-19,1900.0
2019-04-20,1637.5
2019-04-21,2025.0
2019-04-22,1675.0
2019-04-23,1450.0
2019-04-24,2037.5
2019-04-25,1787.5
2019-04-26,1887.5
2019-04-27,1712.5
2019-04-28,2037.5
2019-04-29,2037.5
2019-04-30,1750.0
2019-05-01,2137.5
2019-05-02,2300.0
2019-05-03,1900.0
2019-05-04,1650.0
2019-05-05,1612.5
2019-05-06,1887.5
2019-05-07,1587.5
2019-05-08,1900.0
2019-05-09,1875.0
2019-05-10,1562.5
2019-05-11,1625.0
2019-05-12,1975.0
2019-05-13,2087.5
2019-05-14,1900.0
2019-05-15,1862.5
2019-05-16,1825.0
2019-05-17,1887.5
2019-05-18,1912.5
2019-05-19,2037.5
2019-05-20,2012.5
2019-05-21,1912.5
2019-05-22,2087.5
2019-05-23,1975.0
2019-05-24,1912.5
2019-05-25,1750.0
2019-05-26,2062.5
2019-05-27,2087.5
2019-05-28,2050.0
2019-05-29,2175.0
2019-05-30,2000.0
2019-05-31,1462.5
2019-06-01,1887.5
2019-06-02,1637.5
2019-06-03,1487.5
2019-06-04,1925.0
2019-06-05,2000.0
2019-06-06,1962.5
2019-06-07,1975.0
2019-06-08,1550.0
2019-06-09,1837.5
2019-06-10,1962.5
2019-06-11,1787.5
2019-06-12,1637.5
2019-06-13,1887.5
2019-06-14,2112.5
2019-06-15,1825.0
2019-06-16,1625.0
2019-06-17,1662.5
2019-06-18,2037.5
2019-06-19,2212.5
2019-06-20,1800.0
2019-06-21,1662.5
2019-06-22,1762.5
2019-06-23,2262.5
2019-06-24,2212.5
2019-06-25,1825.0
2019-06-26,2062.5
2019-06-27,1775.0
2019-06-28,2037.5
2019-06-29,2175.0
2019-06-30,1900.0
2019-07-01,1787.5
2019-07-02,1975.0
2019-07-03,2150.0
2019-07-04,2087.5
2019-07-05,2362.5
2019-07-06,2225.0
2019-07-07,1912.5
2019-07-08,2225.0
2019-07-09,1925.0
2019-07-10,1612.5
2019-07-11,1612.5
2019-07-12,2050.0
2019-07-13,1762.5
2019-07-14,1812.5
2019-07-15,1825.0
2019-07-16,2025.0
2019-07-17,1662.5
2019-07-18,1512.5
2019-07-19,1475.0
2019-07-20,2212.5
2019-07-21,1862.5
2019-07-22,1975.0
2019-07-23,1787.5
2019-07-24,1737.5
2019-07-25,1875.0
2019-07-26,2075.0
2019-07-27,1900.0
2019-07-28,2187.5
2019-07-29,2100.0
2019-07-30,1775.0
2019-07-31,2137.5
2019-08-01,1775.0
2019-08-02,2112.5
2019-08-03,2162.5
2019-08-04,2087.5
2019-08-05,1787.5
2019-08-06,2012.5
2019-08-07,1912.5
2019-08-08,1775.0
2019-08-09,1837.5
2019-08-10,1887.5
2019-08-11,1912.5
2019-08-12,1662.5
2019-08-13,1962.5
2019-08-14,1900.0
2019-08-15,1962.5
2019-08-16,1837.5
2019-08-17,1600.0
2019-08-18,1575.0
2019-08-19,2037.5
2019-08-20,1912.5
2019-08-21,1700.0
2019-08-22,1762.5
2019-08-23,1912.5
2019-08-24,2000.0
2019-08-25,1937.5
2019-08-26,1712.5
2019-08-27,1687.5
2019-08-28,1887.5
2019-08-29,2062.5
2019-08-30,2000.0
2019-08-31,2075.0
2019-09-01,1787.5
2019-09-02,1862.5
2019-09-03,2050.0
2019-09-04,1700.0
2019-09-05,2062.5
2019-09-06,1975.0
2019-09-07,1875.0
2019-09-08,2212.5
2019-09-09,1825.0
2019-09-10,2275.0
2019-09-11,2300.0
2019-09-12,1975.0
2019-09-13,1875.0
2019-09-14,1937.5
2019-09-15,1837.5
2019-09-16,2037.5
2019-09-17,1850.0
2019-09-18,2175.0
2019-09-19,1850.0
2019-09-20,1887.5
2019-09-21,2075.0
2019-09-22,2075.0
2019-09-23,1425.0
2019-09-24,1962.5
2019-09-25,1950.0
2019-09-26,2137.5
2019-09-27,1650.0
2019-09-28,1987.5
2019-09-29,1700.0
2019-09-30,1625.0
2019-10-01,1787.5
2019-10-02,1850.0
2019-10-03,1837.5
2019-10-04,1837.5
2019-10-05,1975.0
2019-10-06,1862.5
2019-10-07,1937.5
2019-10-08,2025.0
2019-10-09,1725.0
2019-10-10,2025.0
2019-10-11,1950.0
2019-10-12,1662.5
2019-10-13,1775.0
2019-10-14,1687.5
2019-10-15,1912.5
2019-10-16,1787.5
2019-10-17,1875.0
2019-10-18,2000.0
2019-10-19,1775.0
2019-10-20,1825.0
2019-10-21,1987.5
2019-10-22,2112.5
2019-10-23,2100.0
2019-10-24,1662.5
2019-10-25,1725.0
2019-10-26,1750.0
2019-10-27,1437.5
2019-10-28,1675.0
2019-10-29,1662.5
2019-10-30,1675.0
2019-10-31,1650.0
2019-11-01,1625.0
2019-11-02,1675.0
2019-11-03,1725.0
2019-11-04,1650.0
2019-11-05,1800.0
2019-11-06,1650.0
2019-11-07,1687.5
2019-11-08,1600.0
2019-11-09,1800.0
2019-11-10,2075.0
2019-11-11,1887.5
2019-11-12,1687.5
2019-11-13,1687.5
2019-11-14,2112.5
2019-11-15,1975.0
2019-11-16,1850.0
2019-11-17,1925.0
2019-11-18,1750.0
2019-11-19,1837.5
2019-11-20,1775.0
2019-11-21,1712.5
2019-11-22,1650.0
2019-11-23,2162.5
2019-11-24,1637.5
2019-11-25,1562.5
2019-11-26,1525.0
2019-11-27,1737.5
2019-11-28,2037.5
2019-11-29,1700.0
2019-11-30,1575.0
2019-12-01,1737.5
2019-12-02,1812.5
2019-12-03,1975.0
2019-12-04,2087.5
2019-12-05,1812.5
2019-12-06,1812.5
2019-12-07,1937.5
2019-12-08,1850.0
2019-12-09,1850.0
2019-12-10,1850.0
2019-12-11,1650.0
2019-12-12,1662.5
2019-12-13,1900.0
2019-12-14,1887.5
2019-12-15,1550.0
2019-12-16,1962.5
2019-12-17,1762.5
2019-12-18,1675.0
2019-12-19,1962.5
2019-12-20,1950.0
2019-12-21,2200.0
2019-12-22,2112.5
2019-12-23,1787.5
2019-12-24,1562.5
2019-12-25,1600.0
2019-12-26,2087.5
2019-12-27,1812.5
2019-12-28,1862.5
2019-12-29,1937.5
2019-12-30,2075.0
2019-12-31,1812.5
2020-01-01,2175.0
2020-01-02,1762.5
2020-01-03,2112.5
2020-01-04,2100.0
2020-01-05,2037.5
2020-01-06,1687.5
2020-01-07,2200.0
2020-01-08,1775.0
2020-01-09,1962.5
2020-01-10,1862.5
2020-01-11,2037.5
2020-01-12,1887.5
2020-01-13,1787.5
2020-01-14,1812.5
2020-01-15,1887.5
2020-01-16,1987.5
2020-01-17,1987.5
2020-01-18,1650.0
2020-01-19,1875.0
2020-01-20,1900.0
2020-01-21,1912.5
2020-01-22,1950.0
2020-01-23,1987.5
2020-01-24,1900.0
2020-01-25,2050.0
2020-01-26,1787.5
2020-01-27,1612.5
2020-01-28,1775.0
2020-01-29,2000.0
2020-01-30,1950.0
2020-01-31,1800.0
2020-02-01,1887.5
2020-02-02,1787.5
2020-02-03,1850.0
2020-02-04,1650.0
2020-02-05,1987.5
2020-02-06,1687.5
2020-02-07,1737.5
2020-02-08,1737.5
2020-02-09,1912.5
2020-02-10,1525.0
2020-02-11,1850.0
2020-02-12,1775.0
2020-02-13,1762.5
2020-02-14,1687.5
2020-02-15,1775.0
2020-02-16,1775.0
2020-02-17,1962.5
2020-02-18,1875.0
2020-02-19,1762.5
2020-02-20,1575.0
2020-02-21,1925.0
2020-02-22,1850.0
2020-02-23,1775.0
2020-02-24,1762.5
2020-02-25,1800.0
2020-02-26,1700.0
2020-02-27,1837.5
2020-02-28,1975.0
2020-02-29,1737.5
2020-03-01,2212.5
2020-03-02,1862.5
2020-03-03,1912.5
2020-03-04,2087.5
2020-03-05,2037.5
2020-03-06,1937.5
2020-03-07,1962.5
2020-03-08,1975.0
2020-03-09,1875.0
2020-03-10,1650.0
2020-03-11,1487.5
2020-03-12,1887.5
2020-03-13,1562.5
2020-03-14,1600.0
2020-03-15,1487.5
2020-03-16,1487.5
2020-03-17,1537.5
2020-03-18,1250.0
2020-03-19,1337.5
2020-03-20,1362.5
2020-03-21,1550.0
2020-03-22,1587.5
2020-03-23,1400.0
2020-03-24,1650.0
2020-03-25,1150.0
2020-03-26,2000.0
2020-03-27,1937.5
2020-03-28,1687.5
2020-03-29,1887.5
2020-03-30,1837.5
2020-03-31,1987.5
2020-04-01,1912.5
2020-04-02,1912.5
2020-04-03,1650.0
2020-04-04,1962.5
2020-04-05,2187.5
2020-04-06,1600.0
2020-04-07,2100.0
2020-04-08,1800.0
2020-04-09,1925.0
2020-04-10,2037.5
2020-04-11,1987.5
2020-04-12,1912.5
2020-04-13,2137.5
2020-04-14,2100.0
2020-04-15,2112.5
2020-04-16,1925.0
2020-04-17,1587.5
2020-04-18,1975.0
2020-04-19,1900.0
2020-04-20,2012.5
2020-04-21,1862.5
2020-04-22,1637.5
2020-04-23,1775.0
2020-04-24,1800.0
2020-04-25,1700.0
2020-04-26,1712.5
2020-04-27,1762.5
2020-04-28,1925.0
2020-04-29,1812.5
2020-04-30,1687.5
2020-05-01,1762.5
2020-05-02,1850.0
2020-05-03,2100.0
2020-05-04,1975.0
2020-05-05,1975.0
2020-05-06,1925.0
2020-05-07,1837.5
2020-05-08,1712.5
2020-05-09,1700.0
2020-05-10,2125.0
2020-05-11,1812.5
2020-05-12,912.5
2020-05-13,743.75
2020-05-14,712.5
2020-05-15,781.25
2020-05-16,787.5
2020-05-17,637.5
2020-05-18,800.0
2020-05-19,718.75
2020-05-20,718.75
2020-05-21,818.75
2020-05-22,693.75
2020-05-23,743.75
2020-05-24,725.0
2020-05-25,781.25
2020-05-26,775.0
2020-05-27,862.5
2020-05-28,818.75
2020-05-29,793.75
2020-05-30,975.0
2020-05-31,937.5
2020-06-01,837.5
2020-06-02,806.25
2020-06-03,868.75
2020-06-04,943.75
2020-06-05,1118.75
2020-06-06,1225.0
2020-06-07,993.75
2020-06-08,1012.5
2020-06-09,1000.0
2020-06-10,1025.0
2020-06-11,1156.25
2020-06-12,1018.75
2020-06-13,987.5
2020-06-14,1062.5
2020-06-15,862.5
2020-06-16,937.5
2020-06-17,862.5
2020-06-18,768.75
2020-06-19,893.75
2020-06-20,856.25
2020-06-21,912.5
2020-06-22,893.75
2020-06-23,987.5
2020-06-24,868.75
2020-06-25,881.25
2020-06-26,1025.0
2020-06-27,862.5
2020-06-28,937.5
2020-06-29,906.25
2020-06-30,918.75
2020-07-01,1012.5
2020-07-02,1025.0
2020-07-03,1018.75
2020-07-04,981.25
2020-07-05,1018.75
2020-07-06,962.5
2020-07-07,1006.25
2020-07-08,943.75
2020-07-09,1025.0
2020-07-10,1006.25
2020-07-11,975.0
2020-07-12,950.0
2020-07-13,918.75
2020-07-14,900.0
2020-07-15,862.5
2020-07-16,850.0
2020-07-17,737.5
2020-07-18,812.5
2020-07-19,818.75
2020-07-20,881.25
2020-07-21,781.25
2020-07-22,900.0
2020-07-23,850.0
2020-07-24,1006.25
2020-07-25,887.5
2020-07-26,987.5
2020-07-27,931.25
2020-07-28,906.25
2020-07-29,925.0
2020-07-30,843.75
2020-07-31,956.25
2020-08-01,856.25
2020-08-02,881.25
2020-08-03,1012.5
2020-08-04,906.25
2020-08-05,806.25
2020-08-06,975.0
2020-08-07,950.0
2020-08-08,887.5
2020-08-09,975.0
2020-08-10,856.25
2020-08-11,962.5
2020-08-12,981.25
2020-08-13,918.75
2020-08-14,1043.75
2020-08-15,975.0
2020-08-16,950.0
2020-08-17,781.25
2020-08-18,875.0
2020-08-19,862.5
2020-08-20,912.5
2020-08-21,968.75
2020-08-22,850.0
2020-08-23,981.25
2020-08-24,931.25
2020-08-25,800.0
2020-08-26,887.5
2020-08-27,806.25
2020-08-28,1018.75
2020-08-29,912.5
2020-08-30,793.75
2020-08-31,937.5
2020-09-01,962.5
2020-09-02,900.0
2020-09-03,806.25
2020-09-04,843.75
2020-09-05,881.25
2020-09-06,937.5
2020-09-07,1093.75
2020-09-08,968.75
2020-09-09,931.25
2020-09-10,987.5
2020-09-11,862.5
2020-09-12,1062.5
2020-09-13,1012.5
2020-09-14,1100.0
2020-09-15,975.0
2020-09-16,968.75
2020-09-17,1112.5
2020-09-18,1031.25
2020-09-19,931.25
2020-09-20,887.5
2020-09-21,906.25
2020-09-22,806.25
2020-09-23,887.5
2020-09-24,856.25
2020-09-25,1056.25
2020-09-26,937.5
2020-09-27,950.0
2020-09-28,806.25
2020-09-29,881.25
2020-09-30,975.0
2020-10-01,775.0
2020-10-02,850.0
2020-10-03,943.75
2020-10-04,987.5
2020-10-05,875.0
2020-10-06,812.5
2020-10-07,943.75
2020-10-08,1012.5
2020-10-09,887.5
2020-10-10,893.75
2020-10-11,875.0
2020-10-12,931.25
2020-10-13,1037.5
2020-10-14,931.25
2020-10-15,943.75
2020-10-16,968.75
2020-10-17,981.25
2020-10-18,750.0
2020-10-19,781.25
2020-10-20,900.0
2020-10-21,812.5
2020-10-22,856.25
2020-10-23,818.75
2020-10-24,950.0
2020-10-25,731.25
2020-10-26,687.5
2020-10-27,618.75
2020-10-28,625.0
2020-10-29,675.0
2020-10-30,693.75
2020-10-31,706.25
2020-11-01,781.25
2020-11-02,593.75
2020-11-03,875.0
2020-11-04,993.75
2020-11-05,918.75
2020-11-06,956.25
2020-11-07,912.5
2020-11-08,862.5
2020-11-09,1156.25
2020-11-10,918.75
2020-11-11,918.75
2020-11-12,1000.0
2020-11-13,868.75
2020-11-14,887.5
2020-11-15,937.5
2020-11-16,1000.0
2020-11-17,981.25
2020-11-18,1056.25
2020-11-19,856.25
2020-11-20,1050.0
2020-11-21,1056.25
2020-11-22,1087.5
2020-11-23,918.75
2020-11-24,850.0
2020-11-25,968.75
2020-11-26,937.5
2020-11-27,962.5
2020-11-28,962.5
2020-11-29,937.5
2020-11-30,706.25
2020-12-01,950.0
2020-12-02,818.75
2020-12-03,981.25
2020-12-04,900.0
2020-12-05,900.0
2020-12-06,850.0
2020-12-07,937.5
2020-12-08,900.0
2020-12-09,868.75
2020-12-10,812.5
2020-12-11,862.5
2020-12-12,825.0
2020-12-13,975.0
2020-12-14,906.25
2020-12-15,875.0
2020-12-16,893.75
2020-12-17,806.25
2020-12-18,981.25
2020-12-19,987.5
2020-12-20,943.75
2020-12-21,850.0
2020-12-22,893.75
2020-12-23,962.5
2020-12-24,787.5
2020-12-25,900.0
2020-12-26,856.25
2020-12-27,925.0
2020-12-28,1000.0
2020-12-29,950.0
2020-12-30,1075.0
2020-12-31,1037.5
2021-01-01,931.25
2021-01-02,943.75
2021-01-03,987.5
2021-01-04,1081.25
2021-01-05,981.25
2021-01-06,1106.25
2021-01-07,1050.0
2021-01-08,925.0
2021-01-09,868.75
2021-01-10,993.75
2021-01-11,962.5
2021-01-12,925.0
2021-01-13,950.0
2021-01-14,918.75
2021-01-15,968.75
2021-01-16,918.75
2021-01-17,831.25
2021-01-18,906.25
2021-01-19,931.25
2021-01-20,881.25
2021-01-21,806.25
2021-01-22,881.25
2021-01-23,975.0
2021-01-24,868.75
2021-01-25,875.0
2021-01-26,1006.25
2021-01-27,887.5
2021-01-28,906.25
2021-01-29,950.0
2021-01-30,850.0
2021-01-31,900.0
2021-02-01,743.75
2021-02-02,956.25
2021-02-03,937.5
2021-02-04,1000.0
2021-02-05,1056.25
2021-02-06,993.75
2021-02-07,975.0
2021-02-08,1012.5
2021-02-09,893.75
2021-02-10,893.75
2021-02-11,806.25
2021-02-12,887.5
2021-02-13,981.25
2021-02-14,925.0
2021-02-15,950.0
2021-02-16,756.25
2021-02-17,862.5
2021-02-18,856.25
2021-02-19,956.25
2021-02-20,912.5
2021-02-21,881.25
2021-02-22,831.25
2021-02-23,793.75
2021-02-24,993.75
2021-02-25,975.0
2021-02-26,868.75
2021-02-27,981.25
2021-02-28,818.75
2021-03-01,812.5
2021-03-02,893.75
2021-03-03,950.0
2021-03-04,800.0
2021-03-05,931.25
2021-03-06,950.0
2021-03-07,912.5
2021-03-08,968.75
2021-03-09,875.0
2021-03-10,931.25
2021-03-11,825.0
2021-03-12,937.5
2021-03-13,893.75
2021-03-14,981.25
2021-03-15,925.0
2021-03-16,931.25
2021-03-17,850.0
2021-03-18,950.0
2021-03-19,925.0
2021-03-20,962.5
2021-03-21,975.0
2021-03-22,943.75
2021-03-23,1006.25
2021-03-24,950.0
2021-03-25,962.5
2021-03-26,850.0
2021-03-27,993.75
2021-03-28,993.75
2021-03-29,943.75
2021-03-30,912.5
2021-03-31,981.25
2021-04-01,906.25
2021-04-02,875.0
2021-04-03,818.75
2021-04-04,912.5
2021-04-05,975.0
2021-04-06,900.0
2021-04-07,981.25
2021-04-08,837.5
2021-04-09,950.0
2021-04-10,981.25
2021-04-11,906.25
2021-04-12,900.0
2021-04-13,887.5
2021-04-14,843.75
2021-04-15,1075.0
2021-04-16,643.75
2021-04-17,568.75
2021-04-18,775.0
2021-04-19,606.25
2021-04-20,800.0
2021-04-21,631.25
2021-04-22,893.75
2021-04-23,843.75
2021-04-24,906.25
2021-04-25,881.25
2021-04-26,712.5
2021-04-27,887.5
2021-04-28,887.5
2021-04-29,762.5
2021-04-30,906.25
2021-05-01,868.75
2021-05-02,1156.25
2021-05-03,1106.25
2021-05-04,1131.25
2021-05-05,981.25
2021-05-06,1062.5
2021-05-07,1075.0
2021-05-08,1068.75
2021-05-09,1162.5
2021-05-10,1125.0
2021-05-11,1075.0
2021-05-12,1075.0
2021-05-13,1006.25
2021-05-14,837.5
2021-05-15,768.75
2021-05-16,825.0
2021-05-17,756.25
2021-05-18,625.0
2021-05-19,781.25
2021-05-20,700.0
2021-05-21,687.5
2021-05-22,725.0
2021-05-23,743.75
2021-05-24,787.5
2021-05-25,768.75
2021-05-26,762.5
2021-05-27,731.25
2021-05-28,743.75
2021-05-29,725.0
2021-05-30,900.0
2021-05-31,881.25
2021-06-01,887.5
2021-06-02,1037.5
2021-06-03,918.75
2021-06-04,818.75
2021-06-05,818.75
2021-06-06,937.5
2021-06-07,831.25
2021-06-08,931.25
2021-06-09,787.5
2021-06-10,737.5
2021-06-11,656.25
2021-06-12,825.0
2021-06-13,825.0
2021-06-14,843.75
2021-06-15,818.75
2021-06-16,768.75
2021-06-17,812.5
2021-06-18,775.0
2021-06-19,643.75
2021-06-20,656.25
2021-06-21,656.25
2021-06-22,568.75
2021-06-23,631.25
2021-06-24,656.25
2021-06-25,687.5
2021-06-26,556.25
2021-06-27,362.5
2021-06-28,550.0
2021-06-29,562.5
2021-06-30,550.0
2021-07-01,600.0
2021-07-02,562.5
2021-07-03,793.75
2021-07-04,718.75
2021-07-05,825.0
2021-07-06,887.5
2021-07-07,768.75
2021-07-08,868.75
2021-07-09,818.75
2021-07-10,1006.25
2021-07-11,781.25
2021-07-12,787.5
2021-07-13,850.0
2021-07-14,1062.5
2021-07-15,800.0
2021-07-16,937.5
2021-07-17,893.75
2021-07-18,900.0
2021-07-19,1062.5
2021-07-20,762.5
2021-07-21,906.25
2021-07-22,956.25
2021-07-23,843.75
2021-07-24,962.5
2021-07-25,956.25
2021-07-26,937.5
2021-07-27,1062.5
2021-07-28,981.25
2021-07-29,1000.0
2021-07-30,1037.5
2021-07-31,987.5
2021-08-01,962.5
2021-08-02,893.75
2021-08-03,1056.25
2021-08-04,850.0
2021-08-05,1000.0
2021-08-06,993.75
2021-08-07,1043.75
2021-08-08,987.5
2021-08-09,950.0
2021-08-10,1031.25
2021-08-11,918.75
2021-08-12,943.75
2021-08-13,887.5
2021-08-14,1025.0
2021-08-15,1137.5
2021-08-16,1006.25
2021-08-17,1075.0
2021-08-18,843.75
2021-08-19,962.5
2021-08-20,1000.0
2021-08-21,1062.5
2021-08-22,1025.0
2021-08-23,1231.25
2021-08-24,962.5
2021-08-25,1000.0
2021-08-26,912.5
2021-08-27,912.5
2021-08-28,881.25
2021-08-29,975.0
2021-08-30,843.75
2021-08-31,900.0
2021-09-01,856.25
2021-09-02,931.25
2021-09-03,925.0
2021-09-04,968.75
2021-09-05,1025.0
2021-09-06,1075.0
2021-09-07,956.25
2021-09-08,887.5
2021-09-09,856.25
2021-09-10,850.0
2021-09-11,925.0
2021-09-12,918.75
2021-09-13,993.75
2021-09-14,1050.0
2021-09-15,887.5
2021-09-16,850.0
2021-09-17,918.75
2021-09-18,968.75
2021-09-19,1000.0
2021-09-20,1025.0
2021-09-21,768.75
2021-09-22,837.5
2021-09-23,1031.25
2021-09-24,925.0
2021-09-25,900.0
2021-09-26,868.75
2021-09-27,968.75
2021-09-28,950.0
2021-09-29,812.5
2021-09-30,1068.75
2021-10-01,875.0
2021-10-02,1175.0
2021-10-03,937.5
2021-10-04,975.0
2021-10-05,1025.0
2021-10-06,818.75
2021-10-07,881.25
2021-10-08,750.0
2021-10-09,937.5
2021-10-10,993.75
2021-10-11,912.5
2021-10-12,837.5
2021-10-13,1056.25
2021-10-14,856.25
2021-10-15,881.25
2021-10-16,831.25
2021-10-17,1000.0
2021-10-18,925.0
2021-10-19,968.75
2021-10-20,931.25
2021-10-21,925.0
2021-10-22,987.5
2021-10-23,906.25
2021-10-24,956.25
2021-10-25,1137.5
2021-10-26,937.5
2021-10-27,981.25
2021-10-28,956.25
2021-10-29,1068.75
2021-10-30,968.75
2021-10-31,868.75
2021-11-01,925.0
2021-11-02,987.5
2021-11-03,1006.25
2021-11-04,893.75
2021-11-05,968.75
2021-11-06,962.5
2021-11-07,956.25
2021-11-08,843.75
2021-11-09,950.0
2021-11-10,931.25
2021-11-11,987.5
2021-11-12,887.5
2021-11-13,956.25
2021-11-14,981.25
2021-11-15,943.75
2021-11-16,937.5
2021-11-17,931.25
2021-11-18,900.0
2021-11-19,856.25
2021-11-20,906.25
2021-11-21,825.0
2021-11-22,881.25
2021-11-23,825.0
2021-11-24,981.25
2021-11-25,812.5
2021-11-26,825.0
2021-11-27,893.75
2021-11-28,868.75
2021-11-29,893.75
2021-11-30,837.5
2021-12-01,856.25
2021-12-02,968.75
2021-12-03,1050.0
2021-12-04,968.75
2021-12-05,1037.5
2021-12-06,1075.0
2021-12-07,962.5
2021-12-08,1050.0
2021-12-09,1018.75
2021-12-10,975.0
2021-12-11,943.75
2021-12-12,875.0
2021-12-13,881.25
2021-12-14,925.0
2021-12-15,881.25
2021-12-16,718.75
2021-12-17,931.25
2021-12-18,800.0
2021-12-19,931.25
2021-12-20,900.0
2021-12-21,1006.25
2021-12-22,925.0
2021-12-23,950.0
2021-12-24,943.75
2021-12-25,918.75
2021-12-26,837.5
2021-12-27,925.0
2021-12-28,837.5
2021-12-29,906.25
2021-12-30,743.75
2021-12-31,931.25
2022-01-01,1075.0
2022-01-02,987.5
2022-01-03,875.0
2022-01-04,918.75
2022-01-05,937.5
2022-01-06,912.5
2022-01-07,875.0
2022-01-08,900.0
2022-01-09,881.25
2022-01-10,887.5
2022-01-11,987.5
2022-01-12,868.75
2022-01-13,1118.75
2022-01-14,993.75
2022-01-15,1037.5
2022-01-16,1093.75
2022-01-17,1006.25
2022-01-18,850.0
2022-01-19,1081.25
2022-01-20,1056.25
2022-01-21,837.5
2022-01-22,837.5
2022-01-23,881.25
2022-01-24,937.5
2022-01-25,950.0
2022-01-26,812.5
2022-01-27,818.75
2022-01-28,962.5
2022-01-29,931.25
2022-01-30,912.5
2022-01-31,893.75
2022-02-01,962.5
2022-02-02,956.25
2022-02-03,918.75
2022-02-04,812.5
2022-02-05,743.75
2022-02-06,975.0
2022-02-07,850.0
2022-02-08,962.5
2022-02-09,875.0
2022-02-10,918.75
2022-02-11,887.5
2022-02-12,1168.75
2022-02-13,987.5
2022-02-14,956.25
2022-02-15,1093.75
2022-02-16,975.0
2022-02-17,981.25
2022-02-18,837.5
2022-02-19,931.25
2022-02-20,900.0
2022-02-21,768.75
2022-02-22,950.0
2022-02-23,937.5
2022-02-24,825.0
2022-02-25,837.5
2022-02-26,781.25
2022-02-27,850.0
2022-02-28,962.5
2022-03-01,1012.5
2022-03-02,850.0
2022-03-03,925.0
2022-03-04,868.75
2022-03-05,768.75
2022-03-06,818.75
2022-03-07,925.0
2022-03-08,925.0
2022-03-09,862.5
2022-03-10,906.25
2022-03-11,862.5
2022-03-12,975.0
2022-03-13,943.75
2022-03-14,956.25
2022-03-15,868.75
2022-03-16,968.75
2022-03-17,993.75
2022-03-18,893.75
2022-03-19,968.75
2022-03-20,962.5
2022-03-21,956.25
2022-03-22,931.25
2022-03-23,906.25
2022-03-24,893.75
2022-03-25,975.0
2022-03-26,1006.25
2022-03-27,818.75
2022-03-28,993.75
2022-03-29,943.75
2022-03-30,843.75
2022-03-31,862.5
2022-04-01,881.25
2022-04-02,843.75
2022-04-03,868.75
2022-04-04,987.5
2022-04-05,906.25
2022-04-06,937.5
2022-04-07,862.5
2022-04-08,837.5
2022-04-09,956.25
2022-04-10,875.0
2022-04-11,856.25
2022-04-12,956.25
2022-04-13,875.0
2022-04-14,862.5
2022-04-15,987.5
2022-04-16,837.5
2022-04-17,1031.25
2022-04-18,837.5
2022-04-19,775.0
2022-04-20,1000.0
2022-04-21,1056.25
2022-04-22,843.75
2022-04-23,1018.75
2022-04-24,1068.75
2022-04-25,1012.5
2022-04-26,875.0
2022-04-27,1062.5
2022-04-28,825.0
2022-04-29,937.5
2022-04-30,937.5
2022-05-01,1043.75
2022-05-02,1000.0
2022-05-03,937.5
2022-05-04,912.5
2022-05-05,981.25
2022-05-06,887.5
2022-05-07,893.75
2022-05-08,968.75
2022-05-09,968.75
2022-05-10,956.25
2022-05-11,906.25
2022-05-12,843.75
2022-05-13,950.0
2022-05-14,881.25
2022-05-15,762.5
2022-05-16,1025.0
2022-05-17,918.75
2022-05-18,837.5
2022-05-19,762.5
2022-05-20,800.0
2022-05-21,843.75
2022-05-22,762.5
2022-05-23,1000.0
2022-05-24,750.0
2022-05-25,900.0
2022-05-26,881.25
2022-05-27,862.5
2022-05-28,925.0
2022-05-29,931.25
2022-05-30,962.5
2022-05-31,912.5
2022-06-01,850.0
2022-06-02,781.25
2022-06-03,893.75
2022-06-04,868.75
2022-06-05,912.5
2022-06-06,937.5
2022-06-07,1012.5
2022-06-08,1112.5
2022-06-09,912.5
2022-06-10,918.75
2022-06-11,962.5
2022-06-12,793.75
2022-06-13,831.25
2022-06-14,912.5
2022-06-15,1031.25
2022-06-16,743.75
2022-06-17,675.0
2022-06-18,975.0
2022-06-19,831.25
2022-06-20,825.0
2022-06-21,937.5
2022-06-22,806.25
2022-06-23,950.0
2022-06-24,806.25
2022-06-25,943.75
2022-06-26,862.5
2022-06-27,850.0
2022-06-28,912.5
2022-06-29,943.75
2022-06-30,1068.75
2022-07-01,837.5
2022-07-02,862.5
2022-07-03,968.75
2022-07-04,893.75
2022-07-05,737.5
2022-07-06,793.75
2022-07-07,981.25
2022-07-08,925.0
2022-07-09,837.5
2022-07-10,956.25
2022-07-11,768.75
2022-07-12,943.75
2022-07-13,687.5
2022-07-14,775.0
2022-07-15,887.5
2022-07-16,925.0
2022-07-17,775.0
2022-07-18,818.75
2022-07-19,862.5
2022-07-20,787.5
2022-07-21,868.75
2022-07-22,825.0
2022-07-23,962.5
2022-07-24,981.25
2022-07-25,887.5
2022-07-26,1000.0
2022-07-27,1031.25
2022-07-28,881.25
2022-07-29,912.5
2022-07-30,806.25
2022-07-31,950.0
2022-08-01,850.0
2022-08-02,968.75
2022-08-03,906.25
2022-08-04,825.0
2022-08-05,937.5
2022-08-06,1006.25
2022-08-07,993.75
2022-08-08,900.0
2022-08-09,893.75
2022-08-10,925.0
2022-08-11,875.0
2022-08-12,962.5
2022-08-13,868.75
2022-08-14,831.25
2022-08-15,906.25
2022-08-16,925.0
2022-08-17,806.25
2022-08-18,900.0
2022-08-19,1112.5
2022-08-20,931.25
2022-08-21,912.5
2022-08-22,906.25
2022-08-23,1075.0
2022-08-24,912.5
2022-08-25,993.75
2022-08-26,1100.0
2022-08-27,906.25
2022-08-28,1006.25
2022-08-29,981.25
2022-08-30,1012.5
2022-08-31,912.5
2022-09-01,862.5
2022-09-02,806.25
2022-09-03,918.75
2022-09-04,1050.0
2022-09-05,956.25
2022-09-06,887.5
2022-09-07,912.5
2022-09-08,793.75
2022-09-09,918.75
2022-09-10,981.25
2022-09-11,1143.75
2022-09-12,956.25
2022-09-13,856.25
2022-09-14,793.75
2022-09-15,918.75
2022-09-16,800.0
2022-09-17,1062.5
2022-09-18,962.5
2022-09-19,812.5
2022-09-20,950.0
2022-09-21,881.25
2022-09-22,800.0
2022-09-23,843.75
2022-09-24,912.5
2022-09-25,918.75
2022-09-26,937.5
2022-09-27,806.25
2022-09-28,937.5
2022-09-29,893.75
2022-09-30,1056.25
2022-10-01,1131.25
2022-10-02,981.25
2022-10-03,962.5
2022-10-04,1018.75
2022-10-05,1093.75
2022-10-06,993.75
2022-10-07,1068.75
2022-10-08,1093.75
2022-10-09,987.5
2022-10-10,1050.0
2022-10-11,981.25
2022-10-12,856.25
2022-10-13,893.75
2022-10-14,975.0
2022-10-15,950.0
2022-10-16,900.0
2022-10-17,937.5
2022-10-18,887.5
2022-10-19,943.75
2022-10-20,906.25
2022-10-21,975.0
2022-10-22,850.0
2022-10-23,968.75
2022-10-24,850.0
2022-10-25,762.5
2022-10-26,968.75
2022-10-27,843.75
2022-10-28,993.75
2022-10-29,893.75
2022-10-30,843.75
2022-10-31,1081.25
2022-11-01,900.0
2022-11-02,762.5
2022-11-03,1025.0
2022-11-04,806.25
2022-11-05,943.75
2022-11-06,856.25
2022-11-07,900.0
2022-11-08,1018.75
2022-11-09,931.25
2022-11-10,918.75
2022-11-11,837.5
2022-11-12,1043.75
2022-11-13,806.25
2022-11-14,768.75
2022-11-15,968.75
2022-11-16,937.5
2022-11-17,862.5
2022-11-18,868.75
2022-11-19,918.75
2022-11-20,931.25
2022-11-21,806.25
2022-11-22,787.5
2022-11-23,881.25
2022-11-24,806.25
2022-11-25,768.75
2022-11-26,681.25
2022-11-27,850.0
2022-11-28,868.75
2022-11-29,818.75
2022-11-30,862.5
2022-12-01,956.25
2022-12-02,781.25
2022-12-03,818.75
2022-12-04,875.0
2022-12-05,912.5
2022-12-06,843.75
2022-12-07,1075.0
2022-12-08,1043.75
2022-12-09,950.0
2022-12-10,962.5
2022-12-11,918.75
2022-12-12,893.75
2022-12-13,1031.25
2022-12-14,925.0
2022-12-15,868.75
2022-12-16,812.5
2022-12-17,862.5
2022-12-18,906.25
2022-12-19,850.0
2022-12-20,875.0
2022-12-21,893.75
2022-12-22,843.75
2022-12-23,825.0
2022-12-24,556.25
2022-12-25,881.25
2022-12-26,806.25
2022-12-27,718.75
2022-12-28,1050.0
2022-12-29,881.25
2022-12-30,987.5
2022-12-31,975.0
2023-01-01,968.75
2023-01-02,975.0
2023-01-03,962.5
2023-01-04,893.75
2023-01-05,981.25
2023-01-06,1125.0
2023-01-07,962.5
2023-01-08,956.25
2023-01-09,950.0
2023-01-10,1056.25
2023-01-11,918.75
2023-01-12,943.75
2023-01-13,993.75
2023-01-14,1068.75
2023-01-15,1018.75
2023-01-16,918.75
2023-01-17,975.0
2023-01-18,875.0
2023-01-19,906.25
2023-01-20,825.0
2023-01-21,862.5
2023-01-22,943.75
2023-01-23,987.5
2023-01-24,806.25
2023-01-25,1093.75
2023-01-26,968.75
2023-01-27,962.5
2023-01-28,1050.0
2023-01-29,1006.25
2023-01-30,862.5
2023-01-31,718.75
2023-02-01,856.25
2023-02-02,906.25
2023-02-03,831.25
2023-02-04,850.0
2023-02-05,950.0
2023-02-06,925.0
2023-02-07,887.5
2023-02-08,862.5
2023-02-09,1012.5
2023-02-10,918.75
2023-02-11,925.0
2023-02-12,1012.5
2023-02-13,975.0
2023-02-14,962.5
2023-02-15,1018.75
2023-02-16,1118.75
2023-02-17,1031.25
2023-02-18,1050.0
2023-02-19,1012.5
2023-02-20,918.75
2023-02-21,1043.75
2023-02-22,875.0
2023-02-23,1068.75
2023-02-24,843.75
2023-02-25,668.75
2023-02-26,1050.0
2023-02-27,875.0
2023-02-28,856.25
2023-03-01,1062.5
2023-03-02,900.0
2023-03-03,1050.0
2023-03-04,950.0
2023-03-05,968.75
2023-03-06,825.0
2023-03-07,1031.25
2023-03-08,831.25
2023-03-09,843.75
2023-03-10,850.0
2023-03-11,1031.25
2023-03-12,1006.25
2023-03-13,981.25
2023-03-14,912.5
2023-03-15,918.75
2023-03-16,837.5
2023-03-17,918.75
2023-03-18,1012.5
2023-03-19,925.0
2023-03-20,962.5
2023-03-21,906.25
2023-03-22,993.75
2023-03-23,1143.75
2023-03-24,1012.5
2023-03-25,906.25
2023-03-26,900.0
2023-03-27,925.0
2023-03-28,837.5
2023-03-29,918.75
2023-03-30,968.75
2023-03-31,881.25
2023-04-01,875.0
2023-04-02,931.25
2023-04-03,818.75
2023-04-04,1012.5
2023-04-05,868.75
2023-04-06,1000.0
2023-04-07,887.5
2023-04-08,918.75
2023-04-09,912.5
2023-04-10,768.75
2023-04-11,962.5
2023-04-12,1000.0
2023-04-13,887.5
2023-04-14,875.0
2023-04-15,987.5
2023-04-16,775.0
2023-04-17,968.75
2023-04-18,1037.5
2023-04-19,868.75
2023-04-20,831.25
2023-04-21,906.25
2023-04-22,931.25
2023-04-23,918.75
2023-04-24,881.25
2023-04-25,781.25
2023-04-26,812.5
2023-04-27,812.5
2023-04-28,918.75
2023-04-29,856.25
2023-04-30,925.0
2023-05-01,1137.5
2023-05-02,806.25
2023-05-03,881.25
2023-05-04,912.5
2023-05-05,743.75
2023-05-06,931.25
2023-05-07,868.75
2023-05-08,856.25
2023-05-09,943.75
2023-05-10,1062.5
2023-05-11,943.75
2023-05-12,881.25
2023-05-13,906.25
2023-05-14,1087.5
2023-05-15,918.75
2023-05-16,956.25
2023-05-17,1000.0
2023-05-18,881.25
2023-05-19,937.5
2023-05-20,818.75
2023-05-21,943.75
2023-05-22,900.0
2023-05-23,962.5
2023-05-24,881.25
2023-05-25,943.75
2023-05-26,956.25
2023-05-27,906.25
2023-05-28,1000.0
2023-05-29,1012.5
2023-05-30,962.5
2023-05-31,881.25
2023-06-01,825.0
2023-06-02,1025.0
2023-06-03,812.5
2023-06-04,925.0
2023-06-05,862.5
2023-06-06,943.75
2023-06-07,843.75
2023-06-08,962.5
2023-06-09,1056.25
2023-06-10,962.5
2023-06-11,1018.75
2023-06-12,981.25
2023-06-13,918.75
2023-06-14,756.25
2023-06-15,925.0
2023-06-16,956.25
2023-06-17,875.0
2023-06-18,943.75
2023-06-19,887.5
2023-06-20,850.0
2023-06-21,756.25
2023-06-22,856.25
2023-06-23,781.25
2023-06-24,912.5
2023-06-25,956.25
2023-06-26,912.5
2023-06-27,875.0
2023-06-28,675.0
2023-06-29,912.5
2023-06-30,987.5
2023-07-01,831.25
2023-07-02,1068.75
2023-07-03,856.25
2023-07-04,881.25
2023-07-05,975.0
2023-07-06,868.75
2023-07-07,1093.75
2023-07-08,1112.5
2023-07-09,1056.25
2023-07-10,962.5
2023-07-11,843.75
2023-07-12,900.0
2023-07-13,750.0
2023-07-14,862.5
2023-07-15,862.5
2023-07-16,968.75
2023-07-17,850.0
2023-07-18,1012.5
2023-07-19,925.0
2023-07-20,800.0
2023-07-21,700.0
2023-07-22,837.5
2023-07-23,918.75
2023-07-24,937.5
2023-07-25,862.5
2023-07-26,900.0
2023-07-27,862.5
2023-07-28,875.0
2023-07-29,825.0
2023-07-30,1050.0
2023-07-31,881.25
2023-08-01,868.75
2023-08-02,962.5
2023-08-03,943.75
2023-08-04,756.25
2023-08-05,962.5
2023-08-06,1025.0
2023-08-07,912.5
2023-08-08,781.25
2023-08-09,1012.5
2023-08-10,793.75
2023-08-11,943.75
2023-08-12,1043.75
2023-08-13,843.75
2023-08-14,1068.75
2023-08-15,1068.75
2023-08-16,1018.75
2023-08-17,975.0
2023-08-18,868.75
2023-08-19,875.0
2023-08-20,1012.5
2023-08-21,1031.25
2023-08-22,893.75
2023-08-23,887.5
2023-08-24,868.75
2023-08-25,843.75
2023-08-26,856.25
2023-08-27,725.0
2023-08-28,737.5
2023-08-29,987.5
2023-08-30,787.5
2023-08-31,900.0
2023-09-01,943.75
2023-09-02,950.0
2023-09-03,987.5
2023-09-04,931.25
2023-09-05,775.0
2023-09-06,843.75
2023-09-07,912.5
2023-09-08,831.25
2023-09-09,943.75
2023-09-10,918.75
2023-09-11,993.75
2023-09-12,881.25
2023-09-13,918.75
2023-09-14,1012.5
2023-09-15,1175.0
2023-09-16,968.75
2023-09-17,931.25
2023-09-18,975.0
2023-09-19,868.75
2023-09-20,912.5
2023-09-21,862.5
2023-09-22,806.25
2023-09-23,975.0
2023-09-24,912.5
2023-09-25,906.25
2023-09-26,850.0
2023-09-27,981.25
2023-09-28,912.5
2023-09-29,918.75
2023-09-30,862.5
2023-10-01,881.25
2023-10-02,981.25
2023-10-03,1025.0
2023-10-04,818.75
2023-10-05,881.25
2023-10-06,1000.0
2023-10-07,1068.75
2023-10-08,925.0
2023-10-09,975.0
2023-10-10,1012.5
2023-10-11,1000.0
2023-10-12,1031.25
2023-10-13,862.5
2023-10-14,912.5
2023-10-15,1043.75
2023-10-16,881.25
2023-10-17,1012.5
2023-10-18,906.25
2023-10-19,875.0
2023-10-20,837.5
2023-10-21,937.5
2023-10-22,956.25
2023-10-23,981.25
2023-10-24,787.5
2023-10-25,900.0
2023-10-26,937.5
2023-10-27,962.5
2023-10-28,1000.0
2023-10-29,856.25
2023-10-30,975.0
2023-10-31,968.75
2023-11-01,931.25
2023-11-02,900.0
2023-11-03,850.0
2023-11-04,1050.0
2023-11-05,1018.75
2023-11-06,793.75
2023-11-07,831.25
2023-11-08,931.25
2023-11-09,893.75
2023-11-10,962.5
2023-11-11,1000.0
2023-11-12,1006.25
2023-11-13,756.25
2023-11-14,862.5
2023-11-15,925.0
2023-11-16,925.0
2023-11-17,937.5
2023-11-18,931.25
2023-11-19,1062.5
2023-11-20,1037.5
2023-11-21,950.0
2023-11-22,887.5
2023-11-23,918.75
2023-11-24,1050.0
2023-11-25,993.75
2023-11-26,912.5
2023-11-27,812.5
2023-11-28,918.75
2023-11-29,850.0
2023-11-30,837.5
2023-12-01,1056.25
2023-12-02,793.75
2023-12-03,1031.25
2023-12-04,968.75
2023-12-05,862.5
2023-12-06,850.0
2023-12-07,718.75
2023-12-08,843.75
2023-12-09,981.25
2023-12-10,875.0
2023-12-11,987.5
2023-12-12,900.0
2023-12-13,931.25
2023-12-14,912.5
2023-12-15,1018.75
2023-12-16,950.0
2023-12-17,937.5
2023-12-18,1050.0
2023-12-19,1012.5
2023-12-20,906.25
2023-12-21,912.5
2023-12-22,1050.0
2023-12-23,1000.0
2023-12-24,1068.75
2023-12-25,868.75
2023-12-26,868.75
2023-12-27,806.25
2023-12-28,756.25
2023-12-29,943.75
2023-12-30,906.25
2023-12-31,975.0
2024-01-01,968.75
2024-01-02,818.75
2024-01-03,987.5
2024-01-04,1062.5
2024-01-05,862.5
2024-01-06,875.0
2024-01-07,737.5
2024-01-08,768.75
2024-01-09,950.0
2024-01-10,831.25
2024-01-11,1081.25
2024-01-12,1050.0
2024-01-13,993.75
2024-01-14,800.0
2024-01-15,712.5
2024-01-16,781.25
2024-01-17,756.25
2024-01-18,887.5
2024-01-19,825.0
2024-01-20,893.75
2024-01-21,875.0
2024-01-22,1000.0
2024-01-23,962.5
2024-01-24,937.5
2024-01-25,1131.25
2024-01-26,950.0
2024-01-27,1068.75
2024-01-28,1000.0
2024-01-29,975.0
2024-01-30,900.0
2024-01-31,818.75
2024-02-01,956.25
2024-02-02,1175.0
2024-02-03,943.75
2024-02-04,968.75
2024-02-05,975.0
2024-02-06,1062.5
2024-02-07,1000.0
2024-02-08,862.5
2024-02-09,1037.5
2024-02-10,950.0
2024-02-11,856.25
2024-02-12,1118.75
2024-02-13,843.75
2024-02-14,868.75
2024-02-15,981.25
2024-02-16,837.5
2024-02-17,937.5
2024-02-18,756.25
2024-02-19,850.0
2024-02-20,881.25
2024-02-21,862.5
2024-02-22,843.75
2024-02-23,993.75
2024-02-24,856.25
2024-02-25,1025.0
2024-02-26,831.25
2024-02-27,806.25
2024-02-28,931.25
2024-02-29,831.25
2024-03-01,962.5
2024-03-02,793.75
2024-03-03,968.75
2024-03-04,806.25
2024-03-05,1043.75
2024-03-06,875.0
2024-03-07,1125.0
2024-03-08,962.5
2024-03-09,1018.75
2024-03-10,893.75
2024-03-11,1062.5
2024-03-12,881.25
2024-03-13,1000.0
2024-03-14,881.25
2024-03-15,793.75
2024-03-16,900.0
2024-03-17,912.5
2024-03-18,900.0
2024-03-19,981.25
2024-03-20,931.25
2024-03-21,750.0
2024-03-22,843.75
2024-03-23,975.0
2024-03-24,1062.5
2024-03-25,825.0
2024-03-26,837.5
2024-03-27,850.0
2024-03-28,950.0
2024-03-29,900.0
2024-03-30,968.75
2024-03-31,856.25
2024-04-01,937.5
2024-04-02,925.0
2024-04-03,887.5
2024-04-04,862.5
2024-04-05,925.0
2024-04-06,968.75
2024-04-07,1062.5
2024-04-08,987.5
2024-04-09,912.5
2024-04-10,943.75
2024-04-11,825.0
2024-04-12,850.0
2024-04-13,1025.0
2024-04-14,981.25
2024-04-15,881.25
2024-04-16,1031.25
2024-04-17,856.25
2024-04-18,906.25
2024-04-19,943.75
2024-04-20,409.375
2024-04-21,437.5
2024-04-22,475.0
2024-04-23,525.0
2024-04-24,484.375
2024-04-25,446.875
2024-04-26,415.625
2024-04-27,437.5
2024-04-28,437.5
2024-04-29,409.375
2024-04-30,440.625
2024-05-01,412.5
2024-05-02,453.125
2024-05-03,403.125
2024-05-04,440.625
2024-05-05,434.375
2024-05-06,381.25
2024-05-07,381.25
2024-05-08,396.875
2024-05-09,453.125
2024-05-10,453.125
2024-05-11,496.875
2024-05-12,412.5
2024-05-13,459.375
2024-05-14,425.0
2024-05-15,440.625
2024-05-16,443.75
2024-05-17,484.375
2024-05-18,400.0
2024-05-19,481.25
2024-05-20,487.5
2024-05-21,431.25
2024-05-22,478.125
2024-05-23,528.125
2024-05-24,500.0
2024-05-25,500.0
2024-05-26,525.0
2024-05-27,384.375
2024-05-28,418.75
2024-05-29,428.125
2024-05-30,384.375
2024-05-31,462.5
2024-06-01,440.625
2024-06-02,437.5
2024-06-03,490.625
2024-06-04,418.75
2024-06-05,384.375
2024-06-06,415.625
2024-06-07,443.75
2024-06-08,537.5
2024-06-09,478.125
2024-06-10,434.375
2024-06-11,384.375
2024-06-12,456.25
2024-06-13,453.125
2024-06-14,400.0
2024-06-15,418.75
2024-06-16,509.375
2024-06-17,437.5
2024-06-18,475.0
2024-06-19,428.125
2024-06-20,415.625
2024-06-21,437.5
2024-06-22,475.0
2024-06-23,350.0
2024-06-24,475.0
2024-06-25,387.5
2024-06-26,378.125
2024-06-27,406.25
2024-06-28,421.875
2024-06-29,490.625
2024-06-30,378.125
2024-07-01,440.625
2024-07-02,462.5
2024-07-03,453.125
2024-07-04,437.5
2024-07-05,378.125
2024-07-06,515.625
2024-07-07,440.625
2024-07-08,496.875
2024-07-09,481.25
2024-07-10,425.0
2024-07-11,437.5
2024-07-12,468.75
2024-07-13,481.25
2024-07-14,521.875
2024-07-15,478.125
2024-07-16,459.375
2024-07-17,496.875
2024-07-18,403.125
2024-07-19,459.375
2024-07-20,515.625
2024-07-21,528.125
2024-07-22,559.375
2024-07-23,528.125
2024-07-24,437.5
2024-07-25,509.375
2024-07-26,500.0
2024-07-27,481.25
2024-07-28,462.5
2024-07-29,556.25
2024-07-30,468.75
2024-07-31,440.625
2024-08-01,437.5
2024-08-02,390.625
2024-08-03,421.875
2024-08-04,446.875
2024-08-05,487.5
2024-08-06,437.5
2024-08-07,381.25
2024-08-08,403.125
2024-08-09,406.25
2024-08-10,403.125
2024-08-11,503.125
2024-08-12,428.125
2024-08-13,465.625
2024-08-14,412.5
2024-08-15,500.0
2024-08-16,443.75
2024-08-17,465.625
2024-08-18,487.5
2024-08-19,406.25
2024-08-20,468.75
2024-08-21,459.375
2024-08-22,500.0
2024-08-23,512.5
2024-08-24,478.125
2024-08-25,415.625
2024-08-26,418.75
2024-08-27,443.75
2024-08-28,503.125
2024-08-29,412.5
2024-08-30,443.75
2024-08-31,459.375
2024-09-01,443.75
2024-09-02,521.875
2024-09-03,465.625
2024-09-04,471.875
2024-09-05,484.375
2024-09-06,453.125
2024-09-07,493.75
2024-09-08,521.875
2024-09-09,453.125
2024-09-10,428.125
2024-09-11,337.5
2024-09-12,475.0
2024-09-13,384.375
2024-09-14,434.375
2024-09-15,471.875
2024-09-16,390.625
2024-09-17,468.75
2024-09-18,431.25
2024-09-19,381.25
2024-09-20,453.125
2024-09-21,421.875
2024-09-22,425.0
2024-09-23,456.25
2024-09-24,453.125
2024-09-25,450.0
2024-09-26,406.25
2024-09-27,428.125
2024-09-28,403.125
2024-09-29,484.375
2024-09-30,428.125
2024-10-01,490.625
2024-10-02,484.375
2024-10-03,493.75
2024-10-04,528.125
2024-10-05,471.875
2024-10-06,475.0
2024-10-07,484.375
2024-10-08,521.875
2024-10-09,396.875
2024-10-10,484.375
2024-10-11,437.5
2024-10-12,446.875
2024-10-13,431.25
2024-10-14,434.375
2024-10-15,487.5
2024-10-16,440.625
2024-10-17,490.625
2024-10-18,425.0
2024-10-19,540.625
2024-10-20,540.625
2024-10-21,534.375
2024-10-22,431.25
2024-10-23,471.875
2024-10-24,459.375
2024-10-25,478.125
2024-10-26,456.25
2024-10-27,503.125
2024-10-28,525.0
2024-10-29,490.625
2024-10-30,528.125
2024-10-31,493.75
2024-11-01,478.125
2024-11-02,440.625
2024-11-03,412.5
2024-11-04,471.875
2024-11-05,434.375
2024-11-06,478.125
2024-11-07,487.5
2024-11-08,443.75
2024-11-09,434.375
2024-11-10,462.5
2024-11-11,425.0
2024-11-12,456.25
2024-11-13,431.25
2024-11-14,396.875
2024-11-15,468.75
2024-11-16,490.625
2024-11-17,468.75
2024-11-18,487.5
2024-11-19,546.875
2024-11-20,459.375
2024-11-21,450.0
2024-11-22,446.875
2024-11-23,431.25
2024-11-24,418.75
2024-11-25,528.125
2024-11-26,434.375
2024-11-27,415.625
2024-11-28,443.75
2024-11-29,378.125
2024-11-30,512.5
2024-12-01,493.75
2024-12-02,396.875
2024-12-03,490.625
2024-12-04,459.375
2024-12-05,484.375
2024-12-06,425.0
2024-12-07,443.75
2024-12-08,456.25
2024-12-09,521.875
2024-12-10,481.25
2024-12-11,443.75
2024-12-12,462.5
2024-12-13,531.25
2024-12-14,496.875
2024-12-15,428.125
2024-12-16,462.5
2024-12-17,425.0
2024-12-18,450.0
2024-12-19,453.125
2024-12-20,471.875
2024-12-21,453.125
2024-12-22,484.375
2024-12-23,434.375
2024-12-24,412.5
2024-12-25,471.875
2024-12-26,409.375
2024-12-27,493.75
2024-12-28,446.875
2024-12-29,493.75
2024-12-30,496.875
2024-12-31,403.125
2025-01-01,437.5
2025-01-02,521.875
2025-01-03,443.75
2025-01-04,465.625
2025-01-05,487.5
2025-01-06,415.625
2025-01-07,418.75
2025-01-08,390.625
2025-01-09,475.0
2025-01-10,443.75
2025-01-11,431.25
2025-01-12,537.5
2025-01-13,400.0
2025-01-14,481.25
2025-01-15,434.375
2025-01-16,400.0
2025-01-17,468.75
2025-01-18,406.25
2025-01-19,468.75
2025-01-20,475.0
2025-01-21,415.625
2025-01-22,468.75
2025-01-23,425.0
2025-01-24,437.5
2025-01-25,400.0
2025-01-26,428.125
2025-01-27,487.5
2025-01-28,462.5
2025-01-29,484.375
2025-01-30,453.125
2025-01-31,390.625
2025-02-01,575.0
2025-02-02,534.375
2025-02-03,478.125
2025-02-04,409.375
2025-02-05,450.0
2025-02-06,453.125
2025-02-07,540.625
2025-02-08,500.0
2025-02-09,446.875
2025-02-10,434.375
2025-02-11,387.5
2025-02-12,415.625
2025-02-13,493.75
2025-02-14,475.0
2025-02-15,500.0
2025-02-16,471.875
2025-02-17,428.125
2025-02-18,437.5
2025-02-19,393.75
2025-02-20,406.25
2025-02-21,403.125
2025-02-22,434.375
2025-02-23,403.125
2025-02-24,406.25
2025-02-25,459.375
2025-02-26,490.625
2025-02-27,468.75
2025-02-28,487.5
2025-03-01,450.0
2025-03-02,393.75
2025-03-03,468.75
2025-03-04,456.25
2025-03-05,418.75
2025-03-06,531.25
2025-03-07,443.75
2025-03-08,428.125
2025-03-09,496.875
2025-03-10,481.25
2025-03-11,431.25
2025-03-12,478.125
2025-03-13,496.875
2025-03-14,443.75
2025-03-15,412.5
2025-03-16,453.125
2025-03-17,437.5
2025-03-18,443.75
2025-03-19,475.0
2025-03-20,443.75
2025-03-21,453.125
2025-03-22,468.75
2025-03-23,487.5
2025-03-24,481.25
2025-03-25,465.625
2025-03-26,475.0
2025-03-27,462.5
2025-03-28,481.25
2025-03-29,440.625
2025-03-30,428.125
2025-03-31,462.5
2025-04-01,421.875
2025-04-02,537.5
2025-04-03,475.0
2025-04-04,562.5
2025-04-05,512.5
2025-04-06,453.125
2025-04-07,453.125
2025-04-08,478.125
2025-04-09,409.375
2025-04-10,450.0
2025-04-11,462.5
2025-04-12,450.0
2025-04-13,537.5
2025-04-14,465.625
2025-04-15,450.0
2025-04-16,462.5
2025-04-17,478.125
2025-04-18,425.0
2025-04-19,434.375
2025-04-20,384.375
2025-04-21,393.75
2025-04-22,484.375
2025-04-23,356.25
2025-04-24,440.625
2025-04-25,450.0
2025-04-26,415.625
2025-04-27,421.875
2025-04-28,440.625
2025-04-29,456.25
2025-04-30,412.5
2025-05-01,421.875
2025-05-02,496.875
2025-05-03,512.5
2025-05-04,434.375
2025-05-05,546.875
2025-05-06,431.25
2025-05-07,471.875
2025-05-08,496.875
2025-05-09,437.5
2025-05-10,468.75
2025-05-11,465.625
2025-05-12,453.125
2025-05-13,406.25
2025-05-14,450.0
2025-05-15,456.25
2025-05-16,425.0
2025-05-17,446.875
2025-05-18,506.25
2025-05-19,440.625
2025-05-20,462.5
2025-05-21,450.0
2025-05-22,468.75
2025-05-23,484.375
2025-05-24,440.625
2025-05-25,471.875
2025-05-26,478.125
2025-05-27,440.625
2025-05-28,512.5
2025-05-29,496.875
2025-05-30,484.375
2025-05-31,503.125
2025-06-01,415.625
2025-06-02,415.625
2025-06-03,450.0
2025-06-04,393.75
2025-06-05,418.75
2025-06-06,418.75
2025-06-07,446.875
2025-06-08,478.125
2025-06-09,437.5
2025-06-10,528.125
2025-06-11,440.625
2025-06-12,462.5
2025-06-13,453.125
2025-06-14,471.875
2025-06-15,425.0
2025-06-16,456.25
2025-06-17,368.75
2025-06-18,437.5
2025-06-19,396.875
2025-06-20,471.875
2025-06-21,440.625
2025-06-22,334.375
2025-06-23,334.375
2025-06-24,365.625
2025-06-25,446.875
2025-06-26,490.625
2025-06-27,359.375
2025-06-28,453.125
2025-06-29,528.125
2025-06-30,453.125
2025-07-01,418.75
2025-07-02,478.125
2025-07-03,471.875
2025-07-04,496.875
2025-07-05,490.625
2025-07-06,500.0
2025-07-07,471.875
2025-07-08,443.75
2025-07-09,512.5
2025-07-10,534.375
2025-07-11,468.75
2025-07-12,465.625
2025-07-13,428.125
2025-07-14,453.125
2025-07-15,512.5
2025-07-16,409.375
2025-07-17,425.0
2025-07-18,450.0
2025-07-19,443.75
2025-07-20,465.625
2025-07-21,468.75
2025-07-22,468.75
2025-07-23,437.5
2025-07-24,459.375
2025-07-25,500.0
2025-07-26,478.125
2025-07-27,428.125
2025-07-28,453.125
2025-07-29,350.0
2025-07-30,428.125
2025-07-31,481.25
2025-08-01,471.875
2025-08-02,453.125
2025-08-03,484.375
2025-08-04,534.375
2025-08-05,431.25
2025-08-06,450.0
2025-08-07,503.125
2025-08-08,428.125
2025-08-09,362.5
2025-08-10,421.875
2025-08-11,459.375
2025-08-12,428.125
2025-08-13,487.5
2025-08-14,506.25
2025-08-15,418.75
2025-08-16,475.0
2025-08-17,475.0
2025-08-18,481.25
2025-08-19,418.75
2025-08-20,440.625
2025-08-21,465.625
2025-08-22,456.25
2025-08-23,475.0
2025-08-24,512.5
2025-08-25,440.625
2025-08-26,468.75
2025-08-27,468.75
2025-08-28,496.875
2025-08-29,515.625
2025-08-30,493.75
2025-08-31,412.5
2025-09-01,503.125
2025-09-02,509.375
2025-09-03,428.125
2025-09-04,437.5
2025-09-05,446.875
2025-09-06,437.5
2025-09-07,481.25
2025-09-08,500.0
2025-09-09,521.875
2025-09-10,531.25
2025-09-11,468.75
2025-09-12,375.0
2025-09-13,440.625
2025-09-14,478.125
2025-09-15,509.375
2025-09-16,500.0
2025-09-17,400.0
2025-09-18,493.75
2025-09-19,525.0
2025-09-20,478.125
2025-09-21,506.25
2025-09-22,468.75
2025-09-23,450.0
2025-09-24,478.125
2025-09-25,440.625
2025-09-26,412.5
2025-09-27,484.375
2025-09-28,515.625
2025-09-29,437.5
2025-09-30,503.125
2025-10-01,471.875
2025-10-02,425.0
2025-10-03,368.75
2025-10-04,418.75
2025-10-05,465.625
2025-10-06,384.375
2025-10-07,431.25
2025-10-08,462.5
2025-10-09,375.0
2025-10-10,412.5
2025-10-11,459.375
2025-10-12,453.125
2025-10-13,475.0
2025-10-14,528.125
2025-10-15,450.0
2025-10-16,478.125
2025-10-17,496.875
2025-10-18,515.625
2025-10-19,434.375
2025-10-20,465.625
2025-10-21,468.75
2025-10-22,478.125
2025-10-23,443.75
2025-10-24,559.375
2025-10-25,500.0
2025-10-26,459.375
2025-10-27,459.375
2025-10-28,506.25
2025-10-29,384.375
2025-10-30,500.0
2025-10-31,437.5
2025-11-01,431.25
2025-11-02,484.375
2025-11-03,443.75
2025-11-04,409.375
2025-11-05,431.25
2025-11-06,437.5
2025-11-07,443.75
2025-11-08,375.0
2025-11-09,440.625
2025-11-10,437.5
2025-11-11,478.125
2025-11-12,440.625
2025-11-13,468.75
2025-11-14,450.0
2025-11-15,446.875
2025-11-16,496.875
2025-11-17,387.5
2025-11-18,415.625
2025-11-19,428.125
2025-11-20,409.375
2025-11-21,471.875
2025-11-22,446.875
2025-11-23,443.75
2025-11-24,446.875
2025-11-25,359.375
2025-11-26,512.5
2025-11-27,446.875
2025-11-28,468.75
2025-11-29,428.125
2025-11-30,521.875
2025-12-01,415.625
2025-12-02,396.875
2025-12-03,412.5
2025-12-04,412.5
2025-12-05,371.875
2025-12-06,509.375
2025-12-07,500.0
2025-12-08,462.5
2025-12-09,403.125
2025-12-10,484.375
2025-12-11,500.0
2025-12-12,453.125
2025-12-13,446.875
2025-12-14,400.0
2025-12-15,418.75
2025-12-16,459.375
2025-12-17,431.25
2025-12-18,450.0
2025-12-19,453.125
2025-12-20,459.375
2025-12-21,431.25
2025-12-22,434.375
2025-12-23,453.125
2025-12-24,496.875
2025-12-25,431.25
2025-12-26,487.5
2025-12-27,425.0
2025-12-28,484.375
2025-12-29,481.25
2025-12-30,371.875
2025-12-31,415.625
2026-01-01,471.875
2026-01-02,450.0
2026-01-03,484.375
2026-01-04,453.125
2026-01-05,412.5
2026-01-06,406.25
2026-01-07,459.375
2026-01-08,412.5
2026-01-09,443.75
2026-01-10,506.25
2026-01-11,381.25
2026-01-12,443.75
2026-01-13,421.875
2026-01-14,387.5
2026-01-15,434.375
2026-01-16,406.25
2026-01-17,465.625
2026-01-18,437.5
2026-01-19,468.75
2026-01-20,415.625
2026-01-21,428.125
2026-01-22,503.125
2026-01-23,437.5
2026-01-24,306.25
2026-01-25,337.5
2026-01-26,387.5
2026-01-27,381.25
2026-01-28,343.75
2026-01-29,400.0
2026-01-30,409.375
2026-01-31,431.25
2026-02-01,371.875
2026-02-02,368.75
2026-02-03,412.5
2026-02-04,443.75
2026-02-05,396.875
2026-02-06,453.125
2026-02-07,518.75
2026-02-08,531.25
2026-02-09,509.375
2026-02-10,450.0
2026-02-11,490.625
2026-02-12,553.125
2026-02-13,471.875
2026-02-14,518.75
2026-02-15,615.625
2026-02-16,546.875
2026-02-17,515.625
2026-02-18,478.125
2026-02-19,496.875
2026-02-20,428.125
2026-02-21,371.875
2026-02-22,512.5
2026-02-23,462.5
2026-02-24,515.625
2026-02-25,487.5
2026-02-26,437.5
2026-02-27,440.625
2026-02-28,446.875
2026-03-01,465.625
2026-03-02,425.0
2026-03-03,418.75
2026-03-04,406.25
2026-03-05,518.75
2026-03-06,456.25
2026-03-07,412.5
2026-03-08,418.75
2026-03-09,431.25
2026-03-10,431.25
2026-03-11,434.375
2026-03-12,403.125
2026-03-13,378.125
2026-03-14,400.0
2026-03-15,390.625
2026-03-16,390.625
2026-03-17,396.875
2026-03-18,434.375
2026-03-19,418.75
2026-03-20,418.75
2026-03-21,431.25
2026-03-22,506.25
2026-03-23,500.0
2026-03-24,390.625
2026-03-25,478.125
2026-03-26,515.625
2026-03-27,475.0
2026-03-28,543.75
2026-03-29,450.0
2026-03-30,425.0
2026-03-31,425.0
2026-04-01,506.25
2026-04-02,453.125
2026-04-03,412.5
2026-04-04,375.0
2026-04-05,496.875
2026-04-06,400.0
2026-04-07,431.25
2026-04-08,462.5
2026-04-09,450.0
2026-04-10,390.625
2026-04-11,384.375
2026-04-12,484.375
2026-04-13,462.5
2026-04-14,512.5
2026-04-15,390.625
2026-04-16,475.0
2026-04-17,440.625
2026-04-18,478.125
2026-04-19,493.75
2026-04-20,406.25
2026-04-21,421.875
2026-04-22,409.375
2026-04-23,378.125
2026-04-24,465.625
2026-04-25,437.5
2026-04-26,465.625
2026-04-27,431.25
2026-04-28,434.375
2026-04-29,396.875
2026-04-30,437.5
2026-05-01,493.75
2026-05-02,425.0
2026-05-03,475.0
