date,mc
2018-01-01,84822222588.5437
2018-01-02,93178531120.432
2018-01-03,94681149308.5246
2018-01-04,97269228886.2531
2018-01-05,101852997666.873
2018-01-06,110167827718.611
2018-01-07,114769005376.762
2018-01-08,131894965357.881
2018-01-09,130387621608.286
2018-01-10,114526940296.893
2018-01-11,127538307119.981
2018-01-12,140419500475.928
2018-01-13,136747164703.849
2018-01-14,128980953671.981
2018-01-15,103677753320.31
2018-01-16,99216267384.4585
2018-01-17,100567876886.708
2018-01-18,101640355096.624
2018-01-19,113899479853.586
2018-01-20,102337202453.458
2018-01-21,97186332455.0951
2018-01-22,96359326865.8716
2018-01-23,102717867498.029
2018-01-24,102976145173.289
2018-01-25,101975238868.218
2018-01-26,106559849459.02
2018-01-27,120356395893.42
2018-01-28,113796120454.081
2018-01-29,113043826616.747
2018-01-30,102965815556.067
2018-01-31,107663538775.879
2018-02-01,99423764457.4488
2018-02-02,89061856063.4808
2018-02-03,91725607014.4353
2018-02-04,81329819333.7154
2018-02-05,66675677460.4115
2018-02-06,76574516020.883
2018-02-07,73290929917.8697
2018-02-08,78759712266.8062
2018-02-09,84968804616.7845
2018-02-10,83330877020.2487
2018-02-11,79732678121.4166
2018-02-12,84185155652.7707
2018-02-13,81375375877.9689
2018-02-14,89328231140.6048
2018-02-15,90637629785.6649
2018-02-16,91279135809.1941
2018-02-17,94190008583.4062
2018-02-18,89404389580.2483
2018-02-19,90713108252.7155
2018-02-20,88256609941.3564
2018-02-21,79118626282.2587
2018-02-22,79442544254.3093
2018-02-23,84567348658.2748
2018-02-24,81068136131.6096
2018-02-25,82445384433.1456
2018-02-26,84519903484.5132
2018-02-27,85086932065.0865
2018-02-28,82862945950.985
2018-03-01,83792455743.3518
2018-03-02,83297136123.6615
2018-03-03,82708301723.5519
2018-03-04,82676499793.8576
2018-03-05,82340571913.2882
2018-03-06,79250313700.0067
2018-03-07,73790376421.9669
2018-03-08,68568491974.3163
2018-03-09,69730146644.1958
2018-03-10,67198010840.6789
2018-03-11,69985307146.2771
2018-03-12,68245214878.5009
2018-03-13,67211282137.8953
2018-03-14,59738408621.9634
2018-03-15,60148621435.9676
2018-03-16,59712695037.7092
2018-03-17,55031620530.2365
2018-03-18,52938616457.5708
2018-03-19,54560292401.5758
2018-03-20,54486305509.9885
2018-03-21,55179662649.9495
2018-03-22,52885690223.3192
2018-03-23,52936241666.4976
2018-03-24,51114768972.6982
2018-03-25,51114766847.0115
2018-03-26,47991343456.1895
2018-03-27,44211929435.1148
2018-03-28,43718505250.0262
2018-03-29,37953505528.3588
2018-03-30,38946452754.2313
2018-03-31,39000868214.2785
2018-04-01,37365640069.8215
2018-04-02,37935548084.0427
2018-04-03,40989129292.8868
2018-04-04,37503095784.2419
2018-04-05,37923466118.6402
2018-04-06,36495759521.3981
2018-04-07,37838661360.0025
2018-04-08,39182417250.9241
2018-04-09,39367328706.2102
2018-04-10,40749602575.9284
2018-04-11,42209337332.354
2018-04-12,48265439663.5507
2018-04-13,48313044128.3286
2018-04-14,48928578121.7947
2018-04-15,51944970387.7948
2018-04-16,50134949937.0236
2018-04-17,49290625426.7603
2018-04-18,51170694522.3903
2018-04-19,56030501148.692
2018-04-20,58403874540.9929
2018-04-21,59405441433.0919
2018-04-22,61094825885.4324
2018-04-23,63004894796.4147
2018-04-24,69817174451.7543
2018-04-25,60788471582.8027
2018-04-26,65093958669.9962
2018-04-27,63614677083.8111
2018-04-28,66660769651.3934
2018-04-29,67420561666.3158
2018-04-30,65710538602.2105
2018-05-01,65971279396.124
2018-05-02,67108704081.6629
2018-05-03,77526578541.8731
2018-05-04,77194381804.2121
2018-05-05,80104681672.5672
2018-05-06,78019321356.6759
2018-05-07,74353698902.3284
2018-05-08,73923190963.4591
2018-05-09,73870430059.2032
2018-05-10,71279821648.6819
2018-05-11,67108755487.4065
2018-05-12,67905759626.5482
2018-05-13,72264507767.8682
2018-05-14,72371889345.9769
2018-05-15,69935482264.3191
2018-05-16,69879914021.8914
2018-05-17,66230317444.4708
2018-05-18,68292780311.3464
2018-05-19,68270520548.8524
2018-05-20,70073661062.4254
2018-05-21,68604235449.7492
2018-05-22,63856048464.8186
2018-05-23,57906139337.2384
2018-05-24,59572815257.1542
2018-05-25,58033414970.1217
2018-05-26,57866488201.5691
2018-05-27,56426783298.5521
2018-05-28,51022311776.7448
2018-05-29,56032720818.8643
2018-05-30,55406697681.9965
2018-05-31,57052511798.3603
2018-06-01,57274516594.2636
2018-06-02,58214660996.4121
2018-06-03,60839012156.678
2018-06-04,58582699275.8267
2018-06-05,60003382388.4108
2018-06-06,59769818240.2659
2018-06-07,59473431631.1793
2018-06-08,59023188216.6177
2018-06-09,58097979895.1744
2018-06-10,52297773130.5936
2018-06-11,52922017100.8088
2018-06-12,49526210494.6761
2018-06-13,47513487722.273
2018-06-14,51705041671.853
2018-06-15,48591417578.3727
2018-06-16,49365820389.2502
2018-06-17,49208886719.5796
2018-06-18,51325180407.1541
2018-06-19,53296770078.9266
2018-06-20,53083203703.9002
2018-06-21,52182383816.7468
2018-06-22,46506729655.2268
2018-06-23,47422371814.9266
2018-06-24,45701228403.5899
2018-06-25,46032293630.198
2018-06-26,43200150825.5545
2018-06-27,43938995892.4949
2018-06-28,42240235077.6915
2018-06-29,43417851340.1484
2018-06-30,45125931776.5302
2018-07-01,44959418542.5589
2018-07-02,47442809332.1431
2018-07-03,46185301814.0199
2018-07-04,46548745985.9902
2018-07-05,46925838686.8694
2018-07-06,47006819801.9125
2018-07-07,48417457589.1
2018-07-08,48656609005.5521
2018-07-09,47248080178.5004
2018-07-10,43440645610.1465
2018-07-11,44582775234.0164
2018-07-12,43058583252.4431
2018-07-13,43417089532.3734
2018-07-14,43478040808.58
2018-07-15,44980010137.4545
2018-07-16,48172237051.2371
2018-07-17,50093375646.6456
2018-07-18,47968300051.3104
2018-07-19,46849108851.4791
2018-07-20,45085461873.3242
2018-07-21,46191354520.0979
2018-07-22,45944085755.2877
2018-07-23,45185546979.4939
2018-07-24,48149869331.1058
2018-07-25,47304793330.4353
2018-07-26,46520159725.8607
2018-07-27,47245239452.6446
2018-07-28,47046915978.4365
2018-07-29,47108994325.4945
2018-07-30,46276223652.1207
2018-07-31,43685748084.8883
2018-08-01,42171077988.8163
2018-08-02,41537743616.4097
2018-08-03,42196294616.1061
2018-08-04,41145986285.0619
2018-08-05,41385054072.2085
2018-08-06,40953537749.7572
2018-08-07,38223074883.0823
2018-08-08,35791291191.2255
2018-08-09,36814735141.4499
2018-08-10,33664024161.5458
2018-08-11,32133841450.2724
2018-08-12,32205233601.6959
2018-08-13,28868747042.3686
2018-08-14,28143782821.2501
2018-08-15,28457713331.4879
2018-08-16,29013771356.6249
2018-08-17,31900584937.3089
2018-08-18,29731648689.3502
2018-08-19,30373462667.1003
2018-08-20,27502092651.0638
2018-08-21,28451639052.6893
2018-08-22,27322879481.12
2018-08-23,27993194187.7858
2018-08-24,28606495007.3261
2018-08-25,28227624888.1716
2018-08-26,27764964383.5245
2018-08-27,29048911774.3535
2018-08-28,30108250592.8031
2018-08-29,29316888089.7914
2018-08-30,28983027590.7723
2018-08-31,28697700432.171
2018-09-01,30072245775.7684
2018-09-02,29960438166.8316
2018-09-03,29383711204.5634
2018-09-04,29050036562.7823
2018-09-05,23699297868.8989
2018-09-06,23333059272.4156
2018-09-07,21937448595.3596
2018-09-08,20053781147.976
2018-09-09,19952064720.0559
2018-09-10,19995395751.4991
2018-09-11,18758112117.5269
2018-09-12,18646346738.6882
2018-09-13,21593950253.3388
2018-09-14,21564238470.858
2018-09-15,22752839429.2287
2018-09-16,22455303413.0597
2018-09-17,20051344766.0099
2018-09-18,21444053203.5417
2018-09-19,21345953864.7482
2018-09-20,22905841034.8881
2018-09-21,25265891712.5337
2018-09-22,24698456681.438
2018-09-23,25008142946.46
2018-09-24,23326983438.5319
2018-09-25,22430430093.8884
2018-09-26,21996083267.124
2018-09-27,23427304227.5323
2018-09-28,22728786275.7592
2018-09-29,23704835590.9445
2018-09-30,23810956054.8756
2018-10-01,23660128684.6269
2018-10-02,23102075847.0833
2018-10-03,22578266460.2258
2018-10-04,22746296668.3854
2018-10-05,23346587563.2666
2018-10-06,23047878586.7859
2018-10-07,23108155611.3022
2018-10-08,23515310563.8903
2018-10-09,23360773268.5009
2018-10-10,23136932206.4642
2018-10-11,19696329362.9228
2018-10-12,20205253420.3053
2018-10-13,20618468437.5718
2018-10-14,20154043106.3264
2018-10-15,21758441436.7523
2018-10-16,21797843239.5238
2018-10-17,21665771379.7585
2018-10-18,20978898040.0099
2018-10-19,20944981899.9963
2018-10-20,21245961049.6795
2018-10-21,21194118735.3568
2018-10-22,21065455939.7583
2018-10-23,20971271070.9928
2018-10-24,20915202600.8241
2018-10-25,20806627800.4205
2018-10-26,20912618603.7154
2018-10-27,20895701368.922
2018-10-28,21050011679.1525
2018-10-29,20141044164.6002
2018-10-30,20319037427.3708
2018-10-31,20443374890.7884
2018-11-01,20504797883.6265
2018-11-02,20827898393.4801
2018-11-03,20607885132.1031
2018-11-04,21305283379.9036
2018-11-05,21542826214.0623
2018-11-06,22564364808.513
2018-11-07,22526589761.074
2018-11-08,22014228200.6335
2018-11-09,21743426340.7329
2018-11-10,21899054776.8867
2018-11-11,21915333222.8127
2018-11-12,21835416808.275
2018-11-13,21526572966.3839
2018-11-14,18991988237.0139
2018-11-15,18833157524.2094
2018-11-16,18173414086.234
2018-11-17,18140877471.665
2018-11-18,18355720231.2966
2018-11-19,15568477359.9399
2018-11-20,13480873430.5644
2018-11-21,14199281074.8261
2018-11-22,13145643371.5458
2018-11-23,12835445196.8136
2018-11-24,11817983686.1226
2018-11-25,12164898237.8959
2018-11-26,11351812370.7011
2018-11-27,11441393467.7528
2018-11-28,12659773332.6973
2018-11-29,12182154959.3342
2018-11-30,11708062196.9098
2018-12-01,12257640966.9618
2018-12-02,11998542053.5615
2018-12-03,11252886409.1522
2018-12-04,11368927707.5266
2018-12-05,10626501697.0307
2018-12-06,9411545128.7872
2018-12-07,9610584223.41324
2018-12-08,9437707619.37
2018-12-09,9708220956.92728
2018-12-10,9323959135.59138
2018-12-11,9111391456.28359
2018-12-12,9261188928.81479
2018-12-13,8913719805.95831
2018-12-14,8696897485.61424
2018-12-15,8697750641.33702
2018-12-16,8803144021.88444
2018-12-17,9769901072.3099
2018-12-18,10392925527.2004
2018-12-19,10336785710.638
2018-12-20,11865192793.0152
2018-12-21,11228235724.6427
2018-12-22,11930676648.4384
2018-12-23,13420144843.9535
2018-12-24,14528137553.2158
2018-12-25,13232839336.1049
2018-12-26,13473635804.0544
2018-12-27,11924339225.8963
2018-12-28,13935614204.2091
2018-12-29,14676638050.8261
2018-12-30,14310166049.4055
2018-12-31,13677300455.4633
2019-01-01,14392313036.7609
2019-01-02,15922214147.1265
2019-01-03,15277722818.9589
2019-01-04,15940848169.7816
2019-01-05,16018302447.2427
2019-01-06,16115376656.501
2019-01-07,15614190928.6006
2019-01-08,15452130779.2431
2019-01-09,15516781022.6959
2019-01-10,13229569871.9108
2019-01-11,12975985683.2268
2019-01-12,12909473758.746
2019-01-13,11970884149.0169
2019-01-14,13312835355.8263
2019-01-15,12511274618.8738
2019-01-16,12790017531.3569
2019-01-17,12732832650.4605
2019-01-18,12441677743.6865
2019-01-19,12841756778.2775
2019-01-20,12288060353.5393
2019-01-21,12103985769.1788
2019-01-22,12313725371.5109
2019-01-23,12169120160.8341
2019-01-24,12153158417.5191
2019-01-25,12040473330.1758
2019-01-26,12061900817.036
2019-01-27,11774157608.8846
2019-01-28,11010938397.3214
2019-01-29,10955187408.2515
2019-01-30,11329885765.7157
2019-01-31,11125649845.2056
2019-02-01,11200980015.4178
2019-02-02,11387807226.0756
2019-02-03,11229439070.4095
2019-02-04,11267355154.8464
2019-02-05,11245947689.3198
2019-02-06,10959290841.7979
2019-02-07,10923364917.9394
2019-02-08,12490351594.2787
2019-02-09,12520670865.6924
2019-02-10,13087985837.2827
2019-02-11,12680390197.3107
2019-02-12,12845310573.7975
2019-02-13,12793730452.2971
2019-02-14,12668201016.3668
2019-02-15,12742765419.3997
2019-02-16,12903776985.4692
2019-02-17,14098327882.1633
2019-02-18,15243928177.1665
2019-02-19,15072819715.8743
2019-02-20,15611440200.1061
2019-02-21,15225793598.6804
2019-02-22,15537602228.062
2019-02-23,16550258314.8455
2019-02-24,14284713525.163
2019-02-25,14472468022.3069
2019-02-26,14307393197.6686
2019-02-27,14178777736.5525
2019-02-28,14233212113.4009
2019-03-01,14187938674.1589
2019-03-02,13922485507.3864
2019-03-03,13708633834.7885
2019-03-04,13206850625.6804
2019-03-05,14358338788.9313
2019-03-06,14452766138.767
2019-03-07,14369621725.6288
2019-03-08,14031460882.1131
2019-03-09,14428962251.8295
2019-03-10,14309692872.2948
2019-03-11,13919712301.5775
2019-03-12,14031839989.1992
2019-03-13,13852442749.0642
2019-03-14,13903058196.6468
2019-03-15,14361253091.202
2019-03-16,14864545411.8062
2019-03-17,14586546977.6992
2019-03-18,14504816696.0825
2019-03-19,14588139258.9647
2019-03-20,14646332154.5458
2019-03-21,14226418657.385
2019-03-22,14349872413.0903
2019-03-23,14458951512.8207
2019-03-24,14349083379.676
2019-03-25,14114508110.8355
2019-03-26,14127347666.2662
2019-03-27,14728909325.816
2019-03-28,14528588960.6817
2019-03-29,15091573435.2503
2019-03-30,15005382590.0045
2019-03-31,14930496588.2807
2019-04-01,14928001079.0666
2019-04-02,17376379496.1096
2019-04-03,17073994347.0615
2019-04-04,16631238666.3971
2019-04-05,17415767438.9633
2019-04-06,17431813826.2737
2019-04-07,18330615695.1508
2019-04-08,19005528101.2077
2019-04-09,18514941900.5822
2019-04-10,18738487750.9329
2019-04-11,17442825237.1997
2019-04-12,17386399385.1223
2019-04-13,17327865226.3217
2019-04-14,17700075886.5523
2019-04-15,16995977336.8141
2019-04-16,17609171351.0033
2019-04-17,17588516336.6391
2019-04-18,18314771488.8224
2019-04-19,18342659764.3627
2019-04-20,18306343766.2811
2019-04-21,17972610400.1783
2019-04-22,18087557354.4548
2019-04-23,18058590378.5247
2019-04-24,17513743539.5667
2019-04-25,16278218288.1239
2019-04-26,16557928986.1309
2019-04-27,16729345051.2534
2019-04-28,16559733009.5474
2019-04-29,16314567668.364
2019-04-30,17017994744.3894
2019-05-01,16881275146.4059
2019-05-02,17057211134.9169
2019-05-03,17632782365.1113
2019-05-04,17251245248.675
2019-05-05,17213549032.2319
2019-05-06,18328559385.3072
2019-05-07,18164993797.0528
2019-05-08,18006362667.5224
2019-05-09,18116042476.1979
2019-05-10,18289505929.6284
2019-05-11,21127886686.2129
2019-05-12,19825564759.3922
2019-05-13,20785018542.3691
2019-05-14,23191421813.969
2019-05-15,26321593931.3268
2019-05-16,27977152978.3372
2019-05-17,25882741084.8484
2019-05-18,24992104363.0582
2019-05-19,27696392705.6615
2019-05-20,26710731424.5533
2019-05-21,27208222408.1618
2019-05-22,25986179169.0357
2019-05-23,26015066752.0465
2019-05-24,26403380130.0949
2019-05-25,26638407046.8726
2019-05-26,28248518480.1786
2019-05-27,29061104048.0291
2019-05-28,28849462681.915
2019-05-29,28545915354.884
2019-05-30,27163085813.4693
2019-05-31,28499454382.3048
2019-06-01,28173804952.879
2019-06-02,28695353819.4251
2019-06-03,26744262117.273
2019-06-04,25505094563.5849
2019-06-05,26217390413.0753
2019-06-06,26581663259.7167
2019-06-07,26701545587.4956
2019-06-08,26034305601.9828
2019-06-09,24672828577.7431
2019-06-10,26297325019.2578
2019-06-11,26090193634.6648
2019-06-12,27568882097.168
2019-06-13,27144233034.6926
2019-06-14,28177766390.0711
2019-06-15,28555069614.9805
2019-06-16,28730739929.0265
2019-06-17,29075955330.5341
2019-06-18,28216787936.4825
2019-06-19,28662304286.4749
2019-06-20,29062957235.7589
2019-06-21,31419443062.5886
2019-06-22,33084459417.5661
2019-06-23,32863219243.3965
2019-06-24,33154422291.9052
2019-06-25,33909642984.8744
2019-06-26,36033928259.0509
2019-06-27,31578278682.1184
2019-06-28,33044592666.438
2019-06-29,34306768610.5913
2019-06-30,31176379854.591
2019-07-01,31498970007.2175
2019-07-02,30959350149.4907
2019-07-03,32463482348.9504
2019-07-04,30439535096.6823
2019-07-05,30740130568.2912
2019-07-06,30937887121.985
2019-07-07,32585483973.1887
2019-07-08,33325496553.9506
2019-07-09,32850299631.6812
2019-07-10,30956973577.4806
2019-07-11,28636795382.5561
2019-07-12,29477046976.61
2019-07-13,28810921295.7706
2019-07-14,24246464997.1847
2019-07-15,24761194859.1085
2019-07-16,21404242629.0965
2019-07-17,22555777896.4624
2019-07-18,24469199432.985
2019-07-19,23638366539.887
2019-07-20,24370718738.3497
2019-07-21,24197616725.9621
2019-07-22,23300408113.4611
2019-07-23,22833250656.4976
2019-07-24,23289112074.8679
2019-07-25,23512755315.5142
2019-07-26,23510568057.4207
2019-07-27,22113111388.4107
2019-07-28,22676505895.1921
2019-07-29,22532332968.3979
2019-07-30,22459680355.7639
2019-07-31,23395542240.6521
2019-08-01,23212512549.3424
2019-08-02,23340842011.6152
2019-08-03,23728815859.7207
2019-08-04,23801827044.9054
2019-08-05,24942936105.2735
2019-08-06,24246876267.7749
2019-08-07,24246033283.2922
2019-08-08,23748361769.3027
2019-08-09,22496236375.0677
2019-08-10,22164896130.4942
2019-08-11,23199201016.4716
2019-08-12,22642683362.925
2019-08-13,22436740682.9943
2019-08-14,19905411203.7877
2019-08-15,20166571469.134
2019-08-16,19875538705.6378
2019-08-17,19947175522.9011
2019-08-18,20870523158.4774
2019-08-19,21805354686.6814
2019-08-20,21099092813.8845
2019-08-21,20090814029.4035
2019-08-22,20579733353.2376
2019-08-23,20886288389.8486
2019-08-24,20497351303.8347
2019-08-25,20024597154.0088
2019-08-26,20251623745.8895
2019-08-27,20099329728.4536
2019-08-28,18598885730.9676
2019-08-29,18182244936.1778
2019-08-30,18137815999.5527
2019-08-31,18507223778.1421
2019-09-01,18351207184.5365
2019-09-02,19113080684.0628
2019-09-03,19324838795.2292
2019-09-04,18790062457.3936
2019-09-05,18756294625.6701
2019-09-06,18244685096.2484
2019-09-07,19145726416.5436
2019-09-08,19532846873.7602
2019-09-09,19501252636.1591
2019-09-10,19398770840.2842
2019-09-11,19174005533.2794
2019-09-12,19496200878.1701
2019-09-13,19522068957.2914
2019-09-14,20297648872.8972
2019-09-15,20389680178.1285
2019-09-16,21223483200.0615
2019-09-17,22573128316.3887
2019-09-18,22689784462.1398
2019-09-19,23838258551.5692
2019-09-20,23468933218.6444
2019-09-21,23241002834.2895
2019-09-22,22812625864.1805
2019-09-23,21659224040.6427
2019-09-24,18418924820.3308
2019-09-25,18387961477.6679
2019-09-26,18012013650.0536
2019-09-27,18764435751.5171
2019-09-28,18778305331.4886
2019-09-29,18340364798.3587
2019-09-30,19371744530.9343
2019-10-01,19506079956.198
2019-10-02,19515449012.8707
2019-10-03,19083597997.0725
2019-10-04,19013321261.258
2019-10-05,19009613625.5633
2019-10-06,18414715905.6603
2019-10-07,19492030354.8831
2019-10-08,19537703569.9932
2019-10-09,20896473661.5526
2019-10-10,20655168596.9981
2019-10-11,19490975562.2556
2019-10-12,19456204702.6531
2019-10-13,19636637034.9094
2019-10-14,20182332549.589
2019-10-15,19551821811.1661
2019-10-16,18931847830.8227
2019-10-17,19185722528.2832
2019-10-18,18701016660.8421
2019-10-19,18584020382.3481
2019-10-20,18941808902.1958
2019-10-21,18867384241.1582
2019-10-22,18558740241.1072
2019-10-23,17459645841.1968
2019-10-24,17399743469.0542
2019-10-25,19637705780.1965
2019-10-26,19404848951.5457
2019-10-27,19901421621.5801
2019-10-28,19665873705.5052
2019-10-29,20630859876.7389
2019-10-30,19844553056.6963
2019-10-31,19802989402.164
2019-11-01,19841838289.1792
2019-11-02,19859708138.2688
2019-11-03,19716789940.4911
2019-11-04,20141787853.2988
2019-11-05,20492280668.6231
2019-11-06,20737428494.6666
2019-11-07,20266199492.2929
2019-11-08,19922829399.4448
2019-11-09,20084569101.0903
2019-11-10,20498434183.9655
2019-11-11,20053149255.6242
2019-11-12,20253767836.4171
2019-11-13,20432066850.2249
2019-11-14,20069162255.475
2019-11-15,19545090767.1743
2019-11-16,19844844655.0431
2019-11-17,19958777557.9083
2019-11-18,19368856364.9564
2019-11-19,19065767350.0916
2019-11-20,18988847253.5484
2019-11-21,17491549308.653
2019-11-22,16287556192.2706
2019-11-23,16542855738.7063
2019-11-24,15475834863.3599
2019-11-25,15886464708.9306
2019-11-26,16079208209.775
2019-11-27,16624532572.6555
2019-11-28,16410189698.6801
2019-11-29,16758887510.1419
2019-11-30,16526371128.7509
2019-12-01,16406763648.5655
2019-12-02,16190436587.1128
2019-12-03,16020038545.9919
2019-12-04,15854160155.0814
2019-12-05,16080828336.4735
2019-12-06,16139573040.7239
2019-12-07,16002334420.4985
2019-12-08,16377855974.1698
2019-12-09,16043706474.6923
2019-12-10,15849875150.0261
2019-12-11,15578842749.1398
2019-12-12,15788957248.1153
2019-12-13,15750794124.4898
2019-12-14,15443355857.4001
2019-12-15,15508762801.2265
2019-12-16,14450939875.9309
2019-12-17,13287532088.0637
2019-12-18,14431239759.7937
2019-12-19,13910360785.0446
2019-12-20,13960011409.0046
2019-12-21,13835225941.8131
2019-12-22,14364983064.3221
2019-12-23,13932981482.5743
2019-12-24,13937886620.8947
2019-12-25,13638505587.0309
2019-12-26,13697038140.5549
2019-12-27,13773176348.3661
2019-12-28,13985982758.1735
2019-12-29,14666626034.3906
2019-12-30,14330460495.3906
2019-12-31,14097451631.784
2020-01-01,14230588104.2812
2020-01-02,13859793329.8148
2020-01-03,14613194775.8542
2020-01-04,14636213160.0693
2020-01-05,14738834254.2661
2020-01-06,15692578635.12
2020-01-07,15656491188.0647
2020-01-08,15364547561.6708
2020-01-09,14998595868.0234
2020-01-10,15647071448.4363
2020-01-11,15564837467.521
2020-01-12,15859031094.4409
2020-01-13,15715287657.3585
2020-01-14,18075462340.5684
2020-01-15,18104742352.0154
2020-01-16,17869543294.5664
2020-01-17,18727969032.7902
2020-01-18,19138755594.5236
2020-01-19,18220366702.2446
2020-01-20,18243871990.6739
2020-01-21,18460475135.8046
2020-01-22,18358377435.959
2020-01-23,17722969842.6932
2020-01-24,17777723072.2839
2020-01-25,17587666193.196
2020-01-26,18279197138.3159
2020-01-27,18576520021.3867
2020-01-28,19212409346.3602
2020-01-29,19140249467.2895
2020-01-30,20090242968.2243
2020-01-31,19751392940.9972
2020-02-01,20079997942.8927
2020-02-02,20619310835.2761
2020-02-03,20791014743.3019
2020-02-04,20665245888.1072
2020-02-05,22414850796.6837
2020-02-06,23314707733.8661
2020-02-07,24407934017.3124
2020-02-08,24478412143.0188
2020-02-09,25011126326.737
2020-02-10,24577280465.1778
2020-02-11,25966283262.6621
2020-02-12,29001954205.9961
2020-02-13,29312880235.8679
2020-02-14,31059453816.6938
2020-02-15,28909877146.0534
2020-02-16,28746450516.0393
2020-02-17,29075052114.6316
2020-02-18,31034929114.6613
2020-02-19,28662558273.1356
2020-02-20,28258309183.2532
2020-02-21,29114570356.3661
2020-02-22,28657670954.1344
2020-02-23,30135977087.9406
2020-02-24,28974292556.8547
2020-02-25,27274600634.7838
2020-02-26,24823014146.5983
2020-02-27,24879553838.2594
2020-02-28,25137364865.971
2020-02-29,24105658618.9674
2020-03-01,24049874527.9072
2020-03-02,25392608994.4959
2020-03-03,24709361638.7463
2020-03-04,24635535324.3443
2020-03-05,25072941968.3714
2020-03-06,26861442576.6265
2020-03-07,26199142579.5095
2020-03-08,22145350491.4542
2020-03-09,22001125399.4124
2020-03-10,22178131746.5914
2020-03-11,21375073649.952
2020-03-12,11956631650.3034
2020-03-13,14567054564.1982
2020-03-14,13505998666.2399
2020-03-15,13756072458.5234
2020-03-16,12178760413.0155
2020-03-17,12991193734.5162
2020-03-18,12900856057.8735
2020-03-19,15068113354.8901
2020-03-20,14451395504.5023
2020-03-21,14575207631.0981
2020-03-22,13499834314.7732
2020-03-23,14944699607.3132
2020-03-24,15385255695.7798
2020-03-25,15020580578.5648
2020-03-26,15277363230.9722
2020-03-27,14958737456.7454
2020-03-28,14468066254.836
2020-03-29,13819843925.3608
2020-03-30,14615131244.8924
2020-03-31,14699970260.1775
2020-04-01,14896572551.5201
2020-04-02,15522802609.0076
2020-04-03,15597757554.2706
2020-04-04,15898519073.8945
2020-04-05,15770466064.1287
2020-04-06,18679968361.1114
2020-04-07,18166748814.8562
2020-04-08,19089126835.7644
2020-04-09,18787453383.9485
2020-04-10,17375118634.9917
2020-04-11,17489565908.7714
2020-04-12,17790409219.8189
2020-04-13,17316641314.1453
2020-04-14,17559917949.2582
2020-04-15,16933905371.1555
2020-04-16,18989526634.2351
2020-04-17,18844786940.2604
2020-04-18,20686869606.0751
2020-04-19,19894212517.4435
2020-04-20,18894679854.8496
2020-04-21,18883297426.6079
2020-04-22,20165266729.1902
2020-04-23,20371607313.86
2020-04-24,20756708748.5893
2020-04-25,21449928671.5045
2020-04-26,21798344583.4648
2020-04-27,21715118585.7449
2020-04-28,21824818237.6987
2020-04-29,23796586177.4891
2020-04-30,22894189506.3735
2020-05-01,23540629181.1146
2020-05-02,23700169401.0496
2020-05-03,23254687127.8135
2020-05-04,22819858077.112
2020-05-05,22740460359.4667
2020-05-06,22529347281.1112
2020-05-07,23678773321.9276
2020-05-08,23476076684.6609
2020-05-09,23328821609.1339
2020-05-10,20859785783.8529
2020-05-11,20616754314.2583
2020-05-12,20993946147.9503
2020-05-13,22169692740.7452
2020-05-14,22562017222.4695
2020-05-15,21656663418.0944
2020-05-16,22256509489.0049
2020-05-17,22938430778.9383
2020-05-18,23793534838.638
2020-05-19,23656360817.2185
2020-05-20,23303624068.6085
2020-05-21,22089212414.4428
2020-05-22,22960218146.4279
2020-05-23,22943289960.0147
2020-05-24,22417907964.4871
2020-05-25,22639118588.3978
2020-05-26,22325672542.331
2020-05-27,23085068545.9104
2020-05-28,24328143646.4425
2020-05-29,24504031642.6848
2020-05-30,27012940828.467
2020-05-31,25671662155.4094
2020-06-01,27559451838.4364
2020-06-02,26414164713.7577
2020-06-03,27137533088.4328
2020-06-04,27105225697.6403
2020-06-05,26722521046.7649
2020-06-06,26923196533.7504
2020-06-07,27129407338.3404
2020-06-08,27441367803.2988
2020-06-09,27188436885.4693
2020-06-10,27480866985.6863
2020-06-11,25655172292.4383
2020-06-12,26414947184.7637
2020-06-13,26503078976.0856
2020-06-14,25856836267.1758
2020-06-15,25743924409.1974
2020-06-16,26206196967.8295
2020-06-17,26079437153.8017
2020-06-18,25847377552.2214
2020-06-19,25534271650.2601
2020-06-20,25501270877.3425
2020-06-21,25381090910.6206
2020-06-22,27083046206.8899
2020-06-23,27097142032.5762
2020-06-24,26239099771.4265
2020-06-25,25963410301.5738
2020-06-26,25643178437.8093
2020-06-27,24650756780.2121
2020-06-28,25059706534.5238
2020-06-29,25465535919.1727
2020-06-30,25169333234.4763
2020-07-01,25738012877.8079
2020-07-02,25284990219.9584
2020-07-03,25132071680.6253
2020-07-04,25572481115.8083
2020-07-05,25442148685.6287
2020-07-06,26966777214.5959
2020-07-07,26667827703.349
2020-07-08,27538955079.0813
2020-07-09,27017961197.6373
2020-07-10,26917385878.3162
2020-07-11,26712364780.1531
2020-07-12,26889793823.3397
2020-07-13,26757968884.4217
2020-07-14,26870705032.6944
2020-07-15,26686755678.9953
2020-07-16,26142878196.665
2020-07-17,26015174195.3674
2020-07-18,26352655621.6668
2020-07-19,26715274452.4837
2020-07-20,26401433618.6154
2020-07-21,27404691587.9445
2020-07-22,29528105819.9481
2020-07-23,30714049723.1686
2020-07-24,31236557399.1894
2020-07-25,34136825749.9608
2020-07-26,34754323492.1652
2020-07-27,35873239729.4069
2020-07-28,35422047874.0241
2020-07-29,35553131948.9463
2020-07-30,37564052087.1245
2020-07-31,38794882275.3903
2020-08-01,43411673380.4845
2020-08-02,41469942047.7941
2020-08-03,43272376856.1939
2020-08-04,43787281284.3183
2020-08-05,44844619093.0164
2020-08-06,44217734699.0953
2020-08-07,42541561650.3022
2020-08-08,43821378072.8957
2020-08-09,43682388559.8162
2020-08-10,44298575284.6648
2020-08-11,42639702440.4108
2020-08-12,43436076387.6958
2020-08-13,47693538253.1255
2020-08-14,49022330904.6476
2020-08-15,48462771178.6153
2020-08-16,48635333662.5702
2020-08-17,48259667903.0867
2020-08-18,47400903599.2981
2020-08-19,45642757811.5908
2020-08-20,46754739209.4161
2020-08-21,43434501400.1881
2020-08-22,44454504740.73
2020-08-23,44021875258.7883
2020-08-24,45914782850.8836
2020-08-25,43097616381.4734
2020-08-26,43337732292.5232
2020-08-27,42903096293.9009
2020-08-28,44402928843.0099
2020-08-29,44884412904.6181
2020-08-30,48092923342.6494
2020-08-31,49098776608.1535
2020-09-01,54146717970.5855
2020-09-02,49401551509.0004
2020-09-03,43135808902.69
2020-09-04,43627087090.329
2020-09-05,37655618254.0509
2020-09-06,39710363028.2121
2020-09-07,39639961273.3407
2020-09-08,37835807856.3422
2020-09-09,39580368571.36
2020-09-10,41300327191.4637
2020-09-11,42135842526.3208
2020-09-12,43393172173.5406
2020-09-13,41170490544.0653
2020-09-14,42353184458.5852
2020-09-15,41019180031.9295
2020-09-16,41136175614.1407
2020-09-17,43828530075.4914
2020-09-18,43009572687.4155
2020-09-19,43455110863.0688
2020-09-20,41929980576.6527
2020-09-21,38695806846.9766
2020-09-22,38679912764.2938
2020-09-23,36239170986.3424
2020-09-24,39314719146.8434
2020-09-25,39598389061.566
2020-09-26,39946698187.6105
2020-09-27,40273903426.0825
2020-09-28,39794887269.4612
2020-09-29,40574256067.8246
2020-09-30,40586538615.9546
2020-10-01,39782583382.8911
2020-10-02,39005631807.6051
2020-10-03,39098719406.9824
2020-10-04,39758373727.6144
2020-10-05,39890007481.293
2020-10-06,38419834420.7551
2020-10-07,38556379197.9178
2020-10-08,39539898845.2908
2020-10-09,41261693685.4993
2020-10-10,41919449520.1278
2020-10-11,42273071872.9501
2020-10-12,43787622889.793
2020-10-13,43068111158.1092
2020-10-14,42827891085.9514
2020-10-15,42625398559.3636
2020-10-16,41424753265.121
2020-10-17,41654901940.0435
2020-10-18,42730815492.7859
2020-10-19,42919073937.7413
2020-10-20,41623179886.7976
2020-10-21,44137912522.4247
2020-10-22,46776265907.2922
2020-10-23,46233128841.0548
2020-10-24,46625376044.7953
2020-10-25,45985592948.8883
2020-10-26,44537523611.8306
2020-10-27,45687568527.0639
2020-10-28,43943405500.5112
2020-10-29,43798925859.1192
2020-10-30,43341298725.5015
2020-10-31,43692767478.3082
2020-11-01,44687833549.9893
2020-11-02,43437224863.288
2020-11-03,43903834507.3629
2020-11-04,45360338717.1115
2020-11-05,47077208350.0699
2020-11-06,51546745852.678
2020-11-07,49463138492.487
2020-11-08,51682115129.3641
2020-11-09,50377035452.2099
2020-11-10,51000796202.0729
2020-11-11,52569790942.6994
2020-11-12,52548309254.4925
2020-11-13,53963588841.1277
2020-11-14,52476765553.1161
2020-11-15,50978678612.609
2020-11-16,52356872782.2684
2020-11-17,54716609289.5423
2020-11-18,54435713128.0531
2020-11-19,53447508889.2316
2020-11-20,57875755337.8343
2020-11-21,62062910159.2798
2020-11-22,64219272617.0237
2020-11-23,68705033455.8226
2020-11-24,68461935305.6366
2020-11-25,64369854808.7434
2020-11-26,58947811751.5819
2020-11-27,58773961397.8997
2020-11-28,61290956964.3644
2020-11-29,65121266717.8639
2020-11-30,69576210026.9362
2020-12-01,66950738084.6784
2020-12-02,68153602806.2182
2020-12-03,70109767421.9594
2020-12-04,64944263291.9126
2020-12-05,67764042948.9772
2020-12-06,68483582708.0165
2020-12-07,67474119685.8651
2020-12-08,63305670197.4753
2020-12-09,65276424697.1529
2020-12-10,63759073874.7322
2020-12-11,62124158560.857
2020-12-12,64655118180.3175
2020-12-13,67134794851.681
2020-12-14,66629545532.4221
2020-12-15,67041487308.6198
2020-12-16,72301103108.2225
2020-12-17,72955533475.1786
2020-12-18,74135277407.0425
2020-12-19,75092677592.1047
2020-12-20,72618785345.5407
2020-12-21,69545799024.4246
2020-12-22,72327947935.4515
2020-12-23,67468061368.1385
2020-12-24,69867514814.011
2020-12-25,71422858091.1277
2020-12-26,72391403990.8806
2020-12-27,78833072066.0927
2020-12-28,83575563402.6638
2020-12-29,83885243123.8154
2020-12-30,85790178023.4437
2020-12-31,84037694047.3551
2021-01-01,83294083323.2064
2021-01-02,88595346035.5516
2021-01-03,112525376104.655
2021-01-04,116693162132.749
2021-01-05,125112930227.725
2021-01-06,137306782958.131
2021-01-07,139084939665.714
2021-01-08,139145700786.278
2021-01-09,147397891905.566
2021-01-10,144775179901.584
2021-01-11,124728988376.037
2021-01-12,119330774034.789
2021-01-13,128582223216.03
2021-01-14,138240285220.33
2021-01-15,133962341262.379
2021-01-16,141369013157.282
2021-01-17,142087383372.707
2021-01-18,143378258827.217
2021-01-19,157929393133.71
2021-01-20,156457140894.28
2021-01-21,130713677392.5
2021-01-22,140271927461.833
2021-01-23,140773242456.761
2021-01-24,158167202909.142
2021-01-25,151940348541.692
2021-01-26,155446593758.921
2021-01-27,141774137750.666
2021-01-28,152877389472.971
2021-01-29,158354114909.265
2021-01-30,157410718624.22
2021-01-31,150322722005.164
2021-02-01,155894407853.5
2021-02-02,174557101587.542
2021-02-03,189023794263.701
2021-02-04,183982328605.453
2021-02-05,196424150368.479
2021-02-06,192164042318.958
2021-02-07,184109385158.149
2021-02-08,198719063426.169
2021-02-09,203102939465.473
2021-02-10,199919369275.371
2021-02-11,203774834938.256
2021-02-12,210344318124.732
2021-02-13,207890872554.91
2021-02-14,207057026271.031
2021-02-15,203972439068.601
2021-02-16,204528599567.247
2021-02-17,211713928319.035
2021-02-18,221863277318.404
2021-02-19,226038410300.143
2021-02-20,221404545098.434
2021-02-21,223004310602.469
2021-02-22,204731064486.906
2021-02-23,179691686731.151
2021-02-24,185843232352.391
2021-02-25,168658293547.985
2021-02-26,167151176870.98
2021-02-27,167833687528.282
2021-02-28,163289758568.536
2021-03-01,179885012253.057
2021-03-02,172017777678.297
2021-03-03,182133382817.636
2021-03-04,177647949967.011
2021-03-05,176268279969.458
2021-03-06,191505024384.296
2021-03-07,198695961501.544
2021-03-08,211132676701.599
2021-03-09,214412034435.939
2021-03-10,207916309215.614
2021-03-11,210018342198.098
2021-03-12,203771682506.152
2021-03-13,222405459430.768
2021-03-14,215367930757.887
2021-03-15,207264868908.989
2021-03-16,207059072434.726
2021-03-17,210150824167.564
2021-03-18,205022936620.986
2021-03-19,209188785173.587
2021-03-20,209455699202.518
2021-03-21,206013222508.089
2021-03-22,195434685366.633
2021-03-23,192388701720.42
2021-03-24,183005042939.677
2021-03-25,182810172113.943
2021-03-26,195511706252.943
2021-03-27,197943394049.891
2021-03-28,194647792269.72
2021-03-29,209088522651.8
2021-03-30,212080597430.123
2021-03-31,221210690537.732
2021-04-01,227187483748.828
2021-04-02,246446284273.692
2021-04-03,233519912234.63
2021-04-04,239721240194.14
2021-04-05,242118495324.836
2021-04-06,244306254505.299
2021-04-07,229324263726.266
2021-04-08,240116470865.162
2021-04-09,238825167325.683
2021-04-10,246336623343.478
2021-04-11,247431817683.189
2021-04-12,247289165411.201
2021-04-13,265314823430.146
2021-04-14,281118122172.128
2021-04-15,290591950682.466
2021-04-16,280617563098.828
2021-04-17,271060261616.955
2021-04-18,259329079995.442
2021-04-19,251090482814.827
2021-04-20,269456185695.199
2021-04-21,274296843910.208
2021-04-22,280712855517.318
2021-04-23,273323480799.645
2021-04-24,258340689899.588
2021-04-25,266776799157.934
2021-04-26,292829223558.312
2021-04-27,306136280873.38
2021-04-28,317353332381.204
2021-04-29,318971242360.588
2021-04-30,321155845972.335
2021-05-01,340730211563.779
2021-05-02,341953594507.367
2021-05-03,398258027094.341
2021-05-04,380565712269.779
2021-05-05,409191426695.663
2021-05-06,405355930465.529
2021-05-07,404284565609.955
2021-05-08,450716254202.567
2021-05-09,455448294000.935
2021-05-10,461040789541.058
2021-05-11,481380994613.093
2021-05-12,465647015108.638
2021-05-13,431105320829.478
2021-05-14,473724804234.684
2021-05-15,425715131137.061
2021-05-16,414265118099.536
2021-05-17,381161976477.928
2021-05-18,390227141901.116
2021-05-19,295232973801.779
2021-05-20,322162621074.796
2021-05-21,279623071718.589
2021-05-22,268503273693.003
2021-05-23,244070264760.929
2021-05-24,306046123107.583
2021-05-25,312566215516.573
2021-05-26,334435114557.131
2021-05-27,319404492002.522
2021-05-28,282228507934.92
2021-05-29,268672927561.125
2021-05-30,278270782653.562
2021-05-31,314463232386.788
2021-06-01,306488816882.144
2021-06-02,315313344228.827
2021-06-03,333964598115.05
2021-06-04,312991097366.854
2021-06-05,302743417251.825
2021-06-06,315044778229.297
2021-06-07,299857516850.199
2021-06-08,294068580258.728
2021-06-09,304761367058.162
2021-06-10,289444120869.427
2021-06-11,272748408238.435
2021-06-12,278223731471.048
2021-06-13,292767118262.084
2021-06-14,300405113218.415
2021-06-15,298324322330.126
2021-06-16,274666655404.675
2021-06-17,275415199641.541
2021-06-18,260039646334.192
2021-06-19,253396709038.799
2021-06-20,261478202409.19
2021-06-21,223202708788.721
2021-06-22,216876757208.593
2021-06-23,229518675836.765
2021-06-24,231644258719.401
2021-06-25,213871849531.63
2021-06-26,209989265221.485
2021-06-27,229354016311.004
2021-06-28,243040539437.434
2021-06-29,253607549372.42
2021-06-30,265951575833.035
2021-07-01,247210647940.187
2021-07-02,250754468066.219
2021-07-03,259079167729.786
2021-07-04,271472550895.446
2021-07-05,258719784082.817
2021-07-06,270697947572.192
2021-07-07,270116728160.123
2021-07-08,248124573571.679
2021-07-09,251611015863.323
2021-07-10,247860822594.064
2021-07-11,250027222000.605
2021-07-12,238086643137.17
2021-07-13,227135827760.929
2021-07-14,232939479730.007
2021-07-15,223534356736.759
2021-07-16,218477848474.561
2021-07-17,221838551362.959
2021-07-18,222305469349.286
2021-07-19,214106247241.34
2021-07-20,209392844466.016
2021-07-21,233005814487.535
2021-07-22,236554595198.767
2021-07-23,247068794868.146
2021-07-24,255023351844.862
2021-07-25,258067996305.172
2021-07-26,261543645427.027
2021-07-27,267339757878.519
2021-07-28,268838784855.669
2021-07-29,278785893426.224
2021-07-30,287344044145.014
2021-07-31,297505707149.1
2021-08-01,297290528238.903
2021-08-02,306483554365.192
2021-08-03,294760000421.452
2021-08-04,319613239659.442
2021-08-05,330223699956.328
2021-08-06,337961452767.867
2021-08-07,368235028077.74
2021-08-08,352872000029.73
2021-08-09,363242219000.138
2021-08-10,368146417310.395
2021-08-11,371120421692.369
2021-08-12,356667351344.903
2021-08-13,387650495386.423
2021-08-14,383333523376.431
2021-08-15,387075388591.617
2021-08-16,369733082268.304
2021-08-17,354390048289.18
2021-08-18,357527359807.958
2021-08-19,360685430760.797
2021-08-20,383483277312.281
2021-08-21,378500212583.482
2021-08-22,380718215752.582
2021-08-23,389578100858.597
2021-08-24,373455291323.226
2021-08-25,378980836224.528
2021-08-26,367860898491.375
2021-08-27,383644799228.166
2021-08-28,380750077080.947
2021-08-29,378786220548.8
2021-08-30,378977088509.632
2021-08-31,403657783560.105
2021-09-01,444243407062.371
2021-09-02,444936758974.601
2021-09-03,462019852288.094
2021-09-04,456929768632.252
2021-09-05,463973074693.074
2021-09-06,463012228435.444
2021-09-07,404516339491.494
2021-09-08,413866162089.439
2021-09-09,403936419964.887
2021-09-10,376789025177.245
2021-09-11,383321475836.216
2021-09-12,402834673220.724
2021-09-13,387934440817.16
2021-09-14,402557959131.822
2021-09-15,421477522819.936
2021-09-16,419510540250.73
2021-09-17,401297385415.455
2021-09-18,403306688199.63
2021-09-19,392513622186.478
2021-09-20,348966852277.936
2021-09-21,322261202754.766
2021-09-22,359840797180.942
2021-09-23,371681653192.375
2021-09-24,349627373001.02
2021-09-25,347010586155.923
2021-09-26,359680654321.756
2021-09-27,346015184170.879
2021-09-28,330646942649.068
2021-09-29,335476370747.338
2021-09-30,355017980604.51
2021-10-01,388950236002.138
2021-10-02,399455864987.663
2021-10-03,403971441903.556
2021-10-04,400955543856.188
2021-10-05,415494260964.535
2021-10-06,423560000564.38
2021-10-07,423610266229.869
2021-10-08,419918377734.596
2021-10-09,421836191767.032
2021-10-10,404765054558.192
2021-10-11,415159189478.826
2021-10-12,412579624206.768
2021-10-13,425077639326.607
2021-10-14,447060207235.154
2021-10-15,457796523350.223
2021-10-16,453064999520.126
2021-10-17,453191180361.09
2021-10-18,443346920004.583
2021-10-19,457653555321.406
2021-10-20,491589810670.451
2021-10-21,481528471021.38
2021-10-22,471642481174.712
2021-10-23,493125402509.434
2021-10-24,482164548780.289
2021-10-25,499491060520.257
2021-10-26,489450382752.542
2021-10-27,466683206492.377
2021-10-28,505970778337.469
2021-10-29,521746545883.682
2021-10-30,511066583044.329
2021-10-31,507889381626.991
2021-11-01,511441678721.35
2021-11-02,539884557845.201
2021-11-03,543311992233.977
2021-11-04,534623910067.635
2021-11-05,531116824617.721
2021-11-06,534139628777.633
2021-11-07,546469946549.375
2021-11-08,571665766496.086
2021-11-09,560964266378.83
2021-11-10,548699344220.535
2021-11-11,560226056358.65
2021-11-12,552938385233.938
2021-11-13,551228905630.096
2021-11-14,546963335748.596
2021-11-15,541673876615.103
2021-11-16,501391963927.787
2021-11-17,507387229348.556
2021-11-18,472465696561.255
2021-11-19,509116804761.842
2021-11-20,524536655944.934
2021-11-21,514388218179.737
2021-11-22,485391988431.905
2021-11-23,515843824526.397
2021-11-24,505609296276.326
2021-11-25,535082405000.054
2021-11-26,479414339295.463
2021-11-27,483997326749.389
2021-11-28,508385171334.443
2021-11-29,527331112023.334
2021-11-30,549758919636.062
2021-12-01,544051345075.854
2021-12-02,537814995667.838
2021-12-03,502863051143.017
2021-12-04,485429065737.459
2021-12-05,497049834886.776
2021-12-06,515778007028.567
2021-12-07,511409310852.724
2021-12-08,525850414062.191
2021-12-09,494841071220.935
2021-12-10,467266449092.323
2021-12-11,484278596802.505
2021-12-12,490316653455.371
2021-12-13,449137302105.943
2021-12-14,457658155854.806
2021-12-15,476630620294.281
2021-12-16,471365651341.3
2021-12-17,462267569583.399
2021-12-18,471195598700.436
2021-12-19,467396185408.525
2021-12-20,471319155562.154
2021-12-21,480570348192.474
2021-12-22,475334762859.672
2021-12-23,488290658809.154
2021-12-24,482498690510.264
2021-12-25,488792890035.211
2021-12-26,484795501758.747
2021-12-27,481030381194.192
2021-12-28,453976220406.224
2021-12-29,432082393736.337
2021-12-30,441654436877.796
2021-12-31,439790867552.767
2022-01-01,449804685410.73
2022-01-02,456852400304.933
2022-01-03,448609586227.476
2022-01-04,454574318762.607
2022-01-05,424088794962.489
2022-01-06,407652437129.133
2022-01-07,381283293110.79
2022-01-08,369734313550.987
2022-01-09,375219467789.37
2022-01-10,367654760059.018
2022-01-11,387505881839.83
2022-01-12,402763358249.811
2022-01-13,388039946028.079
2022-01-14,394664610644.995
2022-01-15,396899234936.639
2022-01-16,400232172277.679
2022-01-17,383428420242.13
2022-01-18,377918294939.478
2022-01-19,371296193085.122
2022-01-20,360580494818.73
2022-01-21,306644499897.734
2022-01-22,286799916366.572
2022-01-23,302626363351.535
2022-01-24,292022326101.008
2022-01-25,293702336549.675
2022-01-26,295723346868.75
2022-01-27,287829476402.62
2022-01-28,304305302571.337
2022-01-29,310059710546.255
2022-01-30,311602914058.75
2022-01-31,320354563857.117
2022-02-01,334032944115.648
2022-02-02,321296521004.953
2022-02-03,317503695895.341
2022-02-04,354558118293.055
2022-02-05,361600442694.439
2022-02-06,366038313761.438
2022-02-07,376351043607.997
2022-02-08,374043919421.316
2022-02-09,387321193246.791
2022-02-10,368377710139.78
2022-02-11,350133590835.087
2022-02-12,347517755313.84
2022-02-13,345252969326.497
2022-02-14,351368910987.003
2022-02-15,381791121976.245
2022-02-16,376071884044.509
2022-02-17,345252572787.099
2022-02-18,333997569707.842
2022-02-19,330814655802.007
2022-02-20,315015971538.733
2022-02-21,308836894427.69
2022-02-22,317004525462.389
2022-02-23,310997586955.653
2022-02-24,311533514951.14
2022-02-25,333625150661.676
2022-02-26,332645349329.944
2022-02-27,314566178973.56
2022-02-28,349056335389.18
2022-03-01,355855644056.718
2022-03-02,353807222059.126
2022-03-03,340585349633.387
2022-03-04,314336377085.58
2022-03-05,319334318240.943
2022-03-06,306675297178.704
2022-03-07,299834957580.413
2022-03-08,309291567872.339
2022-03-09,327144318378.651
2022-03-10,313054369877.371
2022-03-11,307992205234.731
2022-03-12,309539252974.532
2022-03-13,302103577555.321
2022-03-14,310467033555.37
2022-03-15,314931220494.934
2022-03-16,333204590005.193
2022-03-17,338097336083.826
2022-03-18,353539105454.533
2022-03-19,353770129278.674
2022-03-20,343170506313.241
2022-03-21,347666776668.267
2022-03-22,356813271188.88
2022-03-23,363715804798.513
2022-03-24,373177111114.703
2022-03-25,373074920726.751
2022-03-26,377825418684.376
2022-03-27,394486853105.009
2022-03-28,399977979554.211
2022-03-29,408153998267.827
2022-03-30,407460530687.748
2022-03-31,394628513775.206
2022-04-01,414854897478.465
2022-04-02,413595262456.156
2022-04-03,423410516389.855
2022-04-04,423367935034.99
2022-04-05,412944890807.96
2022-04-06,382808702033.789
2022-04-07,388867320187.211
2022-04-08,382662893229.391
2022-04-09,392551461530.818
2022-04-10,388982079663.263
2022-04-11,360149250762.051
2022-04-12,365661388410.719
2022-04-13,375767680796.006
2022-04-14,363962080917.913
2022-04-15,366695398817.361
2022-04-16,369787917596.877
2022-04-17,360748880962.951
2022-04-18,368758484169.854
2022-04-19,373782979942.62
2022-04-20,370910549448.976
2022-04-21,359917773311.257
2022-04-22,357702343019.613
2022-04-23,354358143094.838
2022-04-24,352895958715.275
2022-04-25,362590296737.942
2022-04-26,338098235743.858
2022-04-27,348355348857.355
2022-04-28,353388170472.601
2022-04-29,340291788026.597
2022-04-30,330211251741.101
2022-05-01,341626180826.612
2022-05-02,345080135066.043
2022-05-03,336655132684.722
2022-05-04,355229761723.349
2022-05-05,332103738939.991
2022-05-06,325971900416.408
2022-05-07,319030900103.943
2022-05-08,304412453306.297
2022-05-09,271594796946.79
2022-05-10,283082341315.259
2022-05-11,250066823474.889
2022-05-12,238137944005.859
2022-05-13,243391440608.929
2022-05-14,249319115268.205
2022-05-15,259350256988.012
2022-05-16,244741893933.731
2022-05-17,253640825085.771
2022-05-18,232056327519.783
2022-05-19,244359004842.604
2022-05-20,237366807798.816
2022-05-21,239102942424.568
2022-05-22,247730054115.446
2022-05-23,238722810744.185
2022-05-24,239375431792.868
2022-05-25,235347664835.459
2022-05-26,219247293980.156
2022-05-27,208622909553.502
2022-05-28,217791356992.886
2022-05-29,219535934457.982
2022-05-30,241204871683.009
2022-05-31,235235428449.12
2022-06-01,221596716649.268
2022-06-02,222487488380.589
2022-06-03,214879733566.942
2022-06-04,217832477905.495
2022-06-05,218561175507.621
2022-06-06,225224111085.688
2022-06-07,220727955347.01
2022-06-08,217320792647.697
2022-06-09,216720355679.056
2022-06-10,201384347491.63
2022-06-11,185302828001.852
2022-06-12,176649606143.59
2022-06-13,146072737222.631
2022-06-14,146866764082.715
2022-06-15,148791271623.679
2022-06-16,129200159744.296
2022-06-17,132057112459.095
2022-06-18,120148911164.203
2022-06-19,136214925416.212
2022-06-20,136360308696.368
2022-06-21,136466936749.801
2022-06-22,127762640725.995
2022-06-23,138845063633.007
2022-06-24,150370804175.61
2022-06-25,150822450290.397
2022-06-26,145727702946.912
2022-06-27,144903396178.833
2022-06-28,138578887988.781
2022-06-29,133275228451.347
2022-06-30,125647331913.135
2022-07-01,128274306967.609
2022-07-02,127772810160.636
2022-07-03,128552380046.805
2022-07-04,137709680960.019
2022-07-05,135655130079.778
2022-07-06,142216914175.491
2022-07-07,148622605231.496
2022-07-08,148022842649.447
2022-07-09,145667751203.866
2022-07-10,139844141994.579
2022-07-11,131363492852.484
2022-07-12,124831295049.541
2022-07-13,132986401488.716
2022-07-14,142767764050.56
2022-07-15,147677565536.302
2022-07-16,161839496479.485
2022-07-17,161551223982.244
2022-07-18,187518878564.431
2022-07-19,184299116474.0
2022-07-20,183383314168.639
2022-07-21,188807814065.772
2022-07-22,183933879174.976
2022-07-23,185766674503.14
2022-07-24,192833875418.872
2022-07-25,176371406952.785
2022-07-26,172489862867.987
2022-07-27,195761014376.118
2022-07-28,206347207632.457
2022-07-29,210767555013.835
2022-07-30,203433082401.512
2022-07-31,201684547325.225
2022-08-01,195962280445.456
2022-08-02,197496591505.052
2022-08-03,194280005714.3
2022-08-04,192923352504.823
2022-08-05,206550599256.629
2022-08-06,203417937064.142
2022-08-07,203847481552.731
2022-08-08,213209087779.664
2022-08-09,204260348576.866
2022-08-10,222103417229.726
2022-08-11,225973452853.747
2022-08-12,235254593664.577
2022-08-13,237972056306.989
2022-08-14,232593263080.434
2022-08-15,229440415801.989
2022-08-16,225581585656.93
2022-08-17,220665870251.268
2022-08-18,222652366350.88
2022-08-19,194817731984.873
2022-08-20,189621068133.333
2022-08-21,195324471844.689
2022-08-22,193708156170.032
2022-08-23,199889229686.993
2022-08-24,199117634174.209
2022-08-25,204240810436.619
2022-08-26,181238520850.379
2022-08-27,179887478326.986
2022-08-28,173645963258.543
2022-08-29,187437853967.299
2022-08-30,184447549243.549
2022-08-31,186670000430.813
2022-09-01,191078487039.942
2022-09-02,189678877652.68
2022-09-03,187266246294.687
2022-09-04,190082046955.226
2022-09-05,194714097035.824
2022-09-06,188733785486.084
2022-09-07,196797197824.302
2022-09-08,196882691710.492
2022-09-09,206873029263.268
2022-09-10,214315849498.727
2022-09-11,211895058510.348
2022-09-12,205793007270.872
2022-09-13,189778580452.979
2022-09-14,196550513818.886
2022-09-15,177918273632.481
2022-09-16,172471655154.626
2022-09-17,177299639477.497
2022-09-18,161378107849.571
2022-09-19,166370229681.148
2022-09-20,159844149938.745
2022-09-21,151084586604.482
2022-09-22,160415097114.174
2022-09-23,160823914264.808
2022-09-24,159030822515.266
2022-09-25,156146367767.271
2022-09-26,160767471777.873
2022-09-27,160800122124.9
2022-09-28,161716193676.295
2022-09-29,161267455734.368
2022-09-30,160462955554.328
2022-10-01,158410068981.481
2022-10-02,154934842225.909
2022-10-03,159951067075.905
2022-10-04,164781680358.156
2022-10-05,163475522281.134
2022-10-06,163307579801.843
2022-10-07,160084472602.337
2022-10-08,159083423929.715
2022-10-09,159586330117.55
2022-10-10,156180434676.138
2022-10-11,154657511483.183
2022-10-12,156488571589.455
2022-10-13,155703285133.856
2022-10-14,156801885520.455
2022-10-15,154496140301.926
2022-10-16,157219790372.871
2022-10-17,160690333948.331
2022-10-18,158082173402.607
2022-10-19,154808369275.814
2022-10-20,154512893268.092
2022-10-21,156673724237.288
2022-10-22,158365108378.337
2022-10-23,164218113409.757
2022-10-24,161858058865.068
2022-10-25,176051206695.998
2022-10-26,189173389239.545
2022-10-27,182723289741.985
2022-10-28,187324850268.189
2022-10-29,195052502985.67
2022-10-30,191500820025.978
2022-10-31,189478578997.596
2022-11-01,190428736966.332
2022-11-02,183368006193.11
2022-11-03,184398997533.259
2022-11-04,198053929735.652
2022-11-05,196264485041.591
2022-11-06,189763621397.95
2022-11-07,188875473098.02
2022-11-08,160813058133.99
2022-11-09,131794377265.613
2022-11-10,156380990539.856
2022-11-11,155222424523.539
2022-11-12,151059842003.224
2022-11-13,147426038251.769
2022-11-14,149987178583.217
2022-11-15,151062413577.562
2022-11-16,146462319554.316
2022-11-17,144894942760.297
2022-11-18,146145817586.603
2022-11-19,146971097131.675
2022-11-20,137964810712.75
2022-11-21,133733639793.522
2022-11-22,137050514642.069
2022-11-23,142854533237.693
2022-11-24,145091739838.441
2022-11-25,144810246844.917
2022-11-26,145222050633.464
2022-11-27,144507830172.607
2022-11-28,141048501904.669
2022-11-29,146749281622.598
2022-11-30,156777674228.407
2022-12-01,153787135286.893
2022-12-02,155766037022.939
2022-12-03,150322759022.752
2022-12-04,154484879835.456
2022-12-05,151960138515.58
2022-12-06,153112232020.501
2022-12-07,148778387852.61
2022-12-08,154438830699.882
2022-12-09,152405570526.73
2022-12-10,152480155389.31
2022-12-11,152290250844.838
2022-12-12,153743004467.37
2022-12-13,159205793114.475
2022-12-14,157633274799.269
2022-12-15,152444818382.921
2022-12-16,140289330990.175
2022-12-17,143321475845.908
2022-12-18,143142028259.18
2022-12-19,140848456817.413
2022-12-20,146802833364.3
2022-12-21,146039250786.065
2022-12-22,146741009624.095
2022-12-23,147069822795.654
2022-12-24,147173116811.528
2022-12-25,146840669268.712
2022-12-26,147697269147.947
2022-12-27,146030514727.002
2022-12-28,143241827136.736
2022-12-29,144831301452.105
2022-12-30,144611517916.407
2022-12-31,144188788703.975
2023-01-01,144712215098.152
2023-01-02,146443084804.901
2023-01-03,146422424046.498
2023-01-04,151322902029.084
2023-01-05,150805231900.395
2023-01-06,153115414332.175
2023-01-07,152351777734.969
2023-01-08,154857941332.009
2023-01-09,159397504473.277
2023-01-10,160999220384.619
2023-01-11,167839113151.031
2023-01-12,170890542806.261
2023-01-13,174798760594.588
2023-01-14,187276048380.949
2023-01-15,186901700956.483
2023-01-16,190122961411.695
2023-01-17,188982728685.097
2023-01-18,183517931282.589
2023-01-19,186967330908.324
2023-01-20,200011161010.52
2023-01-21,195908718395.081
2023-01-22,196512572594.408
2023-01-23,196541663696.437
2023-01-24,187270576772.943
2023-01-25,194402223992.62
2023-01-26,193276131177.597
2023-01-27,192677648328.437
2023-01-28,189301295262.202
2023-01-29,198339307428.104
2023-01-30,188787565951.331
2023-01-31,191042852121.471
2023-02-01,197724834027.56
2023-02-02,198613736403.151
2023-02-03,200784153460.471
2023-02-04,201099652782.747
2023-02-05,196817854756.221
2023-02-06,194725338782.415
2023-02-07,201779050385.86
2023-02-08,199107556553.159
2023-02-09,186306817307.096
2023-02-10,182839491763.378
2023-02-11,185826666441.384
2023-02-12,182722050130.996
2023-02-13,181589830341.348
2023-02-14,187619568130.735
2023-02-15,201595282287.486
2023-02-16,198370400841.443
2023-02-17,204534589183.798
2023-02-18,203613145994.361
2023-02-19,202999098993.983
2023-02-20,204900256888.841
2023-02-21,199387951962.055
2023-02-22,198153971276.356
2023-02-23,198619189860.056
2023-02-24,193773223390.335
2023-02-25,192056375721.211
2023-02-26,197696596339.368
2023-02-27,197018105507.061
2023-02-28,193276888983.678
2023-03-01,200476156508.342
2023-03-02,198520753673.545
2023-03-03,189178795460.261
2023-03-04,189002414068.685
2023-03-05,188337456156.214
2023-03-06,188803304807.845
2023-03-07,187945419858.861
2023-03-08,185138878803.257
2023-03-09,173232609854.289
2023-03-10,172474466355.715
2023-03-11,176915178456.419
2023-03-12,190440681263.213
2023-03-13,202294154847.09
2023-03-14,205738833552.654
2023-03-15,199607487558.332
2023-03-16,202411234958.157
2023-03-17,215660560704.775
2023-03-18,213123927233.328
2023-03-19,217844457987.995
2023-03-20,209763828559.923
2023-03-21,218008486913.684
2023-03-22,210285658211.084
2023-03-23,219518418514.192
2023-03-24,212072713258.261
2023-03-25,211355889911.333
2023-03-26,214528709136.829
2023-03-27,206685090340.537
2023-03-28,213909228254.647
2023-03-29,216268184816.821
2023-03-30,216024475834.153
2023-03-31,219903281108.441
2023-04-01,219561711559.01
2023-04-02,216494189054.479
2023-04-03,218499091537.948
2023-04-04,225257854355.949
2023-04-05,230370056366.271
2023-04-06,225549620778.914
2023-04-07,224884695655.054
2023-04-08,223169245107.383
2023-04-09,224219517643.814
2023-04-10,230201702660.863
2023-04-11,227988460702.936
2023-04-12,231476399968.907
2023-04-13,242284529486.343
2023-04-14,252719453976.015
2023-04-15,251586840869.999
2023-04-16,253507799906.497
2023-04-17,247900016291.376
2023-04-18,251100187595.887
2023-04-19,231458322403.794
2023-04-20,233965107542.742
2023-04-21,222536195564.371
2023-04-22,226130094815.933
2023-04-23,224130103074.643
2023-04-24,221819334333.29
2023-04-25,225096171581.735
2023-04-26,224807445929.171
2023-04-27,229940294581.219
2023-04-28,228152292773.131
2023-04-29,229429843509.54
2023-04-30,227186562478.899
2023-05-01,220608989107.972
2023-05-02,225192198744.264
2023-05-03,229058202737.14
2023-05-04,226033834100.122
2023-05-05,239911504424.294
2023-05-06,228369002903.679
2023-05-07,228246618295.442
2023-05-08,222406833247.604
2023-05-09,222246427487.23
2023-05-10,221632027136.726
2023-05-11,216323022928.926
2023-05-12,217659652941.876
2023-05-13,216032102439.73
2023-05-14,216439514891.845
2023-05-15,218513683684.051
2023-05-16,219562064257.988
2023-05-17,219124262711.374
2023-05-18,217078808863.78
2023-05-19,218083824882.05
2023-05-20,218770214155.48
2023-05-21,217302257173.687
2023-05-22,218746186925.567
2023-05-23,222906967413.973
2023-05-24,216837950430.067
2023-05-25,217194191610.317
2023-05-26,219969209232.791
2023-05-27,220035586188.354
2023-05-28,230041639357.483
2023-05-29,227805314887.1
2023-05-30,228588229006.9
2023-05-31,225483513769.468
2023-06-01,223850958023.044
2023-06-02,229335461597.879
2023-06-03,227515751048.977
2023-06-04,227418753400.945
2023-06-05,218224817446.194
2023-06-06,226225955928.725
2023-06-07,220285044251.913
2023-06-08,222012641423.254
2023-06-09,221018802010.855
2023-06-10,210950148701.207
2023-06-11,210604043872.248
2023-06-12,209462687695.94
2023-06-13,208703993936.815
2023-06-14,198559274296.621
2023-06-15,200099209933.717
2023-06-16,206321573355.896
2023-06-17,207595972780.227
2023-06-18,206730774198.461
2023-06-19,208507638780.894
2023-06-20,215060967094.14
2023-06-21,227581626984.152
2023-06-22,225381084937.879
2023-06-23,227419416441.596
2023-06-24,225448939889.355
2023-06-25,228332438014.13
2023-06-26,223061316934.541
2023-06-27,227143144300.653
2023-06-28,219923192180.685
2023-06-29,222892015037.671
2023-06-30,232417040695.423
2023-07-01,231096044843.462
2023-07-02,232373535009.187
2023-07-03,234942840998.139
2023-07-04,233226523011.071
2023-07-05,230045605241.42
2023-07-06,223411633998.657
2023-07-07,224666147793.609
2023-07-08,224139520023.716
2023-07-09,224416034755.062
2023-07-10,225295266243.276
2023-07-11,225467256388.72
2023-07-12,225081147081.106
2023-07-13,240656450975.356
2023-07-14,232297518076.902
2023-07-15,232081207333.197
2023-07-16,230847045457.203
2023-07-17,229772643177.763
2023-07-18,227853365302.588
2023-07-19,227127167868.429
2023-07-20,227484313829.408
2023-07-21,227467577018.698
2023-07-22,223308803225.045
2023-07-23,226861079166.832
2023-07-24,222318417477.211
2023-07-25,223476900309.931
2023-07-26,224855185617.989
2023-07-27,223413249190.379
2023-07-28,225320465659.746
2023-07-29,226074318965.13
2023-07-30,223813641443.304
2023-07-31,223177200443.953
2023-08-01,225952018918.582
2023-08-02,220936460217.745
2023-08-03,220768212248.912
2023-08-04,219476177802.698
2023-08-05,220487019493.589
2023-08-06,219533986979.751
2023-08-07,219422824381.994
2023-08-08,223111331723.639
2023-08-09,222992437544.133
2023-08-10,222411268370.896
2023-08-11,222019374228.765
2023-08-12,222069758272.727
2023-08-13,220948326523.334
2023-08-14,221564238004.309
2023-08-15,219472776850.512
2023-08-16,217444475880.384
2023-08-17,201482976932.078
2023-08-18,199322878932.425
2023-08-19,200676423059.471
2023-08-20,202267391138.312
2023-08-21,200439393151.864
2023-08-22,196541301460.123
2023-08-23,201763902449.851
2023-08-24,199312028651.973
2023-08-25,198709215180.568
2023-08-26,197789939427.443
2023-08-27,199214693241.658
2023-08-28,198642500829.773
2023-08-29,207724452339.737
2023-08-30,205067943948.681
2023-08-31,197803774139.338
2023-09-01,196004320566.439
2023-09-02,196740112479.695
2023-09-03,196612298871.421
2023-09-04,195725018396.248
2023-09-05,196210323898.264
2023-09-06,196288430172.856
2023-09-07,197814700367.666
2023-09-08,196733382406.691
2023-09-09,196524550291.269
2023-09-10,194563248123.996
2023-09-11,186283839916.626
2023-09-12,191687080858.33
2023-09-13,193243620018.562
2023-09-14,195463813946.392
2023-09-15,197321595722.872
2023-09-16,196489101206.889
2023-09-17,194894815433.293
2023-09-18,196866517080.992
2023-09-19,197579394306.666
2023-09-20,195238284476.489
2023-09-21,190533550315.612
2023-09-22,191671036661.162
2023-09-23,191463785607.091
2023-09-24,190012572341.6
2023-09-25,190754565038.935
2023-09-26,191614654068.446
2023-09-27,192175393181.755
2023-09-28,198707180238.385
2023-09-29,200591326138.499
2023-09-30,200867042112.705
2023-10-01,208616290407.598
2023-10-02,200172602294.214
2023-10-03,199352909263.55
2023-10-04,198232748756.177
2023-10-05,193905617404.48
2023-10-06,197904394911.01
2023-10-07,196552291634.253
2023-10-08,196420396270.572
2023-10-09,190023356509.718
2023-10-10,188607402750.236
2023-10-11,188207961818.069
2023-10-12,184921581767.458
2023-10-13,186499171781.45
2023-10-14,187282206956.706
2023-10-15,187396158882.852
2023-10-16,192317986892.359
2023-10-17,188245637231.077
2023-10-18,188182177984.694
2023-10-19,188300682203.616
2023-10-20,192964601205.16
2023-10-21,195866648537.691
2023-10-22,197491207720.223
2023-10-23,212527885674.17
2023-10-24,214740097898.559
2023-10-25,214935538924.011
2023-10-26,216879040348.276
2023-10-27,214351226094.453
2023-10-28,213698048381.159
2023-10-29,215950565096.183
2023-10-30,217544224998.033
2023-10-31,218052557576.099
2023-11-01,222024443887.9
2023-11-02,216775540617.155
2023-11-03,220418913057.446
2023-11-04,223507407757.974
2023-11-05,227772620755.098
2023-11-06,228021051988.99
2023-11-07,226838264619.026
2023-11-08,227339109898.111
2023-11-09,255606798758.679
2023-11-10,250188481452.512
2023-11-11,246828307403.769
2023-11-12,246086372437.434
2023-11-13,248110456054.529
2023-11-14,238322049371.814
2023-11-15,247252247163.206
2023-11-16,235765269163.398
2023-11-17,235552986140.536
2023-11-18,236086751710.859
2023-11-19,242034207822.162
2023-11-20,243006229904.031
2023-11-21,233744228838.175
2023-11-22,248555178589.687
2023-11-23,247876188093.78
2023-11-24,250091072371.211
2023-11-25,250789193104.935
2023-11-26,248377596959.205
2023-11-27,243720423942.894
2023-11-28,246262800348.073
2023-11-29,244001473817.266
2023-11-30,246848217845.146
2023-12-01,250640652575.932
2023-12-02,260240551667.019
2023-12-03,263980793708.908
2023-12-04,269584983992.846
2023-12-05,275703016277.704
2023-12-06,268795534917.095
2023-12-07,283213143190.721
2023-12-08,283054038646.358
2023-12-09,281067496144.666
2023-12-10,282723216106.469
2023-12-11,267009290987.558
2023-12-12,264706953102.88
2023-12-13,271717710927.894
2023-12-14,278468385078.286
2023-12-15,267126085639.796
2023-12-16,267401843617.07
2023-12-17,264433892856.223
2023-12-18,266320508900.256
2023-12-19,261622480885.403
2023-12-20,264119934496.617
2023-12-21,268661930922.998
2023-12-22,279870641392.992
2023-12-23,278079278701.177
2023-12-24,272522653481.917
2023-12-25,273465660867.211
2023-12-26,268089393468.351
2023-12-27,285529301721.87
2023-12-28,282759891474.445
2023-12-29,275996795853.598
2023-12-30,275712397143.16
2023-12-31,274292310008.218
2024-01-01,282101525979.497
2024-01-02,282763246110.959
2024-01-03,265547288684.823
2024-01-04,273109328387.361
2024-01-05,271936377917.223
2024-01-06,269489631471.887
2024-01-07,266240104433.81
2024-01-08,280315688401.536
2024-01-09,281144258787.487
2024-01-10,310821894359.154
2024-01-11,315246203688.677
2024-01-12,302053601477.729
2024-01-13,309464480794.196
2024-01-14,298600912656.692
2024-01-15,302747945005.639
2024-01-16,311194334965.718
2024-01-17,303773198603.934
2024-01-18,296559270703.16
2024-01-19,299282759814.228
2024-01-20,296860256191.25
2024-01-21,295225509771.247
2024-01-22,277803770131.54
2024-01-23,269197026588.33
2024-01-24,268773564276.827
2024-01-25,266831912453.997
2024-01-26,272427889718.482
2024-01-27,272538684736.382
2024-01-28,271358148811.485
2024-01-29,278333996261.62
2024-01-30,281132447253.584
2024-01-31,274484617898.523
2024-02-01,276594158634.782
2024-02-02,277280144884.458
2024-02-03,275659236415.458
2024-02-04,275036393714.788
2024-02-05,276235426059.151
2024-02-06,285135262492.345
2024-02-07,291577099200.459
2024-02-08,291262614487.104
2024-02-09,299195541764.757
2024-02-10,300386801746.037
2024-02-11,300920593632.263
2024-02-12,318954602301.216
2024-02-13,317202178157.969
2024-02-14,334517950729.34
2024-02-15,339786694521.584
2024-02-16,337473828365.667
2024-02-17,335189522076.687
2024-02-18,345342293610.926
2024-02-19,353799552082.867
2024-02-20,362259530911.227
2024-02-21,358396919523.13
2024-02-22,357231363983.111
2024-02-23,351923786349.86
2024-02-24,358958857165.633
2024-02-25,374096903874.858
2024-02-26,381265474877.384
2024-02-27,389432101336.153
2024-02-28,404949329424.754
2024-02-29,403025040377.094
2024-03-01,413003335539.605
2024-03-02,411127183431.904
2024-03-03,418233465071.67
2024-03-04,436264151585.769
2024-03-05,430091528234.332
2024-03-06,458288266056.326
2024-03-07,464203366204.09
2024-03-08,467263068859.231
2024-03-09,470299637817.794
2024-03-10,466687383451.431
2024-03-11,488931556413.243
2024-03-12,477282030875.5
2024-03-13,480989408310.424
2024-03-14,465517630856.354
2024-03-15,449221029692.613
2024-03-16,422006707853.258
2024-03-17,437397993876.365
2024-03-18,423582810891.409
2024-03-19,381561860658.142
2024-03-20,422699933046.073
2024-03-21,419250201097.878
2024-03-22,398004903397.517
2024-03-23,402787267255.35
2024-03-24,415227254119.21
2024-03-25,429834400084.375
2024-03-26,430639202176.359
2024-03-27,419542828392.992
2024-03-28,427723174069.219
2024-03-29,422181197071.796
2024-03-30,420903294887.955
2024-03-31,437709753307.895
2024-04-01,421860021837.671
2024-04-02,393781420276.966
2024-04-03,398415781571.003
2024-04-04,399925086690.543
2024-04-05,399471237820.519
2024-04-06,403433979836.342
2024-04-07,414896585077.977
2024-04-08,443574943819.121
2024-04-09,421250062703.588
2024-04-10,425100745638.698
2024-04-11,421184318805.194
2024-04-12,389342347417.116
2024-04-13,363676686678.516
2024-04-14,379419782687.942
2024-04-15,372249695864.178
2024-04-16,370234131392.066
2024-04-17,358157898515.817
2024-04-18,368394773234.49
2024-04-19,368924952677.787
2024-04-20,378601475454.504
2024-04-21,377835271557.195
2024-04-22,384466906716.168
2024-04-23,392775107740.513
2024-04-24,383068563917.342
2024-04-25,385360500023.015
2024-04-26,381832436730.793
2024-04-27,397162781507.14
2024-04-28,398637824441.876
2024-04-29,392350038771.612
2024-04-30,368786372970.944
2024-05-01,364276973974.753
2024-05-02,358796765165.938
2024-05-03,373187731785.706
2024-05-04,374188248701.176
2024-05-05,376477227799.919
2024-05-06,368312963227.34
2024-05-07,362686607634.315
2024-05-08,357038251698.13
2024-05-09,364426702625.022
2024-05-10,349622946794.775
2024-05-11,349391330491.68
2024-05-12,352120009302.884
2024-05-13,354155572145.702
2024-05-14,346305956691.413
2024-05-15,365225903815.163
2024-05-16,353501038738.847
2024-05-17,371220670629.632
2024-05-18,375206332441.695
2024-05-19,368598090418.054
2024-05-20,439830728213.121
2024-05-21,455765526085.793
2024-05-22,449694006822.555
2024-05-23,451934122188.917
2024-05-24,447600344544.242
2024-05-25,450038598582.033
2024-05-26,459504483187.039
2024-05-27,467614044547.037
2024-05-28,462070810453.689
2024-05-29,452762636814.417
2024-05-30,450215609802.773
2024-05-31,452758719430.444
2024-06-01,457995091024.956
2024-06-02,454304865087.933
2024-06-03,452084974218.368
2024-06-04,458132490211.608
2024-06-05,464211497547.671
2024-06-06,458058824868.563
2024-06-07,442056588562.998
2024-06-08,442391279529.594
2024-06-09,445276601430.442
2024-06-10,440506095151.89
2024-06-11,420251663393.758
2024-06-12,427834174694.131
2024-06-13,417151499335.369
2024-06-14,418279823088.95
2024-06-15,428318893969.587
2024-06-16,434773902047.791
2024-06-17,421162133590.24
2024-06-18,424951660073.254
2024-06-19,434492651441.092
2024-06-20,429570574514.961
2024-06-21,430070452526.121
2024-06-22,427271533995.03
2024-06-23,418002114768.761
2024-06-24,402843439308.606
2024-06-25,407935619100.428
2024-06-26,404420889593.214
2024-06-27,413911406152.81
2024-06-28,405590219265.009
2024-06-29,405186539487.579
2024-06-30,412683392973.911
2024-07-01,413087026853.56
2024-07-02,410850514007.591
2024-07-03,395971730267.6
2024-07-04,369571668593.032
2024-07-05,358878418412.549
2024-07-06,368279414918.994
2024-07-07,350977454882.583
2024-07-08,362836336467.419
2024-07-09,368733224976.198
2024-07-10,372867773189.401
2024-07-11,372384838887.212
2024-07-12,376300269815.646
2024-07-13,381711250543.155
2024-07-14,391583812600.576
2024-07-15,419316550609.625
2024-07-16,414703698412.095
2024-07-17,407908628077.672
2024-07-18,412233122047.316
2024-07-19,421392010127.031
2024-07-20,423550664963.506
2024-07-21,424780865928.968
2024-07-22,413961610216.081
2024-07-23,418879212976.897
2024-07-24,401152738546.726
2024-07-25,381782355331.573
2024-07-26,394189879099.259
2024-07-27,391424161950.518
2024-07-28,393579006059.78
2024-07-29,399239444647.538
2024-07-30,393942961780.887
2024-07-31,388633791826.87
2024-08-01,385340171208.756
2024-08-02,358543505038.738
2024-08-03,349395441871.306
2024-08-04,323403607818.75
2024-08-05,291245061884.561
2024-08-06,295168597349.078
2024-08-07,282098261495.404
2024-08-08,322827381254.318
2024-08-09,312353537574.906
2024-08-10,313697482213.237
2024-08-11,307740266021.366
2024-08-12,328070186437.41
2024-08-13,325002180894.277
2024-08-14,320231285058.062
2024-08-15,309002097789.988
2024-08-16,311786461030.445
2024-08-17,314212508914.415
2024-08-18,314682052511.704
2024-08-19,317616756579.953
2024-08-20,309867213669.319
2024-08-21,316360729845.159
2024-08-22,315630604929.486
2024-08-23,332181161792.244
2024-08-24,332950073030.818
2024-08-25,330332547375.31
2024-08-26,322816645099.582
2024-08-27,295636169778.938
2024-08-28,303958449107.316
2024-08-29,304106394048.124
2024-08-30,304009556580.617
2024-08-31,302383496015.136
2024-09-01,292436067877.058
2024-09-02,304838837601.648
2024-09-03,293818299349.595
2024-09-04,294329412026.393
2024-09-05,284989115168.671
2024-09-06,267574522057.003
2024-09-07,273350308345.932
2024-09-08,276344419515.76
2024-09-09,284026097136.997
2024-09-10,287422889605.808
2024-09-11,282041230807.983
2024-09-12,284255194234.775
2024-09-13,294131761890.345
2024-09-14,290912717943.82
2024-09-15,279257769574.614
2024-09-16,276339513490.219
2024-09-17,281704536557.396
2024-09-18,283874122378.368
2024-09-19,296680606397.516
2024-09-20,307586864690.154
2024-09-21,315153052833.93
2024-09-22,310840922229.841
2024-09-23,318666137823.116
2024-09-24,319524635350.525
2024-09-25,309875035203.636
2024-09-26,316828988137.277
2024-09-27,324681649929.672
2024-09-28,322761939149.411
2024-09-29,320146112155.94
2024-09-30,312577514239.37
2024-10-01,295243912099.718
2024-10-02,284621591999.189
2024-10-03,282601960212.366
2024-10-04,290928251441.442
2024-10-05,290706276902.614
2024-10-06,293516242471.933
2024-10-07,291612805733.031
2024-10-08,294190554781.404
2024-10-09,285084590935.448
2024-10-10,286552629874.807
2024-10-11,293162664953.978
2024-10-12,298282533565.21
2024-10-13,296977636559.928
2024-10-14,316451494816.541
2024-10-15,313216116600.224
2024-10-16,314435102932.43
2024-10-17,313194633306.595
2024-10-18,318245706033.605
2024-10-19,318975355966.119
2024-10-20,330127637903.256
2024-10-21,320871813296.622
2024-10-22,315286963217.623
2024-10-23,303758669310.655
2024-10-24,305016120148.384
2024-10-25,290598017399.468
2024-10-26,298518432454.894
2024-10-27,301656245036.734
2024-10-28,308760527470.31
2024-10-29,317633905084.885
2024-10-30,320125387602.99
2024-10-31,302903644448.693
2024-11-01,302633410028.433
2024-11-02,299972542553.578
2024-11-03,296080479788.81
2024-11-04,288417039274.466
2024-11-05,291680535424.015
2024-11-06,327447580506.654
2024-11-07,348640981227.001
2024-11-08,356482981903.25
2024-11-09,376942816358.427
2024-11-10,384143201744.364
2024-11-11,407462829811.216
2024-11-12,392233485413.743
2024-11-13,384320615296.676
2024-11-14,367484509623.645
2024-11-15,372487751993.499
2024-11-16,376904025324.191
2024-11-17,370225690651.51
2024-11-18,386129534586.855
2024-11-19,374925759373.261
2024-11-20,370266265216.924
2024-11-21,405284044226.12
2024-11-22,400787854559.327
2024-11-23,408448492183.195
2024-11-24,405718851021.493
2024-11-25,411314588853.178
2024-11-26,400706261382.184
2024-11-27,441632729137.708
2024-11-28,431207272220.64
2024-11-29,433361301691.361
2024-11-30,446851521665.913
2024-12-01,446664514864.588
2024-12-02,438825980701.3
2024-12-03,436691206026.368
2024-12-04,462490222624.567
2024-12-05,457067221118.441
2024-12-06,483422504163.839
2024-12-07,481889176555.684
2024-12-08,483642898147.504
2024-12-09,446571271919.989
2024-12-10,436749626813.986
2024-12-11,461075934206.215
2024-12-12,466883095805.387
2024-12-13,470469907671.536
2024-12-14,465713274663.643
2024-12-15,477323245356.156
2024-12-16,480940541314.613
2024-12-17,467508439297.988
2024-12-18,436893612673.402
2024-12-19,413858693686.699
2024-12-20,417562064054.37
2024-12-21,401314595520.452
2024-12-22,394984656581.522
2024-12-23,411423031050.553
2024-12-24,420708095541.68
2024-12-25,421029544401.601
2024-12-26,401038436756.226
2024-12-27,400705550098.431
2024-12-28,409451576910.996
2024-12-29,404459649875.757
2024-12-30,404631151447.32
2024-12-31,401972899891.298
2025-01-01,403374380145.697
2025-01-02,415300548992.106
2025-01-03,434290507752.408
2025-01-04,441117087325.003
2025-01-05,438092711283.229
2025-01-06,444015369643.701
2025-01-07,406968109533.227
2025-01-08,400602495132.528
2025-01-09,388324291231.471
2025-01-10,394101246876.454
2025-01-11,395839071861.317
2025-01-12,393199349088.33
2025-01-13,377643507549.013
2025-01-14,388487746270.385
2025-01-15,415058425772.061
2025-01-16,398587196539.922
2025-01-17,419024911827.794
2025-01-18,398761138447.405
2025-01-19,388676714260.872
2025-01-20,393073139255.552
2025-01-21,400135429379.412
2025-01-22,390083338462.87
2025-01-23,401547418905.649
2025-01-24,398942774193.46
2025-01-25,400427749273.565
2025-01-26,390058879989.858
2025-01-27,382221069555.61
2025-01-28,370532757630.743
2025-01-29,375574817164.757
2025-01-30,391509879851.787
2025-01-31,396910231325.106
2025-02-01,376840076476.983
2025-02-02,344091054313.721
2025-02-03,346820394641.112
2025-02-04,329090090858.624
2025-02-05,335828291113.454
2025-02-06,323756512126.75
2025-02-07,315636240722.984
2025-02-08,317758860998.563
2025-02-09,317369673472.607
2025-02-10,320711545303.193
2025-02-11,313943237177.07
2025-02-12,329492522913.44
2025-02-13,322584072350.276
2025-02-14,328399065363.055
2025-02-15,324625278431.53
2025-02-16,320529173059.007
2025-02-17,330464530098.924
2025-02-18,321688672383.752
2025-02-19,327248168186.762
2025-02-20,330517520397.096
2025-02-21,320508273451.558
2025-02-22,333381856893.822
2025-02-23,340712999974.141
2025-02-24,301769340440.05
2025-02-25,301064649480.546
2025-02-26,280668025121.233
2025-02-27,277936135130.74
2025-02-28,269516471615.162
2025-03-01,266823935338.242
2025-03-02,303306117779.77
2025-03-03,259111889993.756
2025-03-04,261805780842.549
2025-03-05,270490243838.006
2025-03-06,265270135615.098
2025-03-07,257899503839.808
2025-03-08,265129957012.698
2025-03-09,243298514477.014
2025-03-10,226713493940.291
2025-03-11,232024934655.645
2025-03-12,230443739229.907
2025-03-13,224658866951.87
2025-03-14,230476916425.019
2025-03-15,233970291611.366
2025-03-16,227688957214.281
2025-03-17,232725366276.399
2025-03-18,233152161415.723
2025-03-19,248434080718.191
2025-03-20,238984217654.166
2025-03-21,236980043535.894
2025-03-22,238753335160.584
2025-03-23,241404254258.078
2025-03-24,250648654235.626
2025-03-25,249404519198.064
2025-03-26,242347645799.662
2025-03-27,241580699763.48
2025-03-28,228784244898.248
2025-03-29,220262156018.885
2025-03-30,217784813538.976
2025-03-31,219908040559.446
2025-04-01,230031614721.634
2025-04-02,216667567217.005
2025-04-03,219762279056.232
2025-04-04,218925876283.936
2025-04-05,217957146409.929
2025-04-06,190295586491.219
2025-04-07,188565143892.714
2025-04-08,177496121145.532
2025-04-09,200623016236.853
2025-04-10,183947227079.426
2025-04-11,189185664203.675
2025-04-12,198696438258.603
2025-04-13,192382635779.778
2025-04-14,195686083638.747
2025-04-15,191837036865.402
2025-04-16,190419833063.119
2025-04-17,191135638825.237
2025-04-18,191865697060.915
2025-04-19,194945047366.354
2025-04-20,191374869502.394
2025-04-21,190376888818.469
2025-04-22,212582611840.141
2025-04-23,216572719914.55
2025-04-24,213593284213.582
2025-04-25,215954892518.004
2025-04-26,219830529458.711
2025-04-27,216533502206.271
2025-04-28,217264115049.679
2025-04-29,216596941729.719
2025-04-30,216623334477.085
2025-05-01,221969602979.55
2025-05-02,222269022299.282
2025-05-03,221494950784.026
2025-05-04,218216268630.866
2025-05-05,219769896301.201
2025-05-06,219305875804.56
2025-05-07,218569578701.422
2025-05-08,264994998215.944
2025-05-09,282636716534.088
2025-05-10,312095621694.144
2025-05-11,302727255563.513
2025-05-12,300976824863.034
2025-05-13,322977150438.362
2025-05-14,314022060127.05
2025-05-15,306933361055.932
2025-05-16,307619694635.773
2025-05-17,298789831687.001
2025-05-18,296863390804.25
2025-05-19,305077067863.078
2025-05-20,304737250158.374
2025-05-21,308934701949.715
2025-05-22,320733890913.399
2025-05-23,304038733414.04
2025-05-24,305369227833.422
2025-05-25,307423642894.065
2025-05-26,309319360637.784
2025-05-27,321357595434.522
2025-05-28,323119009777.139
2025-05-29,317891224562.881
2025-05-30,304659964725.219
2025-05-31,305718505778.764
2025-06-01,306561765778.24
2025-06-02,314999579353.958
2025-06-03,313315832347.017
2025-06-04,315159803382.89
2025-06-05,292341916400.946
2025-06-06,299560106673.757
2025-06-07,304953508465.046
2025-06-08,302870081038.261
2025-06-09,324315565109.12
2025-06-10,339012253954.424
2025-06-11,334990282503.402
2025-06-12,320595535562.532
2025-06-13,311111352117.726
2025-06-14,306048481935.159
2025-06-15,307537228689.268
2025-06-16,309982828015.906
2025-06-17,303697873489.694
2025-06-18,304290652058.44
2025-06-19,304481216643.121
2025-06-20,290401843920.233
2025-06-21,273839538572.26
2025-06-22,268777741291.44
2025-06-23,292612668627.388
2025-06-24,295402538889.655
2025-06-25,291827501114.879
2025-06-26,291547094716.217
2025-06-27,292419308271.867
2025-06-28,294208600645.254
2025-06-29,302158279316.217
2025-06-30,300388851494.499
2025-07-01,290294455719.481
2025-07-02,310930535640.431
2025-07-03,312621047413.045
2025-07-04,302827514359.61
2025-07-05,304028836772.573
2025-07-06,310345645222.751
2025-07-07,307013209348.505
2025-07-08,315738597830.343
2025-07-09,335050165487.704
2025-07-10,355346738000.495
2025-07-11,357144054434.915
2025-07-12,355216449018.516
2025-07-13,359110100026.357
2025-07-14,363606274489.509
2025-07-15,378233206915.816
2025-07-16,406599729410.538
2025-07-17,420347293649.251
2025-07-18,427841866746.571
2025-07-19,433877664505.941
2025-07-20,453825859015.215
2025-07-21,454513156113.664
2025-07-22,452355960897.774
2025-07-23,438111570682.855
2025-07-24,447620332487.873
2025-07-25,449379722345.436
2025-07-26,451746443518.379
2025-07-27,466077664312.275
2025-07-28,457680388920.669
2025-07-29,457213828532.119
2025-07-30,459449027043.402
2025-07-31,446264222707.444
2025-08-01,420327732498.145
2025-08-02,410229849339.571
2025-08-03,422223994717.472
2025-08-04,448517239894.43
2025-08-05,436373875222.19
2025-08-06,444737780081.907
2025-08-07,471838906504.679
2025-08-08,484483868122.177
2025-08-09,514414914903.261
2025-08-10,513073639261.618
2025-08-11,510225780028.624
2025-08-12,556502855391.519
2025-08-13,575091067506.121
2025-08-14,551514703070.465
2025-08-15,534578587192.134
2025-08-16,534150282399.651
2025-08-17,541923097741.914
2025-08-18,520793172158.057
2025-08-19,491872355111.468
2025-08-20,523004794309.381
2025-08-21,509951239220.542
2025-08-22,582817007170.418
2025-08-23,576242312916.049
2025-08-24,577227233251.873
2025-08-25,529509245849.714
2025-08-26,555061696726.733
2025-08-27,543608856125.465
2025-08-28,543249516158.124
2025-08-29,526830870964.312
2025-08-30,527539496668.252
2025-08-31,529740073153.048
2025-09-01,519534784996.718
2025-09-02,521450862214.859
2025-09-03,537549763927.138
2025-09-04,519319443328.149
2025-09-05,519830732357.038
2025-09-06,515852185188.919
2025-09-07,519663340480.021
2025-09-08,519912892077.154
2025-09-09,520461727067.364
2025-09-10,524803924739.003
2025-09-11,538261336997.613
2025-09-12,567724477218.357
2025-09-13,563397805739.79
2025-09-14,556354045428.222
2025-09-15,545926863107.319
2025-09-16,543407922913.008
2025-09-17,554600592896.179
2025-09-18,554210013387.614
2025-09-19,539242810184.069
2025-09-20,540941822331.274
2025-09-21,537406899904.397
2025-09-22,507148578276.271
2025-09-23,503209949445.434
2025-09-24,500734284408.361
2025-09-25,466825639887.383
2025-09-26,486889364203.27
2025-09-27,485207355886.11
2025-09-28,499628731251.123
2025-09-29,508909498092.119
2025-09-30,500218841768.296
2025-10-01,524308225825.147
2025-10-02,540553843152.336
2025-10-03,545075315730.448
2025-10-04,541611848322.799
2025-10-05,545075062109.961
2025-10-06,566339901682.953
2025-10-07,537522914209.851
2025-10-08,546454608029.648
2025-10-09,527213250874.583
2025-10-10,463578765352.864
2025-10-11,453043143808.867
2025-10-12,501175375996.802
2025-10-13,512317800004.744
2025-10-14,498801738230.506
2025-10-15,480502921991.177
2025-10-16,469582926617.416
2025-10-17,462727285553.625
2025-10-18,469204461222.866
2025-10-19,480734836101.84
2025-10-20,480395580826.995
2025-10-21,467810730089.432
2025-10-22,458856134706.022
2025-10-23,465361564940.013
2025-10-24,474759372126.458
2025-10-25,477319399731.492
2025-10-26,502918445052.519
2025-10-27,497221249584.586
2025-10-28,481161348044.656
2025-10-29,470349941761.835
2025-10-30,458793317252.398
2025-10-31,464417354244.419
2025-11-01,467387016348.605
2025-11-02,471549372393.211
2025-11-03,434149656995.1
2025-11-04,397489340792.35
2025-11-05,413918683595.608
2025-11-06,399007356776.529
2025-11-07,414691375367.594
2025-11-08,410599145957.868
2025-11-09,431294295578.235
2025-11-10,430271977432.513
2025-11-11,411969837331.597
2025-11-12,411695018306.399
2025-11-13,392354946592.35
2025-11-14,376914348602.968
2025-11-15,382460593691.136
2025-11-16,374435480317.166
2025-11-17,364584346775.16
2025-11-18,375944681644.458
2025-11-19,363582387251.946
2025-11-20,342850824587.947
2025-11-21,333838550169.911
2025-11-22,334406681065.53
2025-11-23,338053142179.3
2025-11-24,357075035362.908
2025-11-25,356667974212.062
2025-11-26,365169111971.856
2025-11-27,364039549664.828
2025-11-28,366085841851.638
2025-11-29,361028197396.325
2025-11-30,361717332403.25
2025-12-01,338070271128.479
2025-12-02,362328288750.468
2025-12-03,385765592436.295
2025-12-04,378383036980.89
2025-12-05,365052689720.724
2025-12-06,366786121380.618
2025-12-07,368370755428.044
2025-12-08,377375140776.365
2025-12-09,401258190140.982
2025-12-10,401626272710.599
2025-12-11,390987823733.691
2025-12-12,372579486045.762
2025-12-13,375945831930.448
2025-12-14,369527922358.066
2025-12-15,357786162656.109
2025-12-16,357203725063.432
2025-12-17,341276921875.792
2025-12-18,340860880536.833
2025-12-19,359446094628.451
2025-12-20,359186900440.073
2025-12-21,362519624877.117
2025-12-22,362935746891.545
2025-12-23,357776430595.614
2025-12-24,355561429533.282
2025-12-25,350482502400.186
2025-12-26,353065144652.61
2025-12-27,355905880030.65
2025-12-28,355840750170.656
2025-12-29,354107974761.157
2025-12-30,358439004174.807
2025-12-31,358047402285.733
2026-01-01,362099985541.603
2026-01-02,376770956000.157
2026-01-03,377099111945.017
2026-01-04,378922486584.185
2026-01-05,389933475562.266
2026-01-06,397608381234.726
2026-01-07,381974224305.565
2026-01-08,374637574706.119
2026-01-09,372149000810.876
2026-01-10,372186920089.489
2026-01-11,376488796661.571
2026-01-12,373050228025.366
2026-01-13,400762250132.688
2026-01-14,405103415124.213
2026-01-15,400452010716.347
2026-01-16,397812097503.194
2026-01-17,399282930965.677
2026-01-18,396399594662.778
2026-01-19,384410444146.865
2026-01-20,354099948267.156
2026-01-21,359040539115.967
2026-01-22,355853612997.034
2026-01-23,356101993294.335
2026-01-24,356007725632.755
2026-01-25,339890716407.578
2026-01-26,353726198245.073
2026-01-27,364796970141.983
2026-01-28,362995505292.503
2026-01-29,340223818598.219
2026-01-30,326260413678.24
2026-01-31,294721167713.188
2026-02-01,273917533154.593
2026-02-02,282937489226.072
2026-02-03,268883359333.493
2026-02-04,259876828100.025
2026-02-05,222173472032.492
2026-02-06,248748810142.694
2026-02-07,252512585445.092
2026-02-08,253245483591.407
2026-02-09,253911548161.079
2026-02-10,243588125385.224
2026-02-11,234040160527.699
2026-02-12,234801316580.304
2026-02-13,247095469776.819
2026-02-14,251943149870.576
2026-02-15,237059805728.808
2026-02-16,241437650925.126
2026-02-17,240295806016.12
2026-02-18,235735616203.125
2026-02-19,235006669215.334
2026-02-20,237381191118.921
2026-02-21,238204433973.604
2026-02-22,235501329876.954
2026-02-23,223731652427.768
2026-02-24,223610046968.438
2026-02-25,247536737253.781
2026-02-26,244470152452.733
2026-02-27,233144085915.66
2026-02-28,237260462029.167
2026-03-01,233982481666.264
2026-03-02,245115922455.219
2026-03-03,239664309988.172
2026-03-04,256536391246.674
2026-03-05,250411621366.985
2026-03-06,239165082328.513
2026-03-07,237705413185.155
2026-03-08,234130530358.192
2026-03-09,240568829023.638
2026-03-10,245646280321.605
2026-03-11,247646084116.332
2026-03-12,250636874415.38
2026-03-13,252501564143.836
2026-03-14,253100179300.288
2026-03-15,262512054941.104
2026-03-16,283735615158.544
2026-03-17,279844075617.117
2026-03-18,266107991165.402
2026-03-19,258058898457.496
2026-03-20,259208652759.624
2026-03-21,251826217028.408
2026-03-22,247825857616.281
2026-03-23,259554597861.158
2026-03-24,260196677160.785
2026-03-25,261686587476.222
2026-03-26,248549670710.295
2026-03-27,240350263112.528
2026-03-28,240522260218.701
2026-03-29,239326397494.904
2026-03-30,244309802342.49
2026-03-31,254040532514.372
2026-04-01,258116059272.452
2026-04-02,248300421924.877
2026-04-03,247829585497.52
2026-04-04,249240961118.027
2026-04-05,254592970362.671
2026-04-06,254578699899.677
2026-04-07,270468163882.672
2026-04-08,264371759670.039
2026-04-09,264230455241.255
2026-04-10,270956686144.315
2026-04-11,275866964719.991
2026-04-12,264544626755.819
2026-04-13,286322430134.987
2026-04-14,280391279509.066
2026-04-15,284827964173.456
2026-04-16,283412286692.55
2026-04-17,292201557219.643
2026-04-18,283736558086.4
2026-04-19,273471912491.041
2026-04-20,279392380110.185
2026-04-21,280906616299.543
2026-04-22,287037182366.732
2026-04-23,281372763547.725
2026-04-24,279460269416.083
2026-04-25,279895755954.163
2026-04-26,286067495300.577
2026-04-27,277513443377.7
2026-04-28,276138338870.717
2026-04-29,272009746069.519
2026-04-30,272335661344.345
2026-05-01,276769010103.085
2026-05-02,279471189560.566
2026-05-03,280472981497.309
2026-05-04,283101054323.237
2026-05-05,286752745380.0
