run_id,rebalance_day,bull_threshold,dropped_assets,sharpe,max_dd,ann_return,final_equity
1,Mon,57,"BNB, HOOD",0.1339061700438291,-0.5313475854587438,0.0709020183107143,1.346780855344727
2,Tue,62,CRCL,0.8346414347843083,-0.32404426083438714,0.31112372346448947,3.2456188208215444
3,Mon,61,"SOL, HOOD",0.590063875964167,-0.3852815297398343,0.26015382178239355,2.731846200142752
4,Mon,58,COIN,1.0422253370757166,-0.3159672856657461,0.46845972121965285,5.3113887701491
5,Mon,61,CRCL,0.9627989860246863,-0.3240442608343874,0.3641963153640433,3.8565204337192642
6,Thu,58,"COIN, HYPE",0.9346613695859376,-0.3335774574946068,0.38150638292480865,4.073758484183529
7,Mon,63,CRCL,0.7846891982171424,-0.3240442608343872,0.2916048605019217,3.0407915208087646
8,Thu,59,"BNB, HOOD",-0.17846122638241607,-0.7212020816092333,-0.08960419380575313,0.6649796996724847
9,Wed,57,XMR,1.4440940195605307,-0.300378001939598,0.6099690217223663,7.9224728279227685
10,Mon,59,"COIN, HYPE",0.851960592911277,-0.32940288664437034,0.3422439474495502,3.593975950914543
11,Mon,62,"COIN, SOL",1.0688333010248385,-0.26997163107753297,0.45727776415438104,5.1378351135305
12,Thu,57,"HOOD, CRCL",0.8751446393126054,-0.33177807982940566,0.4328848064144639,4.774393885085064
13,Wed,61,CRCL,0.9627989860246863,-0.3240442608343874,0.3641963153640433,3.8565204337192642
14,Mon,57,HOOD,0.9310720521053205,-0.33177807982940566,0.4606681198438298,5.189988008519355
15,Wed,57,HOOD,0.9310720521053205,-0.33177807982940566,0.4606681198438298,5.189988008519355
16,Mon,60,"XMR, CRCL",1.208631154648241,-0.30037800193959796,0.4862396144077932,5.59660353972473
17,Wed,58,"HYPE, BNB",0.4371924226271749,-0.38198687791791774,0.18378380684436046,2.0818675739320986
18,Wed,62,COIN,0.9379287858287138,-0.31596728566574617,0.38302175399507865,4.093214926755734
19,Tue,61,BNB,0.36300175044798194,-0.4694018224610089,0.14589784717733445,1.807412144166231
20,Thu,60,"CRCL, HOOD",0.7001843927999438,-0.36734411046179455,0.31898993070276904,3.3311023072009758
21,Tue,62,"HOOD, SOL",0.5723003806990649,-0.38528152973983437,0.24793765134853585,2.6185995561737774
22,Tue,63,HOOD,0.6828723838076058,-0.4155908504617604,0.30337486086345433,3.163071837551765
23,Wed,60,"SOL, BNB",0.15635031693172716,-0.4270228535661005,0.07064379947708832,1.34537005679776
24,Wed,58,"XMR, CRCL",1.3337967993211264,-0.30037800193959807,0.5593389040336372,6.8952363648909145
25,Thu,58,"BNB, HOOD",-0.023905006463909088,-0.6661648366175549,-0.012286484513099993,0.9476882257395796
26,Wed,62,"COIN, XMR",1.0494494683332858,-0.2753747375417111,0.45353637742524566,5.080751720173468
27,Wed,58,COIN,1.0422253370757166,-0.3159672856657461,0.46845972121965285,5.3113887701491
28,Thu,57,HOOD,0.9310720521053205,-0.33177807982940566,0.4606681198438298,5.189988008519355
29,Mon,58,HOOD,0.7691667350574998,-0.3724282305702573,0.3750930869929676,3.9922026906705286
30,Thu,61,XMR,0.9929471535373716,-0.30037800193959807,0.3934560614579914,4.229135100767068
31,Thu,61,"COIN, HYPE",0.814853784149608,-0.34428855480092185,0.31677306925336235,3.30683794965393
32,Mon,62,CRCL,0.8346414347843083,-0.32404426083438714,0.31112372346448947,3.2456188208215444
33,Wed,63,"SOL, HYPE",0.3568598260674374,-0.25396742130153876,0.11285240074527136,1.5915665778233052
34,Thu,58,"SOL, CRCL",0.9956898599242359,-0.2539674213015388,0.37796444379756355,4.028559839054354
35,Wed,61,COIN,1.066945065033179,-0.3159672856657462,0.44122199610967083,4.896309163077191
36,Mon,63,"HOOD, CRCL",0.6227938888429144,-0.4155908504617604,0.2763741817780858,2.887997009738827
37,Tue,58,"HOOD, BNB",-0.023905006463909088,-0.6661648366175549,-0.012286484513099993,0.9476882257395796
38,Mon,61,"XMR, SOL",0.7719845039796438,-0.2957609734995282,0.2874560379525475,2.998568183787382
39,Mon,59,"BNB, SOL",0.03401899274419646,-0.4270228535661006,0.01590854727079205,1.0710042841322058
40,Tue,61,SOL,0.7884346515902263,-0.25396742130153876,0.27611195541819145,2.885419199824596
41,Thu,63,HOOD,0.6828723838076058,-0.4155908504617604,0.30337486086345433,3.163071837551765
42,Tue,58,"COIN, BNB",0.6216819247082944,-0.38555304860781087,0.27111479298896946,2.8366323524829484
43,Wed,61,"BNB, COIN",0.5617741456301442,-0.385553048607811,0.22076542156992285,2.379671192065387
44,Tue,62,"XMR, CRCL",0.8967356000511396,-0.30037800193959796,0.34632186664300635,3.641673338137702
45,Wed,60,"SOL, BNB",0.15635031693172716,-0.4270228535661005,0.07064379947708832,1.34537005679776
46,Tue,57,"SOL, COIN",1.2731351454100548,-0.2699716310775328,0.5994979928547386,7.700954188818451
47,Tue,61,SOL,0.7884346515902263,-0.25396742130153876,0.27611195541819145,2.885419199824596
48,Mon,62,BNB,0.22104715174461567,-0.4694018224610091,0.0860088861393804,1.4313221008930896
49,Mon,57,"SOL, COIN",1.2731351454100548,-0.2699716310775328,0.5994979928547386,7.700954188818451
50,Tue,59,"BNB, COIN",0.5109994624752701,-0.385553048607811,0.219516835163585,2.369111160337588
51,Tue,62,"BNB, XMR",0.44849026220870425,-0.4232034251369884,0.19477292145230218,2.1671756526378663
52,Thu,58,SOL,0.7486847229471882,-0.2539674213015388,0.29446077289270445,3.0701216100944064
53,Thu,59,"XMR, HOOD",0.47158366355302195,-0.4910364874050077,0.24671469961331893,2.607464856260291
54,Mon,62,SOL,0.6490194481470484,-0.25396742130153876,0.22281364261213987,2.397072650818569
55,Thu,62,"HOOD, SOL",0.5723003806990649,-0.38528152973983437,0.24793765134853585,2.6185995561737774
56,Tue,58,COIN,1.0422253370757166,-0.3159672856657461,0.46845972121965285,5.3113887701491
57,Thu,58,"BNB, HYPE",0.4371924226271749,-0.38198687791791774,0.18378380684436046,2.0818675739320986
58,Thu,58,XMR,1.2899699862400735,-0.30037800193959807,0.5396450141557148,6.524673157753003
59,Mon,57,SOL,0.9014665104340135,-0.2539674213015388,0.35961534144861074,3.8005522408620185
60,Tue,58,"XMR, HOOD",0.6023794223838187,-0.47381498337054007,0.3188515716530631,3.3295839185914113
61,Tue,63,"SOL, BNB",-0.10085024855610597,-0.43453098950685815,-0.04350910320333756,0.8242063632165024
62,Thu,57,"HYPE, XMR",1.1400569797968418,-0.38781468460128105,0.4673758526911216,5.294371440026291
63,Wed,60,"BNB, HOOD",0.07061047150653116,-0.5510065489386119,0.03362996765220583,1.154603582252009
64,Wed,58,COIN,1.0422253370757166,-0.3159672856657461,0.46845972121965285,5.3113887701491
65,Mon,62,"SOL, HOOD",0.5723003806990649,-0.38528152973983437,0.24793765134853585,2.6185995561737774
66,Thu,61,SOL,0.7884346515902263,-0.25396742130153876,0.27611195541819145,2.885419199824596
67,Mon,63,SOL,0.6076230608016718,-0.25396742130153876,0.20811107441936283,2.2743068994822195
68,Mon,62,XMR,0.8690709552115495,-0.30037800193959796,0.3352090864269597,3.5128247381530904
69,Mon,61,COIN,1.066945065033179,-0.3159672856657462,0.44122199610967083,4.896309163077191
70,Mon,61,XMR,0.9929471535373716,-0.30037800193959807,0.3934560614579914,4.229135100767068
71,Wed,59,CRCL,0.9662575084840186,-0.30869901576446024,0.3786448287666433,4.037212115255494
72,Wed,58,"XMR, BNB",0.6178857542038056,-0.4257980321996336,0.2955809346673588,3.08168489613613
73,Wed,60,"HOOD, SOL",0.6259758058711666,-0.3852815297398343,0.27946385839241694,2.918503728093809
74,Mon,60,SOL,0.8836114023789841,-0.25396742130153876,0.3139866650776175,3.2765330085812474
75,Tue,61,"BNB, HYPE",0.2467524094916941,-0.40019886671274724,0.09616591121772156,1.4904194195076965
76,Mon,58,"HYPE, BNB",0.4371924226271749,-0.38198687791791774,0.18378380684436046,2.0818675739320986
77,Thu,63,"COIN, CRCL",0.8403896475131049,-0.31596728566574617,0.3410625296073464,3.580247777517072
78,Mon,62,"CRCL, SOL",0.7350127872460033,-0.25396742130153876,0.2516633848013672,2.6527473005117534
79,Tue,59,SOL,0.7023649456542456,-0.26334087933300926,0.2753886621374708,2.8783180640616433
80,Tue,59,"COIN, BNB",0.5109994624752701,-0.385553048607811,0.219516835163585,2.369111160337588
81,Wed,58,"COIN, XMR",1.2850779527245855,-0.27537473754171105,0.6022310055139795,7.758306245421561
82,Wed,63,SOL,0.6076230608016718,-0.25396742130153876,0.20811107441936283,2.2743068994822195
83,Thu,63,"SOL, HOOD",0.530503725778674,-0.38528152973983454,0.2292904823515809,2.452744628354233
84,Wed,63,CRCL,0.7846891982171424,-0.3240442608343872,0.2916048605019217,3.0407915208087646
85,Wed,58,"COIN, CRCL",1.1563572695791289,-0.3159672856657461,0.5035947969728394,5.8862373412761535
86,Thu,61,SOL,0.7884346515902263,-0.25396742130153876,0.27611195541819145,2.885419199824596
87,Mon,62,COIN,0.9379287858287138,-0.31596728566574617,0.38302175399507865,4.093214926755734
88,Mon,63,"COIN, HOOD",0.7046960714755546,-0.5240553833985254,0.37961908360785457,4.049626359802489
89,Tue,60,SOL,0.8836114023789841,-0.25396742130153876,0.3139866650776175,3.2765330085812474
90,Wed,59,HYPE,0.9168321894910021,-0.3599855343573288,0.34358763377985535,3.60963891874864
91,Tue,62,CRCL,0.8346414347843083,-0.32404426083438714,0.31112372346448947,3.2456188208215444
92,Mon,59,"COIN, CRCL",1.05278415997394,-0.31596728566574617,0.45073888804980244,5.038389664531869
93,Tue,58,HOOD,0.7691667350574998,-0.3724282305702573,0.3750930869929676,3.9922026906705286
94,Tue,60,BNB,0.4425414015377015,-0.453291069200279,0.17990783201991056,2.052403876300284
95,Wed,63,"HOOD, CRCL",0.6227938888429144,-0.4155908504617604,0.2763741817780858,2.887997009738827
96,Tue,59,HOOD,0.580041466880523,-0.43820708782720164,0.27750418464859794,2.8991257657788507
97,Mon,60,HOOD,0.7606774392757399,-0.36734411046179455,0.34689211200991954,3.64838185786902
98,Thu,58,HOOD,0.7691667350574998,-0.3724282305702573,0.3750930869929676,3.9922026906705286
99,Thu,59,"HOOD, BNB",-0.17846122638241607,-0.7212020816092333,-0.08960419380575313,0.6649796996724847
100,Tue,57,XMR,1.4440940195605307,-0.300378001939598,0.6099690217223663,7.9224728279227685
101,Wed,59,HOOD,0.580041466880523,-0.43820708782720164,0.27750418464859794,2.8991257657788507
102,Wed,59,"CRCL, COIN",1.05278415997394,-0.31596728566574617,0.45073888804980244,5.038389664531869
103,Wed,57,HYPE,1.1821862970983839,-0.33505263827697734,0.4552985256872104,5.107576145750672
104,Tue,61,"SOL, HOOD",0.590063875964167,-0.3852815297398343,0.26015382178239355,2.731846200142752
105,Thu,59,"XMR, COIN",1.1858631431158144,-0.27537473754171116,0.5462003770211923,6.646272984572016
106,Mon,60,HYPE,0.7659449671436239,-0.3599855343573288,0.2792241889497886,2.916128453183558
107,Mon,62,"SOL, COIN",1.0688333010248385,-0.26997163107753297,0.45727776415438104,5.1378351135305
108,Tue,59,"SOL, CRCL",0.9389585742503583,-0.25396742130153876,0.35493442892449756,3.7440111447829576
109,Wed,61,"CRCL, SOL",0.8767951768188342,-0.25396742130153876,0.306219160339263,3.193181479320472
110,Wed,61,"CRCL, XMR",1.0210283257277364,-0.30037800193959807,0.4050536240488358,4.384257595482281
111,Wed,60,"COIN, BNB",0.6501964465110167,-0.385553048607811,0.2595160576371396,2.725842345997173
112,Tue,60,"CRCL, HOOD",0.7001843927999438,-0.36734411046179455,0.31898993070276904,3.3311023072009758
113,Tue,61,"XMR, COIN",1.1697314119821047,-0.2753747375417111,0.51303859438589,6.048612960485153
114,Mon,59,"BNB, XMR",0.5359343919891687,-0.42579803219963336,0.252653427904004,2.6618788029710787
115,Wed,60,"XMR, CRCL",1.208631154648241,-0.30037800193959796,0.4862396144077932,5.59660353972473
116,Tue,61,"HOOD, CRCL",0.6883504502324869,-0.41559085046176053,0.3104705233065206,3.2385971056449305
117,Tue,62,HYPE,0.5749354509269762,-0.37429262321647416,0.2046205321330501,2.2458858233950103
118,Wed,57,CRCL,1.230012468757629,-0.2979646391798533,0.4953614630912633,5.747431459777377
119,Wed,58,BNB,0.4424646270707063,-0.4532910692002791,0.19632279394374286,2.1794204697958537
120,Mon,57,XMR,1.4440940195605307,-0.300378001939598,0.6099690217223663,7.9224728279227685
121,Mon,60,"CRCL, COIN",1.1202294266185393,-0.3159672856657462,0.4675441790560817,5.2970114990102415
122,Tue,62,"XMR, HOOD",0.7013338154825299,-0.43486359855978485,0.34124917944396604,3.5824139742388637
123,Tue,58,HOOD,0.7691667350574998,-0.3724282305702573,0.3750930869929676,3.9922026906705286
124,Mon,63,"BNB, HOOD",0.07672874585807027,-0.5565826701533013,0.03552636347321814,1.1638385389636525
125,Thu,57,HOOD,0.9310720521053205,-0.33177807982940566,0.4606681198438298,5.189988008519355
126,Mon,60,HOOD,0.7606774392757399,-0.36734411046179455,0.34689211200991954,3.64838185786902
127,Thu,62,"HOOD, XMR",0.7013338154825299,-0.43486359855978485,0.34124917944396604,3.5824139742388637
128,Thu,63,"BNB, CRCL",0.22714848822775083,-0.46940182246100903,0.08704248388551417,1.4372520662108432
129,Thu,60,"HOOD, BNB",0.07061047150653116,-0.5510065489386119,0.03362996765220583,1.154603582252009
130,Wed,63,"CRCL, BNB",0.22714848822775083,-0.46940182246100903,0.08704248388551417,1.4372520662108432
131,Wed,60,CRCL,1.031607491759645,-0.30869901576446024,0.3921579933243011,4.212039515989498
132,Wed,58,"HYPE, HOOD",0.516458414631949,-0.5642123585496506,0.24100124591702166,2.5559272239897886
133,Mon,58,BNB,0.4424646270707063,-0.4532910692002791,0.19632279394374286,2.1794204697958537
134,Thu,62,CRCL,0.8346414347843083,-0.32404426083438714,0.31112372346448947,3.2456188208215444
135,Tue,57,"XMR, HYPE",1.1400569797968418,-0.38781468460128105,0.4673758526911216,5.294371440026291
136,Thu,60,BNB,0.4425414015377015,-0.453291069200279,0.17990783201991056,2.052403876300284
137,Thu,60,HOOD,0.7606774392757399,-0.36734411046179455,0.34689211200991954,3.64838185786902
138,Thu,60,HYPE,0.7659449671436239,-0.3599855343573288,0.2792241889497886,2.916128453183558
139,Wed,63,"HOOD, XMR",0.6525104224653117,-0.43486359855978496,0.3165921857995917,3.3048641362195537
140,Tue,60,HYPE,0.7659449671436239,-0.3599855343573288,0.2792241889497886,2.916128453183558
141,Thu,60,XMR,1.179398915105889,-0.30037800193959796,0.473971928208446,5.398586182371305
142,Wed,62,"CRCL, BNB",0.28942473188729945,-0.4694018224610091,0.11176538788420287,1.58482102966713
143,Thu,58,XMR,1.2899699862400735,-0.30037800193959807,0.5396450141557148,6.524673157753003
144,Mon,57,"BNB, XMR",0.751258973471884,-0.3991299490594805,0.36806874577674886,3.9043250375380527
145,Tue,57,"XMR, HYPE",1.1400569797968418,-0.38781468460128105,0.4673758526911216,5.294371440026291
146,Tue,60,"HYPE, XMR",0.9169169034051264,-0.38781468460128093,0.354976563421433,3.744517184213537
147,Wed,63,"HYPE, SOL",0.3568598260674374,-0.25396742130153876,0.11285240074527136,1.5915665778233052
148,Thu,57,HYPE,1.1821862970983839,-0.33505263827697734,0.4552985256872104,5.107576145750672
149,Tue,62,HOOD,0.7263106853250676,-0.4155908504617604,0.32337854482849426,3.379541416802426
150,Mon,63,BNB,0.1602034620020509,-0.46940182246100903,0.06185874283905357,1.2980460306952883
151,Tue,63,COIN,0.8889937590111731,-0.31596728566574617,0.3621165260904826,3.8310324576869923
152,Tue,58,XMR,1.2899699862400735,-0.30037800193959807,0.5396450141557148,6.524673157753003
153,Mon,61,XMR,0.9929471535373716,-0.30037800193959807,0.3934560614579914,4.229135100767068
154,Wed,63,"BNB, COIN",0.4212680981274179,-0.3855530486078109,0.16337424372214993,1.9303089170745371
155,Mon,63,HYPE,0.5258677828120756,-0.37429262321647405,0.1864679291677782,2.1024613231088765
156,Mon,61,HYPE,0.6924295054196478,-0.37429262321647405,0.2509480425428572,2.6461644797329207
157,Thu,60,SOL,0.8836114023789841,-0.25396742130153876,0.3139866650776175,3.2765330085812474
158,Tue,57,"HOOD, CRCL",0.8751446393126054,-0.33177807982940566,0.4328848064144639,4.774393885085064
159,Mon,63,HYPE,0.5258677828120756,-0.37429262321647405,0.1864679291677782,2.1024613231088765
160,Thu,62,"SOL, COIN",1.0688333010248385,-0.26997163107753297,0.45727776415438104,5.1378351135305
161,Wed,57,"HOOD, XMR",0.7463929499469156,-0.31534628967375516,0.400836577332234,4.327354549125855
162,Mon,60,"CRCL, XMR",1.208631154648241,-0.30037800193959796,0.4862396144077932,5.59660353972473
163,Tue,60,CRCL,1.031607491759645,-0.30869901576446024,0.3921579933243011,4.212039515989498
164,Wed,61,"XMR, HOOD",0.611362703343889,-0.4348635985597848,0.3023047441968265,3.151800399165657
165,Wed,59,HOOD,0.580041466880523,-0.43820708782720164,0.27750418464859794,2.8991257657788507
166,Mon,59,"BNB, XMR",0.5359343919891687,-0.42579803219963336,0.252653427904004,2.6618788029710787
167,Thu,59,XMR,1.1982524860271742,-0.30037800193959807,0.49234792092297575,5.697261295778739
168,Wed,58,"BNB, HYPE",0.4371924226271749,-0.38198687791791774,0.18378380684436046,2.0818675739320986
169,Wed,59,"COIN, CRCL",1.05278415997394,-0.31596728566574617,0.45073888804980244,5.038389664531869
170,Wed,61,COIN,1.066945065033179,-0.3159672856657462,0.44122199610967083,4.896309163077191
171,Tue,57,CRCL,1.230012468757629,-0.2979646391798533,0.4953614630912633,5.747431459777377
172,Thu,60,CRCL,1.031607491759645,-0.30869901576446024,0.3921579933243011,4.212039515989498
173,Thu,62,"XMR, SOL",0.6350203013833328,-0.2957609734995282,0.22925285492962,2.4524183523519216
174,Mon,59,XMR,1.1982524860271742,-0.30037800193959807,0.49234792092297575,5.697261295778739
175,Tue,59,"XMR, COIN",1.1858631431158144,-0.27537473754171116,0.5462003770211923,6.646272984572016
176,Wed,60,"HYPE, CRCL",0.8543126669817367,-0.3599855343573288,0.31064471740062505,3.240468497661082
177,Thu,59,"HYPE, BNB",0.3915699210796215,-0.381986877917918,0.1614150972134758,1.9162207125663968
178,Mon,62,HYPE,0.5749354509269762,-0.37429262321647416,0.2046205321330501,2.2458858233950103
179,Mon,62,BNB,0.22104715174461567,-0.4694018224610091,0.0860088861393804,1.4313221008930896
180,Tue,62,"HYPE, CRCL",0.659681570725678,-0.37429262321647416,0.23420863250615342,2.495679589186138
181,Wed,57,HYPE,1.1821862970983839,-0.33505263827697734,0.4552985256872104,5.107576145750672
182,Tue,59,HYPE,0.9168321894910021,-0.3599855343573288,0.34358763377985535,3.60963891874864
183,Mon,62,HYPE,0.5749354509269762,-0.37429262321647416,0.2046205321330501,2.2458858233950103
184,Mon,57,"CRCL, BNB",0.7994272241708662,-0.43782871220259334,0.3529939575397265,3.7207628823744705
185,Thu,57,COIN,1.1533732508766914,-0.3159672856657461,0.5228777677527818,6.221432513626887
186,Wed,60,"XMR, HYPE",0.9169169034051264,-0.38781468460128093,0.354976563421433,3.744517184213537
187,Tue,57,"HOOD, XMR",0.7463929499469156,-0.31534628967375516,0.400836577332234,4.327354549125855
188,Mon,63,XMR,0.8187552232869976,-0.300378001939598,0.3148596430937287,3.2860044202652596
189,Thu,57,BNB,0.5895181498582417,-0.43782871220259334,0.2681480868648667,2.807970660272931
190,Tue,63,"SOL, BNB",-0.10085024855610597,-0.43453098950685815,-0.04350910320333756,0.8242063632165024
191,Mon,61,"COIN, HOOD",0.6878942878604704,-0.5240553833985254,0.3723122132848784,3.957232560173557
192,Tue,63,"XMR, HOOD",0.6525104224653117,-0.43486359855978496,0.3165921857995917,3.3048641362195537
193,Wed,63,"HYPE, COIN",0.6468115064971108,-0.3442885548009218,0.24655195493253745,2.605985855386432
194,Mon,61,HOOD,0.7490445342664086,-0.41559085046176053,0.3381924833365664,3.547065756473389
195,Tue,62,HYPE,0.5749354509269762,-0.37429262321647416,0.2046205321330501,2.2458858233950103
196,Mon,58,BNB,0.4424646270707063,-0.4532910692002791,0.19632279394374286,2.1794204697958537
197,Mon,58,XMR,1.2899699862400735,-0.30037800193959807,0.5396450141557148,6.524673157753003
198,Thu,62,"HYPE, SOL",0.39843742698328505,-0.25396742130153876,0.12637500896945086,1.6773446043162206
199,Tue,59,"CRCL, XMR",1.227243418431561,-0.30037800193959807,0.5047685482387099,5.906233902278191
200,Mon,62,HYPE,0.5749354509269762,-0.37429262321647416,0.2046205321330501,2.2458858233950103
201,Tue,60,COIN,1.1715533594000436,-0.3159672856657462,0.4905838728082741,5.6680498788055464
202,Tue,62,HYPE,0.5749354509269762,-0.37429262321647416,0.2046205321330501,2.2458858233950103
203,Tue,57,BNB,0.5895181498582417,-0.43782871220259334,0.2681480868648667,2.807970660272931
204,Wed,61,"XMR, SOL",0.7719845039796438,-0.2957609734995282,0.2874560379525475,2.998568183787382
205,Thu,62,"CRCL, XMR",0.8967356000511396,-0.30037800193959796,0.34632186664300635,3.641673338137702
206,Wed,61,"XMR, SOL",0.7719845039796438,-0.2957609734995282,0.2874560379525475,2.998568183787382
207,Mon,60,"COIN, HYPE",0.8830759368693053,-0.3294028866443701,0.346030230828573,3.6382461287260988
208,Mon,57,CRCL,1.230012468757629,-0.2979646391798533,0.4953614630912633,5.747431459777377
209,Mon,63,"COIN, SOL",1.0291351889550653,-0.2699716310775329,0.43974055516556465,4.874472792151345
210,Tue,60,"HYPE, BNB",0.33120347010696505,-0.3819868779179177,0.13014336912109425,1.70187063436457
211,Thu,62,"SOL, XMR",0.6350203013833328,-0.2957609734995282,0.22925285492962,2.4524183523519216
212,Wed,60,"HYPE, CRCL",0.8543126669817367,-0.3599855343573288,0.31064471740062505,3.240468497661082
213,Mon,63,HYPE,0.5258677828120756,-0.37429262321647405,0.1864679291677782,2.1024613231088765
214,Thu,62,"HYPE, CRCL",0.659681570725678,-0.37429262321647416,0.23420863250615342,2.495679589186138
215,Thu,63,XMR,0.8187552232869976,-0.300378001939598,0.3148596430937287,3.2860044202652596
216,Mon,59,"HYPE, SOL",0.7195061238534917,-0.25396742130153876,0.25720190346825555,2.7041423700341736
217,Thu,63,CRCL,0.7846891982171424,-0.3240442608343872,0.2916048605019217,3.0407915208087646
218,Thu,60,BNB,0.4425414015377015,-0.453291069200279,0.17990783201991056,2.052403876300284
219,Wed,61,"CRCL, XMR",1.0210283257277364,-0.30037800193959807,0.4050536240488358,4.384257595482281
220,Mon,58,"COIN, BNB",0.6216819247082944,-0.38555304860781087,0.27111479298896946,2.8366323524829484
221,Wed,60,"SOL, HOOD",0.6259758058711666,-0.3852815297398343,0.27946385839241694,2.918503728093809
222,Tue,62,HYPE,0.5749354509269762,-0.37429262321647416,0.2046205321330501,2.2458858233950103
223,Mon,61,"SOL, BNB",0.0739686129494215,-0.4345309895068582,0.03303588344346986,1.1517221840707361
224,Mon,60,CRCL,1.031607491759645,-0.30869901576446024,0.3921579933243011,4.212039515989498
225,Tue,60,"COIN, CRCL",1.1202294266185393,-0.3159672856657462,0.4675441790560817,5.2970114990102415
226,Wed,60,"XMR, BNB",0.5796446640685101,-0.42579803219963347,0.25767044022273766,2.7085250935282423
227,Thu,61,XMR,0.9929471535373716,-0.30037800193959807,0.3934560614579914,4.229135100767068
228,Tue,61,HOOD,0.7490445342664086,-0.41559085046176053,0.3381924833365664,3.547065756473389
229,Mon,59,"HYPE, COIN",0.851960592911277,-0.32940288664437034,0.3422439474495502,3.593975950914543
230,Wed,63,HYPE,0.5258677828120756,-0.37429262321647405,0.1864679291677782,2.1024613231088765
231,Wed,63,"HOOD, BNB",0.07672874585807027,-0.5565826701533013,0.03552636347321814,1.1638385389636525
232,Thu,61,"HYPE, HOOD",0.4950273075386193,-0.542057205559326,0.21956227145091023,2.369494808076476
233,Thu,60,"HOOD, BNB",0.07061047150653116,-0.5510065489386119,0.03362996765220583,1.154603582252009
234,Tue,61,"BNB, XMR",0.4895599082930275,-0.4232034251369884,0.21521829634960876,2.333031540018149
235,Mon,59,"CRCL, XMR",1.227243418431561,-0.30037800193959807,0.5047685482387099,5.906233902278191
236,Thu,62,XMR,0.8690709552115495,-0.30037800193959796,0.3352090864269597,3.5128247381530904
237,Mon,58,"HOOD, SOL",0.39583132015076555,-0.39514453090592927,0.18640383292262985,2.1019677284604104
238,Thu,57,"SOL, CRCL",1.1599568661149642,-0.2539674213015388,0.44687299723190055,4.980297085991498
239,Tue,60,SOL,0.8836114023789841,-0.25396742130153876,0.3139866650776175,3.2765330085812474
240,Thu,63,"HYPE, COIN",0.6468115064971108,-0.3442885548009218,0.24655195493253745,2.605985855386432
241,Thu,62,HOOD,0.7263106853250676,-0.4155908504617604,0.32337854482849426,3.379541416802426
242,Wed,63,"HYPE, CRCL",0.6095169421827836,-0.37429262321647405,0.2156101621293256,2.3363030108112683
243,Thu,63,COIN,0.8889937590111731,-0.31596728566574617,0.3621165260904826,3.8310324576869923
244,Mon,58,"BNB, CRCL",0.6433583269516723,-0.4532910692002791,0.2767781377714913,2.8919715585795194
245,Mon,60,HOOD,0.7606774392757399,-0.36734411046179455,0.34689211200991954,3.64838185786902
246,Mon,60,CRCL,1.031607491759645,-0.30869901576446024,0.3921579933243011,4.212039515989498
247,Wed,57,HYPE,1.1821862970983839,-0.33505263827697734,0.4552985256872104,5.107576145750672
248,Mon,59,"HYPE, XMR",1.0228083380072364,-0.38781468460128105,0.40438137326774903,4.375148150474518
249,Tue,58,"COIN, CRCL",1.1563572695791289,-0.3159672856657461,0.5035947969728394,5.8862373412761535
250,Tue,58,SOL,0.7486847229471882,-0.2539674213015388,0.29446077289270445,3.0701216100944064
