momentum_weeks,bull_threshold,funding_w,momentum_w,sharpe,max_dd,ann_return,equity,calmar,traded_weeks,bull_weeks,time_in_market
7,55,0.45,0.55,1.46,-35.1,60.9,7.91,1.73,57,100,25.1
10,50,0.55,0.45,1.46,-33.7,77.7,12.16,2.31,69,118,30.4
7,50,0.45,0.55,1.42,-33.1,64.2,8.62,1.94,69,118,30.4
10,50,0.6,0.4,1.42,-35.4,75.6,11.56,2.14,69,118,30.4
7,50,0.5,0.5,1.38,-33.4,61.5,8.04,1.84,69,118,30.4
7,55,0.5,0.5,1.38,-36.6,56.8,7.06,1.55,57,100,25.1
10,55,0.55,0.45,1.35,-36.6,68.7,9.7,1.87,57,100,25.1
7,60,0.45,0.55,1.31,-27.2,48.8,5.63,1.79,38,76,16.7
10,55,0.6,0.4,1.3,-39.0,66.7,9.21,1.71,57,100,25.1
7,55,0.55,0.45,1.26,-42.3,52.7,6.3,1.24,57,100,25.1
7,55,0.6,0.4,1.26,-41.8,53.8,6.49,1.29,57,100,25.1
7,50,0.6,0.4,1.22,-38.1,55.0,6.72,1.44,69,118,30.4
7,50,0.55,0.45,1.21,-39.1,53.9,6.51,1.38,69,118,30.4
3,50,0.6,0.4,1.19,-26.8,58.5,7.4,2.18,69,118,30.4
3,55,0.6,0.4,1.19,-38.9,55.4,6.8,1.43,57,100,25.1
3,55,0.45,0.55,1.17,-27.8,50.8,5.96,1.83,57,100,25.1
3,50,0.45,0.55,1.15,-27.8,52.9,6.34,1.9,69,118,30.4
7,60,0.5,0.5,1.15,-27.3,42.3,4.63,1.55,38,76,16.7
7,60,0.55,0.45,1.13,-31.9,42.0,4.59,1.32,38,76,16.7
8,50,0.55,0.45,1.13,-38.4,51.0,6.0,1.33,69,118,30.4
3,50,0.55,0.45,1.12,-27.1,53.7,6.48,1.98,69,118,30.4
6,55,0.55,0.45,1.12,-40.5,52.2,6.2,1.29,57,100,25.1
3,55,0.55,0.45,1.11,-37.8,50.7,5.94,1.34,57,100,25.1
7,60,0.6,0.4,1.1,-31.8,41.8,4.56,1.31,38,76,16.7
8,50,0.6,0.4,1.1,-38.4,50.4,5.89,1.31,69,118,30.4
8,55,0.55,0.45,1.1,-42.6,46.8,5.3,1.1,57,100,25.1
3,50,0.5,0.5,1.09,-27.5,49.3,5.71,1.79,69,118,30.4
8,50,0.5,0.5,1.09,-33.8,50.2,5.86,1.49,69,118,30.4
6,55,0.6,0.4,1.07,-40.6,48.5,5.57,1.2,57,100,25.1
8,55,0.6,0.4,1.07,-42.6,46.2,5.2,1.08,57,100,25.1
8,60,0.55,0.45,1.06,-34.2,40.5,4.38,1.18,38,76,16.7
5,55,0.6,0.4,1.05,-40.1,47.9,5.48,1.19,57,100,25.1
6,50,0.55,0.45,1.05,-36.5,51.7,6.11,1.41,69,118,30.4
8,50,0.45,0.55,1.04,-32.1,48.5,5.58,1.51,69,118,30.4
10,60,0.55,0.45,1.04,-33.7,48.7,5.6,1.45,38,76,16.7
3,55,0.5,0.5,1.03,-32.5,44.3,4.92,1.36,57,100,25.1
8,60,0.6,0.4,1.03,-35.8,40.1,4.33,1.12,38,76,16.7
10,60,0.6,0.4,1.03,-35.4,48.3,5.54,1.37,38,76,16.7
6,60,0.55,0.45,1.02,-36.5,42.8,4.7,1.17,38,76,16.7
3,60,0.6,0.4,1.01,-26.8,43.1,4.75,1.61,38,76,16.7
3,60,0.45,0.55,1.01,-27.8,40.8,4.42,1.46,38,76,16.7
5,55,0.45,0.55,1.01,-38.7,51.8,6.14,1.34,57,100,25.1
6,50,0.6,0.4,1.0,-36.3,48.2,5.52,1.33,69,118,30.4
6,60,0.6,0.4,0.98,-36.0,39.7,4.28,1.1,38,76,16.7
8,55,0.5,0.5,0.98,-42.3,42.2,4.63,1.0,57,100,25.1
8,60,0.5,0.5,0.97,-32.1,35.6,3.76,1.11,38,76,16.7
10,50,0.45,0.55,0.97,-41.0,50.6,5.93,1.24,69,118,30.4
10,55,0.45,0.55,0.97,-37.7,48.3,5.54,1.28,57,100,25.1
5,55,0.55,0.45,0.96,-40.4,44.4,4.94,1.1,57,100,25.1
8,60,0.45,0.55,0.96,-32.1,35.6,3.75,1.11,38,76,16.7
6,55,0.5,0.5,0.95,-43.9,45.1,5.04,1.03,57,100,25.1
6,60,0.5,0.5,0.95,-35.0,39.9,4.3,1.14,38,76,16.7
3,60,0.5,0.5,0.94,-27.5,37.5,3.99,1.36,38,76,16.7
5,50,0.6,0.4,0.94,-38.9,45.4,5.09,1.17,69,118,30.4
5,50,0.45,0.55,0.94,-43.9,51.1,6.02,1.16,69,118,30.4
6,60,0.45,0.55,0.93,-35.5,37.3,3.97,1.05,38,76,16.7
8,55,0.45,0.55,0.93,-40.1,40.7,4.42,1.02,57,100,25.1
5,55,0.5,0.5,0.92,-39.2,42.1,4.61,1.08,57,100,25.1
6,55,0.45,0.55,0.92,-43.0,42.5,4.66,0.99,57,100,25.1
3,60,0.55,0.45,0.91,-27.1,37.9,4.04,1.4,38,76,16.7
10,50,0.5,0.5,0.91,-40.6,47.7,5.44,1.17,69,118,30.4
10,55,0.5,0.5,0.91,-40.0,45.1,5.04,1.13,57,100,25.1
3,65,0.6,0.4,0.89,-26.8,35.0,3.69,1.31,25,52,11.0
5,50,0.5,0.5,0.89,-43.4,43.3,4.78,1.0,69,118,30.4
6,50,0.5,0.5,0.89,-38.8,45.1,5.04,1.16,69,118,30.4
5,60,0.45,0.55,0.86,-41.7,40.2,4.34,0.96,38,76,16.7
3,65,0.45,0.55,0.85,-27.8,30.3,3.16,1.09,25,52,11.0
5,50,0.55,0.45,0.85,-39.2,41.8,4.57,1.07,69,118,30.4
10,60,0.45,0.55,0.85,-39.3,37.4,3.98,0.95,38,76,16.7
6,50,0.45,0.55,0.83,-38.0,40.9,4.44,1.07,69,118,30.4
7,65,0.45,0.55,0.83,-28.1,28.6,2.98,1.02,25,52,11.0
3,65,0.5,0.5,0.81,-27.5,29.3,3.06,1.07,25,52,11.0
5,60,0.6,0.4,0.8,-38.9,32.3,3.38,0.83,38,76,16.7
3,65,0.55,0.45,0.79,-27.1,29.9,3.12,1.1,25,52,11.0
5,60,0.5,0.5,0.79,-41.0,32.3,3.37,0.79,38,76,16.7
4,60,0.6,0.4,0.78,-32.8,31.1,3.24,0.95,38,76,16.7
4,60,0.45,0.55,0.78,-34.6,32.0,3.34,0.92,38,76,16.7
7,65,0.5,0.5,0.78,-28.4,26.3,2.76,0.93,25,52,11.0
4,50,0.6,0.4,0.77,-38.8,36.5,3.87,0.94,69,118,30.4
4,60,0.5,0.5,0.76,-34.3,30.1,3.13,0.88,38,76,16.7
10,60,0.5,0.5,0.76,-39.0,33.2,3.48,0.85,38,76,16.7
4,60,0.55,0.45,0.75,-33.3,29.8,3.11,0.9,38,76,16.7
5,60,0.55,0.45,0.72,-39.2,30.1,3.13,0.77,38,76,16.7
4,55,0.6,0.4,0.7,-42.5,31.3,3.26,0.74,57,100,25.1
8,65,0.5,0.5,0.69,-32.1,23.5,2.5,0.73,25,52,11.0
7,65,0.55,0.45,0.65,-31.9,19.9,2.2,0.62,25,52,11.0
7,65,0.6,0.4,0.65,-31.8,20.2,2.23,0.64,25,52,11.0
4,50,0.55,0.45,0.61,-39.1,28.0,2.92,0.72,69,118,30.4
4,50,0.5,0.5,0.61,-40.2,28.5,2.97,0.71,69,118,30.4
8,65,0.45,0.55,0.61,-32.1,20.5,2.25,0.64,25,52,11.0
4,55,0.55,0.45,0.58,-42.7,25.1,2.65,0.59,57,100,25.1
4,65,0.6,0.4,0.57,-32.8,20.5,2.25,0.63,25,52,11.0
10,65,0.55,0.45,0.57,-40.4,23.2,2.47,0.57,25,52,11.0
4,55,0.5,0.5,0.56,-44.8,24.7,2.61,0.55,57,100,25.1
6,65,0.5,0.5,0.56,-36.5,21.5,2.33,0.59,25,52,11.0
10,65,0.6,0.4,0.56,-41.7,23.2,2.48,0.56,25,52,11.0
4,65,0.5,0.5,0.55,-34.3,19.4,2.16,0.56,25,52,11.0
4,50,0.45,0.55,0.54,-47.8,26.5,2.78,0.55,69,118,30.4
4,65,0.55,0.45,0.54,-33.3,19.2,2.14,0.58,25,52,11.0
4,65,0.45,0.55,0.53,-34.6,18.2,2.07,0.53,25,52,11.0
6,65,0.45,0.55,0.52,-37.1,18.7,2.11,0.51,25,52,11.0
8,65,0.55,0.45,0.52,-34.2,16.5,1.94,0.48,25,52,11.0
8,65,0.6,0.4,0.51,-35.8,16.6,1.95,0.46,25,52,11.0
4,55,0.45,0.55,0.49,-51.3,22.5,2.42,0.44,57,100,25.1
6,65,0.6,0.4,0.47,-36.0,16.3,1.93,0.45,25,52,11.0
6,65,0.55,0.45,0.46,-36.5,16.1,1.91,0.44,25,52,11.0
10,65,0.5,0.5,0.46,-46.1,19.1,2.14,0.42,25,52,11.0
10,65,0.45,0.55,0.46,-46.2,18.8,2.11,0.41,25,52,11.0
5,65,0.5,0.5,0.35,-49.5,12.8,1.69,0.26,25,52,11.0
5,65,0.45,0.55,0.33,-50.1,12.1,1.64,0.24,25,52,11.0
5,65,0.6,0.4,0.28,-45.6,9.3,1.47,0.2,25,52,11.0
5,65,0.55,0.45,0.21,-46.5,6.9,1.34,0.15,25,52,11.0
